ID,Type,Name,Parent Sheet,Parent Category
T01,Sheet,Footings & Slabs,,
T01|C01,Category,CONTINUOUS CONCRETE FOOTINGS,T01,
T01|C01|S01,Subcategory,CONCRETE – <=25 MPa – CANADA,T01,T01|C01
T01|C01|S02,Subcategory,CONCRETE – 26-30 MPa,T01,T01|C01
T01|C01|S03,Subcategory,CONCRETE – 31-35 MPa – CANADA,T01,T01|C01
T01|C01|S05,Subcategory,CONCRETE – <= 2500 psi – N.AMERICA,T01,T01|C01
T01|C01|S04,Subcategory,CONCRETE – 2501-3000 psi – N.AMERICA,T01,T01|C01
T01|C01|S06,Subcategory,CONCRETE – 3001-4000 psi – N.AMERICA,T01,T01|C01
T01|C01|S07,Subcategory,CONCRETE – 4001-5000 psi – N.AMERICA,T01,T01|C01
T01|C11,Category,CONCRETE COLUMN PADS & PIERS,T01,
T01|C11|S01,Subcategory,CONCRETE – <=25 MPa – CANADA,T01,T01|C11
T01|C11|S02,Subcategory,CONCRETE – 26-30 MPa – CANADA,T01,T01|C11
T01|C11|S03,Subcategory,CONCRETE – 31-35 MPa – CANADA,T01,T01|C11
T01|C11|S05,Subcategory,CONCRETE – <= 2500 psi – N.AMERICA,T01,T01|C11
T01|C11|S04,Subcategory,CONCRETE – 2501-3000 psi – N.AMERICA,T01,T01|C11
T01|C11|S06,Subcategory,CONCRETE – 3001-4000 psi – N.AMERICA,T01,T01|C11
T01|C11|S07,Subcategory,CONCRETE – 4001-5000 psi – N.AMERICA,T01,T01|C11
T01|C03,Category,METAL PILE FOUNDATIONS,T01,
T01|C03|S01,Subcategory,STEEL HELICAL PILES,T01,T01|C03
T01|C03|S02,Subcategory,STEEL SCREW PILES,T01,T01|C03
T01|C14,Category,TIMBER PILE FOUNDATION,T01,
T01|C14|S01,Subcategory,TIMBER PILES,T01,T01|C14
T01|C06,Category,CONCRETE SLABS,T01,
T01|C06|S01,Subcategory,CONCRETE – <=25 MPa – CANADA,T01,T01|C06
T01|C06|S02,Subcategory,CONCRETE – 26-30 MPa – CANADA,T01,T01|C06
T01|C06|S03,Subcategory,CONCRETE – 31-35 MPa – CANADA,T01,T01|C06
T01|C06|S05,Subcategory,CONCRETE – <= 2500 psi – N.AMERICA,T01,T01|C06
T01|C06|S04,Subcategory,CONCRETE – 2501-3000 psi – N.AMERICA,T01,T01|C06
T01|C06|S06,Subcategory,CONCRETE – 3001-4000 psi – N.AMERICA,T01,T01|C06
T01|C06|S07,Subcategory,CONCRETE – 4001-5000 psi – N.AMERICA,T01,T01|C06
T01|C07,Category,EARTHEN FLOOR SYSTEMS,T01,
T01|C07|S01,Subcategory,EARTHEN FLOOR SYSTEMS – CLAY BINDER,T01,T01|C07
T01|C07|S02,Subcategory,EARTHEN FLOOR SYSTEMS – CLAY-LIME BINDER,T01,T01|C07
T01|C02,Category,REBAR FOR CONTINUOUS FOOTINGS,T01,
T01|C02|S01,Subcategory,STEEL REINFORCING BARS - CANADIAN BAR SIZES,T01,T01|C02
T01|C02|S02,Subcategory,STEEL REINFORCING BARS - US BAR SIZES,T01,T01|C02
T01|C12,Category,"REBAR FOR COLUMN FOOTINGS, PADS & PIERS",T01,
T01|C12|S01,Subcategory,STEEL REINFORCING BARS - CANADIAN BAR SIZES,T01,T01|C12
T01|C12|S02,Subcategory,STEEL REINFORCING BARS - US BAR SIZES,T01,T01|C12
T01|C04,Category,REBAR FOR SLABS,T01,
T01|C04|S01,Subcategory,STEEL REINFORCING BARS - CANADIAN BAR SIZES,T01,T01|C04
T01|C04|S02,Subcategory,STEEL REINFORCING BARS - US BAR SIZES,T01,T01|C04
T01|C05,Category,REINFORCING MESH FOR SLAB,T01,
T01|C05|S01,Subcategory,WELDED/WOVEN WIRE MESH,T01,T01|C05
T01|C08,Category,SUB-SLAB INSULATION,T01,
T01|C08|S01,Subcategory,EPS FOAM BOARD,T01,T01|C08
T01|C08|S07,Subcategory,EPS FOAM BOARD WITH GRAPHITE,T01,T01|C08
T01|C08|S02,Subcategory,XPS FOAM BOARD (LEGACY FORMULAS),T01,T01|C08
T01|C08|S09,Subcategory,XPS FOAM BOARD (REDUCED GWP),T01,T01|C08
T01|C08|S08,Subcategory,XPS FOAM BOARD,T01,T01|C08
T01|C08|S03,Subcategory,MINERAL WOOL BOARD,T01,T01|C08
T01|C08|S04,Subcategory,LIGHT WEIGHT AGGREGATE,T01,T01|C08
T01|C08|S05,Subcategory,FOAM GLASS BOARD,T01,T01|C08
T01|C08|S06,Subcategory,CORK BOARD,T01,T01|C08
T01|C15,Category,BARRIERS AND MEMBRANES,T01,
T01|C15|S01,Subcategory,SHEET BARRIER,T01,T01|C15
T01|C15|S02,Subcategory,LIQUID APPLIED BARRIER,T01,T01|C15
T01|C09,Category,BASEMENT FLOORING,T01,
T01|C09|S05,Subcategory,LAMINATE FLOORING,T01,T01|C09
T01|C09|S07,Subcategory,CARPET,T01,T01|C09
T01|C09|S12,Subcategory,RUBBER FLOORING,T01,T01|C09
T01|C09|S01,Subcategory,HARDWOOD FLOORING,T01,T01|C09
T01|C09|S15,Subcategory,ENGINEERED WOOD FLOORING,T01,T01|C09
T01|C09|S03,Subcategory,CERAMIC TILE FLOORING,T01,T01|C09
T01|C09|S17,Subcategory,NATURAL STONE FLOORING,T01,T01|C09
T01|C09|S04,Subcategory,VINYL FLOORING,T01,T01|C09
T01|C09|S08,Subcategory,STONE PLASTIC COMPOSITE FLOORING,T01,T01|C09
T01|C09|S10,Subcategory,LINOLEUM FLOORING – LIQUID APPLIED,T01,T01|C09
T01|C09|S02,Subcategory,LINOLEUM FLOORING – 2.5 mm SHEET,T01,T01|C09
T01|C09|S09,Subcategory,LINOLEUM FLOORING – 4.0 mm SHEET,T01,T01|C09
T01|C09|S06,Subcategory,CORK FLOORING,T01,T01|C09
T01|C09|S18,Subcategory,HEMPWOOD FLOORING,T01,T01|C09
T01|C09|S11,Subcategory,BAMBOO FLOORING,T01,T01|C09
T01|C10,Category,AGGREGATE BASE,T01,
T01|C10|S01,Subcategory,CRUSHED STONE,T01,T01|C10
T01|CAM,Category,ADDITIONAL MATERIALS,T01,
T01|CAM|SLE,Subcategory,MATERIALS BY LENGTH,T01,T01|CAM
T01|CAM|SAR,Subcategory,MATERIALS BY AREA,T01,T01|CAM
T01|CAM|SRV,Subcategory,MATERIALS BY R-VALUE & AREA,T01,T01|CAM
T01|CAM|SVO,Subcategory,MATERIALS BY VOLUME,T01,T01|CAM
T01|CEP,Category,ADD CUSTOM EPD VALUE,T01,
T02,Sheet,Foundation Walls,,
T02|C01,Category,CONCRETE FOUNDATION WALLS,T02,
T02|C01|S01,Subcategory,CONCRETE – <=25 MPA – CANADA,T02,T02|C01
T02|C01|S02,Subcategory,CONCRETE – 26-30 MPA – CANADA,T02,T02|C01
T02|C01|S03,Subcategory,CONCRETE – 31-35 MPA – CANADA,T02,T02|C01
T02|C01|S04,Subcategory,CONCRETE – <= 2500 PSI – N.AMERICA,T02,T02|C01
T02|C01|S05,Subcategory,CONCRETE – 2501-3000 PSI – N.AMERICA,T02,T02|C01
T02|C01|S06,Subcategory,CONCRETE – 3001-4000 psi – N.AMERICA,T02,T02|C01
T02|C01|S07,Subcategory,CONCRETE – 4001-5000 psi – N.AMERICA,T02,T02|C01
T02|C02,Category,REBAR FOR FOUNDATION WALLS,T02,
T02|C02|S01,Subcategory,STEEL REINFORCING BARS - CANADIAN BAR SIZES,T02,T02|C02
T02|C02|S02,Subcategory,STEEL REINFORCING BARS - US BAR SIZES,T02,T02|C02
T02|C03,Category,CONCRETE MASONRY UNIT (CMU) WALLS,T02,
T02|C03|S02,Subcategory,CMU – LIGHT WEIGHT,T02,T02|C03
T02|C03|S01,Subcategory,CMU – NORMAL WEIGHT,T02,T02|C03
T02|C13,Category,EARTHEN MASONRY UNITS,T02,
T02|C13|S01,Subcategory,COMPRESSED EARTH BLOCKS,T02,T02|C13
T02|C04,Category,CONCRETE FILL FOR CMU WALL,T02,
T02|C04|S01,Subcategory,CONCRETE – <=25 MPA – CANADA,T02,T02|C04
T02|C04|S02,Subcategory,CONCRETE – 26-30 MPA – CANADA,T02,T02|C04
T02|C04|S03,Subcategory,CONCRETE – 31-35 MPA – CANADA,T02,T02|C04
T02|C04|S04,Subcategory,CONCRETE – <= 2500 PSI – N.AMERICA,T02,T02|C04
T02|C04|S05,Subcategory,CONCRETE – <= 2500 PSI – N.AMERICA,T02,T02|C04
T02|C04|S06,Subcategory,CONCRETE – 3001-4000 psi – N.AMERICA,T02,T02|C04
T02|C04|S07,Subcategory,CONCRETE – 4001-5000 psi – N.AMERICA,T02,T02|C04
T02|C05,Category,TREATED WOOD FOUNDATION,T02,
T02|C05|S00,Subcategory,TREATED WOOD FOUNDATION,T02,T02|C05
T02|C06,Category,EPS FOAM ICF WALLS,T02,
T02|C06|S01,Step,(STEP 1) EPS FOAM ICF – HOLLOW SHELL,T02,T02|C06
T02|C06|S02,Step,(STEP 2) EPS FOAM ICF – CONCRETE FILL,T02,T02|C06
T02|C06|S03,Subcategory,CONCRETE – <=25 MPA – CANADA,T02,T02|C06
T02|C06|S04,Subcategory,CONCRETE – 26-30 MPA – CANADA,T02,T02|C06
T02|C06|S05,Subcategory,CONCRETE – 31-35 MPA – CANADA,T02,T02|C06
T02|C06|S06,Subcategory,CONCRETE – <= 2500 PSI – N.AMERICA,T02,T02|C06
T02|C06|S07,Subcategory,CONCRETE – 2501-3000 PSI – N.AMERICA,T02,T02|C06
T02|C06|S08,Subcategory,CONCRETE – 3001-4000 psi – N.AMERICA,T02,T02|C06
T02|C06|S09,Subcategory,CONCRETE – 4001-5000 psi – N.AMERICA,T02,T02|C06
T02|C07,Category,WOOD CHIP CEMENT ICF WALLS,T02,
T02|C07|S01,Step,(STEP 1) WOOD CHIP CEMENT ICF – HOLLOW SHELL,T02,T02|C07
T02|C07|S02,Step,(STEP 2) WOOD CHIP CEMENT ICF – CONCRETE FILL,T02,T02|C07
T02|C07|S03,Subcategory,CONCRETE – <=25 MPA – CANADA,T02,T02|C07
T02|C07|S04,Subcategory,CONCRETE – 26-30 MPA – CANADA,T02,T02|C07
T02|C07|S05,Subcategory,CONCRETE – 31-35 MPA – CANADA,T02,T02|C07
T02|C07|S06,Subcategory,CONCRETE – <= 2500 PSI – N.AMERICA,T02,T02|C07
T02|C07|S07,Subcategory,CONCRETE – 2501-3000 PSI – N.AMERICA,T02,T02|C07
T02|C07|S08,Subcategory,CONCRETE – 3001-4000 psi – N.AMERICA,T02,T02|C07
T02|C07|S09,Subcategory,CONCRETE – 4001-5000 psi – N.AMERICA,T02,T02|C07
T02|C08,Category,LIGHT WOOD FRAME WALLS,T02,
T02|C08|S01,Subcategory,FRAMING LUMBER – SPRUCE-PINE-FIR,T02,T02|C08
T02|C09,Category,LIGHT STEEL FRAME WALLS,T02,
T02|C09|S01,Subcategory,LIGHT STEEL FRAMING – 16 GAUGE (2X6),T02,T02|C09
T02|C09|S02,Subcategory,LIGHT STEEL FRAMING – 20 GAUGE (2X4),T02,T02|C09
T02|C10,Category,CONTINUOUS INSULATION,T02,
T02|C10|S01,Subcategory,XPS FOAM BOARD (LEGACY FORMULAS),T02,T02|C10
T02|C10|S02,Subcategory,XPS FOAM BOARD (REDUCED GWP),T02,T02|C10
T02|C10|S03,Subcategory,SPRAY POLYURETHANE FOAM – HIGH DENSITY,T02,T02|C10
T02|C10|S04,Subcategory,SPRAY POLYURETHANE FOAM – CLOSED CELL,T02,T02|C10
T02|C10|S05,Subcategory,XPS FOAM BOARD,T02,T02|C10
T02|C10|S06,Subcategory,MINERAL WOOL BOARD,T02,T02|C10
T02|C10|S07,Subcategory,HIGH R-VALUE CONTINUOUS INSULATION,T02,T02|C10
T02|C10|S08,Subcategory,EPS FOAM BOARD,T02,T02|C10
T02|C10|S09,Subcategory,EPS FOAM BOARD WITH GRAPHITE,T02,T02|C10
T02|C10|S10,Subcategory,POLYISOCYANURATE FOAM BOARD,T02,T02|C10
T02|C10|S11,Subcategory,CORK BOARD,T02,T02|C10
T02|C10|S15,Subcategory,FIBERGLASS BOARD,T02,T02|C10
T02|C11,Category,CAVITY INSULATION,T02,
T02|C11|S01,Subcategory,HIGH R-VALUE INSULATION,T02,T02|C11
T02|C11|S02,Subcategory,SPRAY POLYURETHANE FOAM – HIGH DENSITY,T02,T02|C11
T02|C11|S03,Subcategory,SPRAY POLYURETHANE FOAM – CLOSED CELL,T02,T02|C11
T02|C11|S04,Subcategory,SPRAY POLYURETHANE FOAM – OPEN CELL,T02,T02|C11
T04|C11|S15,Subcategory,CEMENTITIOUS FOAM INSULATION,T02,T02|C11
T02|C11|S05,Subcategory,SHEEP WOOL INSULATION,T02,T02|C11
T02|C11|S06,Subcategory,MINERAL WOOL BATT INSULATION,T02,T02|C11
T02|C11|S07,Subcategory,MINERAL WOOL LOOSE FILL INSULATION,T02,T02|C11
T02|C11|S08,Subcategory,FIBERGLASS LOOSE FILL INSULATION,T02,T02|C11
T02|C11|S09,Subcategory,FIBERGLASS BATT INSULATION,T02,T02|C11
T02|C11|S10,Subcategory,HEMP FIBER WOOL INSULATION,T02,T02|C11
T02|C11|S11,Subcategory,CELLULOSE INSULATION,T02,T02|C11
T02|C11|S12,Subcategory,WOOD FIBER INSULATION,T02,T02|C11
T02|C11|S13,Subcategory,HEMPCRETE INSULATION,T02,T02|C11
T02|C11|S14,Subcategory,STRAW BALE INSULATION,T02,T02|C11
T02|C11|S16,Subcategory,GRASS INSULATION,T02,T02|C11
T02|C15,Category,BARRIERS AND MEMBRANES,T02,
T02|C15|S01,Subcategory,SHEET BARRIER,T02,T02|C15
T02|C15|S02,Subcategory,LIQUID APPLIED BARRIER,T02,T02|C15
T02|C15|S03,Subcategory,SELF-ADHERED BARRIER,T02,T02|C15
T02|C12,Category,INTERIOR WALL CLADDING,T02,
T02|C12|S01,Subcategory,"DRYWALL – 1/2""",T02,T02|C12
T02|C12|S02,Subcategory,"DRYWALL – 1/2"" TYPE C",T02,T02|C12
T02|C12|S03,Subcategory,"DRYWALL – 5/8"" TYPE X",T02,T02|C12
T02|C12|S08,Subcategory,"DRYWALL – 5/8"" TYPE C",T02,T02|C12
T02|C12|S04,Subcategory,MAGNESIUM OXIDE BOARD,T02,T02|C12
T02|C12|S05,Subcategory,BIO-BASED CLADDING,T02,T02|C12
T02|C12|S06,Subcategory,INTERIOR PLASTER,T02,T02|C12
T02|CAM,Category,ADDITIONAL MATERIALS,T02,
T02|CAM|SLE,Subcategory,MATERIALS BY LENGTH,T02,T02|CAM
T02|CAM|SAR,Subcategory,MATERIALS BY AREA,T02,T02|CAM
T02|CAM|SRV,Subcategory,MATERIALS BY R-VALUE & AREA,T02,T02|CAM
T02|CAM|SVO,Subcategory,MATERIALS BY VOLUME,T02,T02|CAM
T02|CEP,Category,ADD CUSTOM EPD VALUE,T02,
T03,Sheet,Structural Elements,,
T03|C01,Category,STRUCTURAL TIMBER,T03,
T03|C01|S01,Subcategory,STRUCTURAL COMPOSITE LUMBER,T03,T03|C01
T03|C01|S02,Subcategory,TIMBER FRAMING LUMBER,T03,T03|C01
T03|C01|S03,Subcategory,STRUCTURAL COMPOSITE BAMBOO,T03,T03|C01
T03|C02,Category,STRUCTURAL STEEL – WIDE FLANGE BEAMS,T03,
T03|C02|S01,Subcategory,WIDE FLANGE – W150 (US W6),T03,T03|C02
T03|C02|S02,Subcategory,WIDE FLANGE – W200 (US W8),T03,T03|C02
T03|C02|S03,Subcategory,WIDE FLANGE – W250 (US W10),T03,T03|C02
T03|C02|S04,Subcategory,WIDE FLANGE – W310 (US W12),T03,T03|C02
T03|C02|S05,Subcategory,WIDE FLANGE – W360 (US W14),T03,T03|C02
T03|C02|S06,Subcategory,WIDE FLANGE – W410 (US W16),T03,T03|C02
T03|C02|S07,Subcategory,WIDE FLANGE – W530 (US W21),T03,T03|C02
T03|C03,Category,STRUCTURAL STEEL – OTHER SECTION SHAPES,T03,
T03|C03|S01,Subcategory,STEEL – SQUARE HSS,T03,T03|C03
T03|C03|S02,Subcategory,STEEL – RECTANGULAR,T03,T03|C03
T03|C03|S03,Subcategory,STEEL – ANGLE,T03,T03|C03
T03|C04,Category,STRUCTURAL STEEL POSTS,T03,
T03|C04|S01,Subcategory,STEEL POST,T03,T03|C04
T03|CAM,Category,ADDITIONAL MATERIALS,T03,
T03|CAM|SLE,Subcategory,MATERIALS BY LENGTH,T03,T03|CAM
T03|CAM|SAR,Subcategory,MATERIALS BY AREA,T03,T03|CAM
T03|CAM|SRV,Subcategory,MATERIALS BY R-VALUE & AREA,T03,T03|CAM
T03|CAM|SVO,Subcategory,MATERIALS BY VOLUME,T03,T03|CAM
T03|CEP,Category,ADD CUSTOM EPD VALUE,T03,
T04,Sheet,Exterior Walls,,
T04|C01,Category,LIGHT STEEL FRAME WALLS,T04,
T04|C01|S01,Subcategory,LIGHT STEEL FRAMING – 16 GAUGE (2X6),T04,T04|C01
T04|C01|S02,Subcategory,LIGHT STEEL FRAMING – 20 GAUGE (2X4),T04,T04|C01
T04|C02,Category,LIGHT WOOD FRAME WALLS,T04,
T04|C02|S01,Subcategory,FRAMING LUMBER – SPRUCE-PINE-FIR,T04,T04|C02
T04|C03,Category,WOOD I-JOIST (TJI) STUD FRAMING,T04,
T04|C03|S00,Subcategory,WOOD I-JOIST (TJI) STUD FRAMING,T04,T04|C03
T04|C15,Category,PROTECTIVE INSULATED STRUCTURAL SHEATHING,T04,
T04|C15|S01,Subcategory,INSULATED SHEATHING & BARRIER SYSTEM,T04,T04|C15
T04|C04,Category,STRUCTURAL SHEATHING,T04,
T04|C04|S01,Subcategory,GYPSUM PANELS,T04,T04|C04
T04|C04|S06,Subcategory,OSB SHEATHING & BARRIER SYSTEM,T04,T04|C04
T04|C04|S02,Subcategory,ORIENTED STRAND BOARD (OSB),T04,T04|C04
T04|C04|S03,Subcategory,PLYWOOD,T04,T04|C04
T04|C04|S04,Subcategory,WOOD BOARDS,T04,T04|C04
T04|C04|S05,Subcategory,COMPOSITE PANELS,T04,T04|C04
T04|C16,Category,BARRIERS AND MEMBRANES,T04,
T04|C16|S01,Subcategory,SHEET BARRIER PERMEABLE,T04,T04|C16
T04|C16|S04,Subcategory,SHEET BARRIER MOISTURE-VARIABLE,T04,T04|C16
T04|C16|S05,Subcategory,SHEET BARRIER NON-PERMEABLE,T04,T04|C16
T04|C16|S02,Subcategory,LIQUID APPLIED BARRIER,T04,T04|C16
T04|C16|S03,Subcategory,ADHESIVE BARRIER,T04,T04|C16
T04|C05,Category,CAVITY INSULATION,T04,
T04|C05|S01,Subcategory,HIGH R-VALUE CAVITY INSULATION,T04,T04|C05
T04|C05|S02,Subcategory,SPRAY POLYURETHANE FOAM – HIGH DENSITY,T04,T04|C05
T04|C05|S03,Subcategory,SPRAY POLYURETHANE FOAM – CLOSED CELL,T04,T04|C05
T04|C05|S04,Subcategory,SPRAY POLYURETHANE FOAM – OPEN CELL,T04,T04|C05
T04|C05|S05,Subcategory,SHEEP WOOL INSULATION,T04,T04|C05
T04|C05|S06,Subcategory,MINERAL WOOL BATT INSULATION,T04,T04|C05
T04|C05|S07,Subcategory,MINERAL WOOL LOOSE FILL INSULATION,T04,T04|C05
T04|C05|S08,Subcategory,FIBERGLASS LOOSE FILL INSULATION,T04,T04|C05
T04|C05|S09,Subcategory,FIBERGLASS BATT INSULATION,T04,T04|C05
T04|C05|S10,Subcategory,HEMP FIBER WOOL INSULATION,T04,T04|C05
T04|C05|S11,Subcategory,CELLULOSE INSULATION,T04,T04|C05
T04|C05|S12,Subcategory,WOOD FIBER INSULATION,T04,T04|C05
T04|C05|S13,Subcategory,HEMPCRETE INSULATION,T04,T04|C05
T04|C05|S14,Subcategory,STRAW BALE INSULATION,T04,T04|C05
T04|C05|S15,Subcategory,CEMENTITIOUS FOAM INSULATION,T04,T04|C05
T04|C05|S16,Subcategory,GRASS INSULATION,T04,T04|C05
T04|C06,Category,CONTINUOUS INSULATION,T04,
T04|C06|S01,Subcategory,XPS FOAM BOARD (LEGACY FORMULAS),T04,T04|C06
T04|C06|S02,Subcategory,XPS FOAM BOARD (REDUCED GWP),T04,T04|C06
T04|C06|S03,Subcategory,SPRAY POLYURETHANE FOAM – HIGH DENSITY,T04,T04|C06
T04|C06|S04,Subcategory,SPRAY POLYURETHANE FOAM – CLOSED CELL,T04,T04|C06
T04|C06|S05,Subcategory,XPS FOAM BOARD,T04,T04|C06
T04|C06|S06,Subcategory,MINERAL WOOL BOARD,T04,T04|C06
T04|C06|S07,Subcategory,HIGH R-VALUE CONTINUOUS INSULATION,T04,T04|C06
T04|C06|S08,Subcategory,EPS FOAM BOARD,T04,T04|C06
T04|C06|S09,Subcategory,EPS FOAM BOARD WITH GRAPHITE,T04,T04|C06
T04|C06|S10,Subcategory,POLYISOCYANURATE FOAM BOARD,T04,T04|C06
T04|C06|S11,Subcategory,CORK BOARD,T04,T04|C06
T04|C06|S12,Subcategory,WOOD FIBER BOARD,T04,T04|C06
T04|C06|S13,Subcategory,STRAW BOARD,T04,T04|C06
T04|C06|S14,Subcategory,HEMPCRETE BLOCK,T04,T04|C06
T04|C06|S15,Subcategory,FIBERGLASS BOARD,T04,T04|C06
T04|C07,Category,LAMINATED TIMBER PANEL WALLS,T04,
T04|C07|S01,Subcategory,CROSS LAMINATED TIMBER (CLT),T04,T04|C07
T04|C07|S02,Subcategory,DOWEL LAMINATED TIMBER (DLT),T04,T04|C07
T04|C08,Category,CONCRETE MASONRY UNIT (CMU) WALLS,T04,
T04|C08|S01,Subcategory,CMU – NORMAL WEIGHT,T04,T04|C08
T04|C08|S02,Subcategory,CMU – LIGHT WEIGHT,T04,T04|C08
T04|C09,Category,CONCRETE FILL FOR CMU WALL,T04,
T04|C09|S01,Subcategory,CONCRETE – <=25 MPA – CANADA,T04,T04|C09
T04|C09|S02,Subcategory,CONCRETE – 26-30 MPA – CANADA,T04,T04|C09
T04|C09|S03,Subcategory,CONCRETE – 31-35 MPA – CANADA,T04,T04|C09
T04|C09|S04,Subcategory,CONCRETE – <= 2500 PSI – N.AMERICA,T04,T04|C09
T04|C09|S05,Subcategory,CONCRETE – <= 2500 PSI – N.AMERICA,T04,T04|C09
T04|C09|S08,Subcategory,CONCRETE – 3001-4000 psi – N.AMERICA,T04,T04|C09
T04|C09|S09,Subcategory,CONCRETE – 4001-5000 psi – N.AMERICA,T04,T04|C09
T04|C10,Category,EPS FOAM ICF WALLS,T04,
T04|C10|S01,Step,(STEP 1) EPS FOAM ICF – HOLLOW SHELL,T04,T04|C10
T04|C10|S02,Step,(STEP 2) EPS FOAM ICF – CONCRETE FILL,T04,T04|C10
T04|C10|S03,Subcategory,CONCRETE – <=25 MPA – CANADA,T04,T04|C10
T04|C10|S04,Subcategory,CONCRETE – 26-30 MPA – CANADA,T04,T04|C10
T04|C10|S05,Subcategory,CONCRETE – 31-35 MPA – CANADA,T04,T04|C10
T04|C10|S06,Subcategory,CONCRETE – <= 2500 PSI – N.AMERICA,T04,T04|C10
T04|C10|S07,Subcategory,CONCRETE – 2501-3000 PSI – N.AMERICA,T04,T04|C10
T04|C10|S08,Subcategory,CONCRETE – 3001-4000 psi – N.AMERICA,T04,T04|C10
T04|C10|S09,Subcategory,CONCRETE – 4001-5000 psi – N.AMERICA,T04,T04|C10
T04|C11,Category,WOOD CHIP CEMENT ICF WALLS,T04,
T04|C11|S01,Step,(STEP 1) WOOD CHIP CEMENT ICF – HOLLOW SHELL,T04,T04|C11
T04|C11|S02,Step,(STEP 2) WOOD CHIP CEMENT ICF – CONCRETE FILL,T04,T04|C11
T04|C11|S03,Subcategory,CONCRETE – <=25 MPA – CANADA,T04,T04|C11
T04|C11|S04,Subcategory,CONCRETE – 26-30 MPA – CANADA,T04,T04|C11
T04|C11|S05,Subcategory,CONCRETE – 31-35 MPA – CANADA,T04,T04|C11
T04|C11|S06,Subcategory,CONCRETE – <= 2500 PSI – N.AMERICA,T04,T04|C11
T04|C11|S07,Subcategory,CONCRETE – 2501-3000 PSI – N.AMERICA,T04,T04|C11
T04|C11|S08,Subcategory,CONCRETE – 3001-4000 psi – N.AMERICA,T04,T04|C11
T04|C11|S09,Subcategory,CONCRETE – 4001-5000 psi – N.AMERICA,T04,T04|C11
T04|C14,Category,EARTHEN WALL SYSTEMS – VARIABLE WIDTH,T04,
T04|C14|S02,Subcategory,MONOLITHIC EARTH WALLS,T04,T04|C14
T04|C13,Category,EARTHEN WALL SYSTEMS – FIXED WIDTH,T04,
T04|C13|S01,Subcategory,EARTH MASONRY UNIT WALLS,T04,T04|C13
T04|C13|S02,Subcategory,MONOLITHIC EARTH WALLS,T04,T04|C13
T04|C12,Category,STRUCTURAL INSULATED PANEL (SIP),T04,
T04|C12|S01,Subcategory,EPS FOAM INSULATED PANELS,T04,T04|C12
T04|C12|S02,Subcategory,COMPOSITE SIP PANELS,T04,T04|C12
T04|CAM,Category,ADDITIONAL MATERIALS,T04,
T04|CAM|SLE,Subcategory,MATERIALS BY LENGTH,T04,T04|CAM
T04|CAM|SAR,Subcategory,MATERIALS BY AREA,T04,T04|CAM
T04|CAM|SRV,Subcategory,MATERIALS BY R-VALUE & AREA,T04,T04|CAM
T04|CAM|SVO,Subcategory,MATERIALS BY VOLUME,T04,T04|CAM
T04|CEP,Category,ADD CUSTOM EPD VALUE,T04,
T05,Sheet,Party Walls,,
T05|C01,Category,LIGHT STEEL FRAME WALLS,T05,
T05|C01|S01,Subcategory,LIGHT STEEL FRAMING – 16 GAUGE (2X6),T05,T05|C01
T05|C01|S02,Subcategory,LIGHT STEEL FRAMING – 20 GAUGE (2X4),T05,T05|C01
T05|C02,Category,LIGHT WOOD FRAME WALLS,T05,
T05|C02|S01,Subcategory,FRAMING LUMBER – SPRUCE-PINE-FIR,T05,T05|C02
T05|C03,Category,CONCRETE MASONRY UNIT (CMU) WALLS,T05,
T05|C03|S01,Subcategory,CMU – NORMAL WEIGHT,T05,T05|C03
T05|C03|S02,Subcategory,CMU – LIGHT WEIGHT,T05,T05|C03
T05|C04,Category,CONCRETE FILL FOR CMU WALL,T05,
T05|C04|S01,Subcategory,CONCRETE – <=25 MPA – CANADA,T05,T05|C04
T05|C04|S02,Subcategory,CONCRETE – 26-30 MPA – CANADA,T05,T05|C04
T05|C04|S03,Subcategory,CONCRETE – 31-35 MPA – CANADA,T05,T05|C04
T05|C04|S04,Subcategory,CONCRETE – <= 2500 PSI – N.AMERICA,T05,T05|C04
T05|C04|S05,Subcategory,CONCRETE – <= 2500 PSI – N.AMERICA,T05,T05|C04
T05|C04|S08,Subcategory,CONCRETE – 3001-4000 psi – N.AMERICA,T05,T05|C04
T05|C04|S09,Subcategory,CONCRETE – 4001-5000 psi – N.AMERICA,T05,T05|C04
T05|C16,Category,BARRIERS AND MEMBRANES,T05,
T05|C16|S01,Subcategory,SHEET BARRIER PERMEABLE,T05,T05|C16
T05|C16|S04,Subcategory,SHEET BARRIER MOISTURE-VARIABLE,T05,T05|C16
T05|C16|S05,Subcategory,SHEET BARRIER NON-PERMEABLE,T05,T05|C16
T05|C16|S02,Subcategory,LIQUID APPLIED BARRIER,T05,T05|C16
T05|C16|S03,Subcategory,ADHESIVE BARRIER,T05,T05|C16
T05|C05,Category,CAVITY INSULATION,T05,
T05|C05|S01,Subcategory,HIGH R-VALUE CAVITY INSULATION,T05,T05|C05
T05|C05|S02,Subcategory,SPRAY POLYURETHANE FOAM – HIGH DENSITY,T05,T05|C05
T05|C05|S03,Subcategory,SPRAY POLYURETHANE FOAM – CLOSED CELL,T05,T05|C05
T05|C05|S04,Subcategory,SPRAY POLYURETHANE FOAM – OPEN CELL,T05,T05|C05
T05|C05|S05,Subcategory,SHEEP WOOL INSULATION,T05,T05|C05
T05|C05|S06,Subcategory,MINERAL WOOL BATT INSULATION,T05,T05|C05
T05|C05|S07,Subcategory,MINERAL WOOL LOOSE FILL INSULATION,T05,T05|C05
T05|C05|S08,Subcategory,FIBERGLASS LOOSE FILL INSULATION,T05,T05|C05
T05|C05|S09,Subcategory,FIBERGLASS BATT INSULATION,T05,T05|C05
T05|C05|S10,Subcategory,HEMP FIBER WOOL INSULATION,T05,T05|C05
T05|C05|S11,Subcategory,CELLULOSE INSULATION,T05,T05|C05
T05|C05|S12,Subcategory,WOOD FIBER INSULATION,T05,T05|C05
T05|C05|S13,Subcategory,HEMPCRETE INSULATION,T05,T05|C05
T05|C05|S14,Subcategory,STRAW BALE INSULATION,T05,T05|C05
T05|C05|S15,Subcategory,CEMENTITOUS FOAM INSULATION,T05,T05|C05
T05|C05|S16,Subcategory,GRASS INSULATION,T05,T05|C05
T05|C06,Category,CONTINUOUS INSULATION,T05,
T05|C06|S01,Subcategory,XPS FOAM BOARD (LEGACY FORMULAS),T05,T05|C06
T05|C06|S02,Subcategory,XPS FOAM BOARD (REDUCED GWP),T05,T05|C06
T05|C06|S03,Subcategory,SPRAY POLYURETHANE FOAM – HIGH DENSITY,T05,T05|C06
T05|C06|S04,Subcategory,SPRAY POLYURETHANE FOAM – CLOSED CELL,T05,T05|C06
T05|C06|S05,Subcategory,XPS FOAM BOARD,T05,T05|C06
T05|C06|S06,Subcategory,MINERAL WOOL BOARD,T05,T05|C06
T05|C06|S07,Subcategory,HIGH R-VALUE CONTINUOUS INSULATION,T05,T05|C06
T05|C06|S08,Subcategory,EPS FOAM BOARD,T05,T05|C06
T05|C06|S09,Subcategory,EPS FOAM BOARD WITH GRAPHITE,T05,T05|C06
T05|C06|S10,Subcategory,POLYISOCYANURATE FOAM BOARD,T05,T05|C06
T05|C06|S11,Subcategory,CORK BOARD,T05,T05|C06
T05|C06|S12,Subcategory,WOOD FIBER BOARD,T05,T05|C06
T05|C06|S13,Subcategory,STRAW BOARD,T05,T05|C06
T05|C06|S14,Subcategory,HEMPCRETE BLOCK,T05,T05|C06
T05|C06|S15,Subcategory,FIBERGLASS BOARD,T05,T05|C06
T05|C07,Category,INTERIOR CLADDING FOR PARTY WALLS,T05,
T05|C07|S01,Subcategory,"DRYWALL – 1/2""",T05,T05|C07
T05|C07|S02,Subcategory,"DRYWALL – 1/2"" TYPE C",T05,T05|C07
T05|C07|S03,Subcategory,"DRYWALL – 5/8"" TYPE X",T05,T05|C07
T05|C07|S08,Subcategory,"DRYWALL – 5/8"" TYPE C",T05,T05|C07
T05|C07|S04,Subcategory,MAGNESIUM OXIDE BOARD,T05,T05|C07
T05|C07|S05,Subcategory,BIO-BASED CLADDING,T05,T05|C07
T05|C07|S06,Subcategory,INTERIOR FINISH PLASTER,T05,T05|C07
T05|C08,Category,STRUCTURAL SHEATHING,T05,
T05|C08|S01,Subcategory,GYPSUM PANELS,T05,T05|C08
T05|C08|S02,Subcategory,ORIENTED STRAND BOARD,T05,T05|C08
T05|C08|S03,Subcategory,PLYWOOD,T05,T05|C08
T05|C08|S04,Subcategory,WOOD BOARDS,T05,T05|C08
T05|C08|S05,Subcategory,COMPOSITE PANELS,T05,T05|C08
T05|C09,Category,EPS FOAM ICF WALLS,T05,
T05|C09|S01,Step,(STEP 1) EPS FOAM ICF – HOLLOW SHELL,T05,T05|C09
T05|C09|S02,Step,(STEP 2) EPS FOAM ICF – CONCRETE FILL,T05,T05|C09
T05|C09|S03,Subcategory,CONCRETE – <=25 MPA – CANADA,T05,T05|C09
T05|C09|S04,Subcategory,CONCRETE – 26-30 MPA – CANADA,T05,T05|C09
T05|C09|S05,Subcategory,CONCRETE – 31-35 MPA – CANADA,T05,T05|C09
T05|C09|S06,Subcategory,CONCRETE – <= 2500 PSI – N.AMERICA,T05,T05|C09
T05|C09|S07,Subcategory,CONCRETE – 2501-3000 PSI – N.AMERICA,T05,T05|C09
T05|C09|S08,Subcategory,CONCRETE – 3001-4000 psi – N.AMERICA,T05,T05|C09
T05|C09|S09,Subcategory,CONCRETE – 4001-5000 psi – N.AMERICA,T05,T05|C09
T05|C10,Category,WOOD CHIP CEMENT ICF WALLS,T05,
T05|C10|S01,Step,(STEP 1) WOOD CHIP CEMENT ICF – HOLLOW SHELL,T05,T05|C10
T05|C10|S02,Step,(STEP 2) WOOD CHIP CEMENT ICF – CONCRETE FILL,T05,T05|C10
T05|C10|S03,Subcategory,CONCRETE – <=25 MPA – CANADA,T05,T05|C10
T05|C10|S04,Subcategory,CONCRETE – 26-30 MPA – CANADA,T05,T05|C10
T05|C10|S05,Subcategory,CONCRETE – 31-35 MPA – CANADA,T05,T05|C10
T05|C10|S06,Subcategory,CONCRETE – <= 2500 PSI – N.AMERICA,T05,T05|C10
T05|C10|S07,Subcategory,CONCRETE – 2501-3000 PSI – N.AMERICA,T05,T05|C10
T05|C10|S08,Subcategory,CONCRETE – 3001-4000 psi – N.AMERICA,T05,T05|C10
T05|C10|S09,Subcategory,CONCRETE – 4001-5000 psi – N.AMERICA,T05,T05|C10
T05|CAM,Category,ADDITIONAL MATERIALS,T05,
T05|CAM|SLE,Subcategory,MATERIALS BY LENGTH,T05,T05|CAM
T05|CAM|SAR,Subcategory,MATERIALS BY AREA,T05,T05|CAM
T05|CAM|SRV,Subcategory,MATERIALS BY R-VALUE & AREA,T05,T05|CAM
T05|CAM|SVO,Subcategory,MATERIALS BY VOLUME,T05,T05|CAM
T05|CEP,Category,ADD CUSTOM EPD VALUE,T06,
T06,Sheet,Cladding,,
T06|C01,Category,EXTERIOR WALL CLADDING,T06,
T06|C01|S01,Subcategory,COMMON BRICK,T06,T06|C01
T06|C01|S02,Subcategory,NATURAL STONE MASONRY,T06,T06|C01
T06|C01|S03,Subcategory,THIN VENEER BRICK,T06,T06|C01
T06|C01|S04,Subcategory,ACRYLIC STUCCO,T06,T06|C01
T06|C01|S05,Subcategory,ALUMINUM PANELS,T06,T06|C01
T06|C01|S06,Subcategory,STEEL PANELS,T06,T06|C01
T06|C01|S07,Subcategory,FIBER CEMENT SIDING,T06,T06|C01
T06|C01|S08,Subcategory,POLYPROPYLENE SIDING,T06,T06|C01
T06|C01|S09,Subcategory,VINYL SIDING,T06,T06|C01
T06|C01|S10,Subcategory,ENGINEERED WOOD SIDING,T06,T06|C01
T06|C01|S15,Subcategory,HEAT TREATED WOOD SIDING,T06,T06|C01
T06|C01|S11,Subcategory,NATURAL WOOD SIDING,T06,T06|C01
T06|C01|S12,Subcategory,EXTERIOR PLASTER,T06,T06|C01
T06|C01|S13,Subcategory,BAMBOO CLADDING,T06,T06|C01
T06|C01|S14,Subcategory,COMPOSITE CLADDING,T06,T06|C01
T06|C02,Category,STRAPPING / FURRING,T06,
T06|C02|S01,Subcategory,WOOD STRAPPING,T06,T06|C02
T06|C03,Category,INTERIOR CLADDING FOR EXTERIOR WALLS,T06,
T06|C03|S01,Subcategory,"DRYWALL – 1/2""",T06,T06|C03
T06|C03|S02,Subcategory,"DRYWALL – 1/2"" TYPE C",T06,T06|C03
T06|C03|S03,Subcategory,"DRYWALL – 5/8"" TYPE X",T06,T06|C03
T06|C03|S08,Subcategory,"DRYWALL – 5/8"" TYPE C",T06,T06|C03
T06|C03|S04,Subcategory,MAGNESIUM OXIDE BOARD,T06,T06|C03
T06|C03|S05,Subcategory,BIO-BASED CLADDING,T06,T06|C03
T06|C03|S06,Subcategory,INTERIOR FINISH PLASTER,T06,T06|C03
T06|CAM,Category,ADDITIONAL MATERIALS,T06,
T06|CAM|SLE,Subcategory,MATERIALS BY LENGTH,T06,T06|CAM
T06|CAM|SAR,Subcategory,MATERIALS BY AREA,T06,T06|CAM
T06|CAM|SRV,Subcategory,MATERIALS BY R-VALUE & AREA,T06,T06|CAM
T06|CAM|SVO,Subcategory,MATERIALS BY VOLUME,T06,T06|CAM
T06|CEP,Category,ADD CUSTOM EPD VALUE,T06,
T07,Sheet,Windows,,
T07|C01,Category,WINDOWS – DOUBLE-GLAZED,T07,
T07|C01|S01,Subcategory,DOUBLE-GLAZED WINDOWS – AVERAGE,T07,T07|C01
T07|C01|S02,Subcategory,DOUBLE-GLAZED WINDOWS – PRODUCT-SPECIFIC,T07,T07|C01
T07|C02,Category,WINDOWS – TRIPLE-GLAZED,T07,
T07|C02|S01,Subcategory,TRIPLE-GLAZED WINDOWS – AVERAGE,T07,T07|C02
T07|CAM,Category,ADDITIONAL MATERIALS,T07,
T07|CAM|SLE,Subcategory,MATERIALS BY LENGTH,T07,T07|CAM
T07|CAM|SAR,Subcategory,MATERIALS BY AREA,T07,T07|CAM
T07|CAM|SRV,Subcategory,MATERIALS BY R-VALUE & AREA,T07,T07|CAM
T07|CAM|SVO,Subcategory,MATERIALS BY VOLUME,T07,T07|CAM
T07|CEP,Category,ADD CUSTOM EPD VALUE,T07,
T08,Sheet,Interior Walls,,
T08|C01,Category,LIGHT STEEL FRAME INTERIOR WALLS,T08,
T08|C01|S01,Subcategory,LIGHT STEEL FRAMING – 16 GAUGE (2X6),T08,T08|C01
T08|C01|S02,Subcategory,LIGHT STEEL FRAMING – 20 GAUGE (2X4),T08,T08|C01
T08|C02,Category,LIGHT WOOD FRAME INTERIOR WALLS,T08,
T08|C02|S01,Subcategory,FRAMING LUMBER – SPRUCE-PINE-FIR,T08,T08|C02
T08|C02|S02,Subcategory,RECYCLED PAPER STUD,T08,T08|C02
T08|C04,Category,INTERIOR WALL SYSTEMS,T08,
T08|C04|S01,Subcategory,COMPRESSED WALL BOARD STRAW PANELS,T08,T08|C04
T08|C04|S02,Subcategory,EARTH MASONRY UNIT WALLS,T08,T08|C04
T08|C03,Category,CLADDING FOR INTERIOR WALLS,T08,
T08|C03|S01,Subcategory,"DRYWALL – 1/2""",T08,T08|C03
T08|C03|S02,Subcategory,"DRYWALL – 1/2"" TYPE C",T08,T08|C03
T08|C03|S03,Subcategory,"DRYWALL – 5/8"" TYPE X",T08,T08|C03
T08|C03|S08,Subcategory,"DRYWALL – 5/8"" TYPE C",T08,T08|C03
T08|C03|S04,Subcategory,MAGNESIUM OXIDE BOARD,T08,T08|C03
T08|C03|S05,Subcategory,BIO-BASED CLADDING,T08,T08|C03
T08|C03|S06,Subcategory,INTERIOR FINISH PLASTER,T08,T08|C03
T08|C05,Category,CAVITY INSULATION,T08,
T08|C05|S05,Subcategory,SHEEP WOOL INSULATION,T08,T08|C05
T08|C05|S06,Subcategory,MINERAL WOOL BATT INSULATION,T08,T08|C05
T08|C05|S07,Subcategory,MINERAL WOOL LOOSE FILL INSULATION,T08,T08|C05
T08|C05|S08,Subcategory,FIBERGLASS LOOSE FILL INSULATION,T08,T08|C05
T08|C05|S09,Subcategory,FIBERGLASS BATT INSULATION,T08,T08|C05
T08|C05|S10,Subcategory,HEMP FIBER WOOL INSULATION,T08,T08|C05
T08|C05|S11,Subcategory,CELLULOSE INSULATION,T08,T08|C05
T08|C05|S12,Subcategory,WOOD FIBER INSULATION,T08,T08|C05
T08|C05|S13,Subcategory,HEMPCRETE INSULATION,T08,T08|C05
T08|C05|S16,Subcategory,GRASS INSULATION,T08,T08|C05
T08|CAM,Category,ADDITIONAL MATERIALS,T08,
T08|CAM|SLE,Subcategory,MATERIALS BY LENGTH,T08,T08|CAM
T08|CAM|SAR,Subcategory,MATERIALS BY AREA,T08,T08|CAM
T08|CAM|SRV,Subcategory,MATERIALS BY R-VALUE & AREA,T08,T08|CAM
T08|CAM|SVO,Subcategory,MATERIALS BY VOLUME,T08,T08|CAM
T08|CEP,Category,ADD CUSTOM EPD VALUE,T08,
T09,Sheet,Floors,,
T09|C01,Category,OPEN WEB STEEL JOIST FLOOR FRAMING,T09,
T09|C01|S01,Subcategory,OPEN WEB STEEL FLOOR JOIST SYSTEM,T09,T09|C01
T09|C06,Category,COLD-FORMED STEEL JOIST FLOOR FRAMING,T09,
T09|C06|S03,Subcategory,"8"" LIGHT STEEL FLOOR ASSEMBLY",T09,T09|C06
T09|C06|S02,Subcategory,"10"" LIGHT STEEL FLOOR ASSEMBLY",T09,T09|C06
T09|C06|S01,Subcategory,"12"" LIGHT STEEL FLOOR ASSEMBLY",T09,T09|C06
T09|C02,Category,LAMINATED TIMBER FLOOR PANELS,T09,
T09|C02|S01,Subcategory,GLUED LAMINATED TIMBER (GLT) FLOOR SYSTEM,T09,T09|C02
T09|C02|S02,Subcategory,CROSS-LAMINATED TIMBER (CLT) FLOOR PANELS,T09,T09|C02
T09|C02|S03,Subcategory,DOWEL-LAMINATED TIMBER (DLT) FLOOR SYSTEM,T09,T09|C02
T09|C03,Category,LIGHT WOOD FLOOR FRAMING,T09,
T09|C03|S01,Subcategory,WOOD I-JOIST FRAMING,T09,T09|C03
T09|C03|S02,Subcategory,WOOD FLOOR TRUSSES,T09,T09|C03
T09|C03|S03,Subcategory,FRAMING LUMBER – SPRUCE-PINE-FIR,T09,T09|C03
T09|C03|S04,Subcategory,WOOD/STEEL HYBRID FLOOR TRUSSES,T09,T09|C03
T09|C04,Category,SUB FLOORING,T09,
T09|C04|S01,Subcategory,ORIENTED STRAND BOARD (OSB),T09,T09|C04
T09|C04|S02,Subcategory,PLYWOOD,T09,T09|C04
T09|C04|S03,Subcategory,WOOD BOARDS,T09,T09|C04
T09|C05,Category,FLOOR UNDERLAYMENT,T09,
T09|C05|S01,Subcategory,CEMENT BOARD,T09,T09|C05
T09|C05|S02,Subcategory,GYPSUM CONCRETE UNDERLAYMENT,T09,T09|C05
T09|C07,Category,FLOORING,T09,
T09|C07|S01,Subcategory,LAMINATE FLOORING,T09,T09|C07
T09|C07|S02,Subcategory,RUBBER FLOORING,T09,T09|C07
T09|C07|S03,Subcategory,HARDWOOD FLOORING,T09,T09|C07
T09|C07|S15,Subcategory,ENGINEERED WOOD FLOORING,T09,T09|C07
T09|C07|S04,Subcategory,CERAMIC TILE FLOORING,T09,T09|C07
T09|C07|S05,Subcategory,CARPET,T09,T09|C07
T09|C07|S06,Subcategory,VINYL FLOORING,T09,T09|C07
T09|C07|S07,Subcategory,STONE PLASTIC COMPOSITE FLOORING,T09,T09|C07
T09|C07|S17,Subcategory,NATURAL STONE FLOORING,T09,T09|C07
T09|C07|S08,Subcategory,LINOLEUM FLOORING – LIQUID APPLIED,T09,T09|C07
T09|C07|S09,Subcategory,LINOLEUM FLOORING – 2.5 MM SHEET,T09,T09|C07
T09|C07|S10,Subcategory,LINOLEUM FLOORING – 4.0 MM SHEET,T09,T09|C07
T09|C07|S11,Subcategory,CORK FLOORING,T09,T09|C07
T09|C07|S18,Subcategory,HEMPWOOD FLOORING,T09,T09|C07
T09|C07|S12,Subcategory,BAMBOO FLOORING,T09,T09|C07
T09|C07|S13,Subcategory,EARTHEN FLOORS,T09,T09|C07
T09|C08,Category,FLOOR CAVITY INSULATION,T09,
T09|C08|S01,Subcategory,HIGH R-VALUE CAVITY INSULATION,T09,T09|C08
T09|C08|S02,Subcategory,SPRAY POLYURETHANE FOAM – HIGH DENSITY,T09,T09|C08
T09|C08|S03,Subcategory,SPRAY POLYURETHANE FOAM – CLOSED CELL,T09,T09|C08
T09|C08|S04,Subcategory,SPRAY POLYURETHANE FOAM – OPEN CELL,T09,T09|C08
T09|C08|S05,Subcategory,SHEEP WOOL INSULATION,T09,T09|C08
T09|C08|S06,Subcategory,MINERAL WOOL BATT INSULATION,T09,T09|C08
T09|C08|S07,Subcategory,MINERAL WOOL LOOSE FILL INSULATION,T09,T09|C08
T09|C08|S08,Subcategory,FIBERGLASS LOOSE FILL INSULATION,T09,T09|C08
T09|C08|S09,Subcategory,FIBERGLASS BATT INSULATION,T09,T09|C08
T09|C08|S10,Subcategory,HEMP FIBER WOOL INSULATION,T09,T09|C08
T09|C08|S11,Subcategory,CELLULOSE INSULATION,T09,T09|C08
T09|C08|S12,Subcategory,WOOD FIBER INSULATION,T09,T09|C08
T09|C08|S13,Subcategory,HEMPCRETE INSULATION,T09,T09|C08
T09|C08|S14,Subcategory,STRAW BALE INSULATION,T09,T09|C08
T09|C08|S15,Subcategory,CEMENTITIOUS FOAM INSULATION,T09,T09|C08
T09|C08|S16,Subcategory,GRASS INSULATION,T09,T09|C08
T09|CAM,Category,ADDITIONAL MATERIALS,T09,
T09|CAM|SLE,Subcategory,MATERIALS BY LENGTH,T09,T09|CAM
T09|CAM|SAR,Subcategory,MATERIALS BY AREA,T09,T09|CAM
T09|CAM|SRV,Subcategory,MATERIALS BY R-VALUE & AREA,T09,T09|CAM
T09|CAM|SVO,Subcategory,MATERIALS BY VOLUME,T09,T09|CAM
T09|C12,Category,STRUCTURAL INSULATED PANEL (SIP),T09,
T09|C12|S01,Subcategory,EPS FOAM INSULATED PANELS,T09,T09|C12
T09|C12|S02,Subcategory,COMPOSITE SIP PANELS,T09,T09|C12
T09|CEP,Category,ADD CUSTOM EPD VALUE,T09,
T10,Sheet,Ceilings,,
T10|C01,Category,CEILING FINISHES,T10,
T10|C01|S01,Subcategory,"DRYWALL – 1/2""",T10,T10|C01
T10|C01|S02,Subcategory,"DRYWALL – 1/2"" TYPE C",T10,T10|C01
T10|C01|S03,Subcategory,"DRYWALL – 5/8"" TYPE X",T10,T10|C01
T10|C01|S08,Subcategory,"DRYWALL – 5/8"" TYPE C",T10,T10|C01
T10|C01|S04,Subcategory,MAGNESIUM OXIDE BOARD,T10,T10|C01
T10|C01|S05,Subcategory,BIO-BASED CLADDING,T10,T10|C01
T10|C01|S06,Subcategory,INTERIOR FINISH PLASTER,T10,T10|C01
T10|C04,Category,CEILING STRAPPING,T10,
T10|C04|S01,Subcategory,WOOD STRAPPING,T10,T10|C04
T10|CAM,Category,ADDITIONAL MATERIALS,T10,
T10|CAM|SLE,Subcategory,MATERIALS BY LENGTH,T10,T10|CAM
T10|CAM|SAR,Subcategory,MATERIALS BY AREA,T10,T10|CAM
T10|CAM|SRV,Subcategory,MATERIALS BY R-VALUE & AREA,T10,T10|CAM
T10|CAM|SVO,Subcategory,MATERIALS BY VOLUME,T10,T10|CAM
T10|CEP,Category,ADD CUSTOM EPD VALUE,T10,
T11,Sheet,Roof,,
T11|C01,Category,WOOD ROOF FRAMING,T11,
T11|C01|S01,Subcategory,WOOD TRUSS ROOF FRAMING,T11,T11|C01
T11|C01|S02,Subcategory,WOOD I-JOIST ROOF FRAMING,T11,T11|C01
T11|C01|S03,Subcategory,LIGHT WOOD SITE-BUILT ROOF FRAMING,T11,T11|C01
T11|C02,Category,ROOF DECKING,T11,
T11|C02|S06,Subcategory,OSB SHEATHING & BARRIER SYSTEM,T11,T11|C02
T11|C02|S01,Subcategory,GYPSUM PANELS,T11,T11|C02
T11|C02|S02,Subcategory,ORIENTED STRAND BOARD (OSB),T11,T11|C02
T11|C02|S03,Subcategory,PLYWOOD,T11,T11|C02
T11|C03,Category,WATERPROOFING MEMBRANE,T11,
T11|C03|S01,Subcategory,ROOF MEMBRANE,T11,T11|C03
T11|C04,Category,ROOF STRAPPING,T11,
T11|C04|S01,Subcategory,WOOD STRAPPING,T11,T11|C04
T11|C05,Category,ROOFING,T11,
T11|C05|S01,Subcategory,ALUMINUM ROOFING PANELS,T11,T11|C05
T11|C05|S02,Subcategory,STEEL ROOFING PANELS,T11,T11|C05
T11|C05|S03,Subcategory,FIBER CEMENT ROOFING,T11,T11|C05
T11|C05|S04,Subcategory,ASPHALT SHINGLES,T11,T11|C05
T11|C05|S05,Subcategory,CLAY ROOF TILES,T11,T11|C05
T11|C10,Category,GREEN ROOF SYSTEMS,T11,
T11|C10|S01,Subcategory,GREEN ROOF SYSTEMS,T11,T11|C10
T11|C09,Category,BARRIERS AND MEMBRANES,T11,
T11|C09|S01,Subcategory,ROOF DECK SHEET BARRIER,T11,T11|C09
T11|C09|S02,Subcategory,ROOF DECK LIQUID APPLIED BARRIER,T11,T11|C09
T11|C09|S03,Subcategory,CEILING SHEET BARRIER 🤚,T11,T11|C09
T11|C06,Category,ROOF CAVITY INSULATION,T11,
T11|C06|S01,Subcategory,HIGH R-VALUE CAVITY INSULATION,T11,T11|C06
T11|C06|S02,Subcategory,SPRAY POLYURETHANE FOAM – HIGH DENSITY,T11,T11|C06
T11|C06|S03,Subcategory,SPRAY POLYURETHANE FOAM – CLOSED CELL,T11,T11|C06
T11|C06|S04,Subcategory,SPRAY POLYURETHANE FOAM – OPEN CELL,T11,T11|C06
T11|C06|S05,Subcategory,SHEEP WOOL INSULATION,T11,T11|C06
T11|C06|S06,Subcategory,MINERAL WOOL BATT INSULATION,T11,T11|C06
T11|C06|S07,Subcategory,MINERAL WOOL LOOSE FILL INSULATION,T11,T11|C06
T11|C06|S08,Subcategory,FIBERGLASS LOOSE FILL INSULATION,T11,T11|C06
T11|C06|S09,Subcategory,FIBERGLASS BATT INSULATION,T11,T11|C06
T11|C06|S10,Subcategory,HEMP FIBER WOOL INSULATION,T11,T11|C06
T11|C06|S11,Subcategory,CELLULOSE INSULATION,T11,T11|C06
T11|C06|S12,Subcategory,WOOD FIBER INSULATION,T11,T11|C06
T11|C06|S13,Subcategory,HEMPCRETE INSULATION,T11,T11|C06
T11|C06|S14,Subcategory,STRAW BALE INSULATION,T11,T11|C06
T11|C06|S15,Subcategory,CEMENTITIOUS FOAM INSULATION,T11,T11|C06
T11|C06|S16,Subcategory,GRASS INSULATION,T11,T11|C06
T11|C07,Category,CONTINUOUS ROOF INSULATION,T11,
T11|C07|S01,Subcategory,XPS FOAM BOARD (LEGACY FORMULAS),T11,T11|C07
T11|C07|S02,Subcategory,XPS FOAM BOARD (REDUCED GWP),T11,T11|C07
T11|C07|S03,Subcategory,SPRAY POLYURETHANE FOAM – HIGH DENSITY,T11,T11|C07
T11|C07|S04,Subcategory,SPRAY POLYURETHANE FOAM – CLOSED CELL,T11,T11|C07
T11|C07|S05,Subcategory,XPS FOAM BOARD,T11,T11|C07
T11|C07|S06,Subcategory,MINERAL WOOL BOARD,T11,T11|C07
T11|C07|S07,Subcategory,EPS FOAM BOARD,T11,T11|C07
T11|C07|S08,Subcategory,EPS FOAM BOARD WITH GRAPHITE,T11,T11|C07
T11|C07|S09,Subcategory,POLYISOCYANURATE FOAM ROOF BOARD,T11,T11|C07
T11|C07|S10,Subcategory,CORK BOARD,T11,T11|C07
T11|C07|S11,Subcategory,WOOD FIBER BOARD,T11,T11|C07
T11|C07|S15,Subcategory,FIBERGLASS BOARD,T11,T11|C07
T11|C12,Category,STRUCTURAL INSULATED PANEL (SIP),T11,
T11|C12|S01,Subcategory,EPS FOAM INSULATED PANELS,T11,T11|C12
T11|C12|S02,Subcategory,COMPOSITE SIP PANELS,T11,T11|C12
T11|CAM,Category,ADDITIONAL MATERIALS,T11,
T11|CAM|SLE,Subcategory,MATERIALS BY LENGTH,T11,T11|CAM
T11|CAM|SAR,Subcategory,MATERIALS BY AREA,T11,T11|CAM
T11|CAM|SRV,Subcategory,MATERIALS BY R-VALUE & AREA,T11,T11|CAM
T11|CAM|SVO,Subcategory,MATERIALS BY VOLUME,T11,T11|CAM
T11|CEP,Category,ADD CUSTOM EPD VALUE,T11,
T12,Sheet,Garage,,
T12|H01,Header,GARAGE FOOTINGS & SLABS,T12,
T12|C01,Category,CONTINUOUS CONCRETE FOOTINGS,T12,
T12|C01|S01,Subcategory,CONCRETE – <=25 MPA – CANADA,T12,T12|C01
T12|C01|S02,Subcategory,CONCRETE – 26-30 MPA – CANADA,T12,T12|C01
T12|C01|S03,Subcategory,CONCRETE – 31-35 MPA – CANADA,T12,T12|C01
T12|C01|S04,Subcategory,CONCRETE – 2501-3000 PSI – N.AMERICA,T12,T12|C01
T12|C01|S08,Subcategory,CONCRETE – 3001-4000 psi – N.AMERICA,T12,T12|C01
T12|C01|S09,Subcategory,CONCRETE – 4001-5000 psi – N.AMERICA,T12,T12|C01
T12|C02,Category,CONCRETE COLUMN PADS & PIERS,T12,
T12|C02|S01,Subcategory,CONCRETE – <=25 MPA – CANADA,T12,T12|C02
T12|C02|S02,Subcategory,CONCRETE – 26-30 MPA – CANADA,T12,T12|C02
T12|C02|S03,Subcategory,CONCRETE – 31-35 MPA – CANADA,T12,T12|C02
T12|C02|S04,Subcategory,CONCRETE – 2501-3000 PSI – N.AMERICA,T12,T12|C02
T12|C02|S08,Subcategory,CONCRETE – 3001-4000 psi – N.AMERICA,T12,T12|C02
T12|C02|S09,Subcategory,CONCRETE – 4001-5000 psi – N.AMERICA,T12,T12|C02
T12|C03,Category,REBAR FOR CONTINUOUS FOOTINGS,T12,
T12|C03|S01,Subcategory,STEEL REINFORCING BARS - CANADIAN BAR SIZES,T12,T12|C03
T12|C03|S02,Subcategory,STEEL REINFORCING BARS - US BAR SIZES,T12,T12|C03
T12|C04,Category,"REBAR FOR COLUMN FOOTINGS, PADS & PIERS",T12,
T12|C04|S01,Subcategory,STEEL REINFORCING BARS - CANADIAN BAR SIZES,T12,T12|C04
T12|C04|S02,Subcategory,STEEL REINFORCING BARS - US BAR SIZES,T12,T12|C04
T12|C05,Category,GARAGE AGGREGATE BASE,T12,
T12|C05|S01,Subcategory,CRUSHED STONE,T12,T12|C05
T12|C06,Category,GARAGE CONCRETE SLAB,T12,
T12|C06|S01,Subcategory,CONCRETE – <=25 MPA – CANADA,T12,T12|C06
T12|C06|S02,Subcategory,CONCRETE – 26-30 MPA – CANADA,T12,T12|C06
T12|C06|S03,Subcategory,CONCRETE – 31-35 MPA – CANADA,T12,T12|C06
T12|C06|S04,Subcategory,CONCRETE – 2501-3000 PSI – N.AMERICA,T12,T12|C06
T12|C06|S08,Subcategory,CONCRETE – 3001-4000 psi – N.AMERICA,T12,T12|C06
T12|C06|S09,Subcategory,CONCRETE – 4001-5000 psi – N.AMERICA,T12,T12|C06
T12|C07,Category,REBAR FOR GARAGE SLAB,T12,
T12|C07|S01,Subcategory,STEEL REINFORCING BARS - CANADIAN BAR SIZES,T12,T12|C07
T12|C07|S02,Subcategory,STEEL REINFORCING BARS - US BAR SIZES,T12,T12|C07
T12|C08,Category,REINFORCING MESH FOR GARAGE SLAB,T12,
T12|C08|S01,Subcategory,WELDED/WOVEN WIRE MESH,T12,T12|C08
T12|C48,Category,BARRIERS AND MEMBRANES,T12,
T12|C48|S01,Subcategory,SHEET BARRIER,T12,T12|C48
T12|C48|S02,Subcategory,LIQUID APPLIED BARRIER,T12,T12|C48
T12|H02,Header,GARAGE FOUNDATION WALLS,T12,
T12|C09,Category,CONCRETE FOUNDATION WALLS,T12,
T12|C09|S01,Subcategory,CONCRETE – <=25 MPA – CANADA,T12,T12|C09
T12|C09|S02,Subcategory,CONCRETE – 26-30 MPA – CANADA,T12,T12|C09
T12|C09|S03,Subcategory,CONCRETE – 31-35 MPA – CANADA,T12,T12|C09
T12|C09|S04,Subcategory,CONCRETE – <= 2500 PSI – N.AMERICA,T12,T12|C09
T12|C09|S08,Subcategory,CONCRETE – 3001-4000 psi – N.AMERICA,T12,T12|C09
T12|C09|S09,Subcategory,CONCRETE – 4001-5000 psi – N.AMERICA,T12,T12|C09
T12|C10,Category,REBAR FOR FOUNDATION WALLS,T12,
T12|C10|S01,Subcategory,STEEL REINFORCING BARS - CANADIAN BAR SIZES,T12,T12|C10
T12|C10|S02,Subcategory,STEEL REINFORCING BARS - US BAR SIZES,T12,T12|C10
T12|H10,Header,GARAGE STRUCTURAL ELEMENTS,T12,
T12|C40,Category,STRUCTURAL TIMBER,T12,
T12|C40|S01,Subcategory,STRUCTURAL COMPOSITE LUMBER,T12,T12|C40
T12|C40|S02,Subcategory,TIMBER FRAMING LUMBER,T12,T12|C40
T12|C40|S03,Subcategory,STRUCTURAL COMPOSITE BAMBOO,T12,T12|C40
T12|C37,Category,STRUCTURAL STEEL – WIDE FLANGE BEAMS,T12,
T12|C37|S01,Subcategory,WIDE FLANGE – W150 (US W6),T12,T12|C37
T12|C37|S02,Subcategory,WIDE FLANGE – W200 (US W8),T12,T12|C37
T12|C37|S03,Subcategory,WIDE FLANGE – W250 (US W10),T12,T12|C37
T12|C37|S04,Subcategory,WIDE FLANGE – W310 (US W12),T12,T12|C37
T12|C37|S05,Subcategory,WIDE FLANGE – W360 (US W14),T12,T12|C37
T12|C37|S06,Subcategory,WIDE FLANGE – W410 (US W16),T12,T12|C37
T12|C37|S07,Subcategory,WIDE FLANGE – W530 (US W21),T12,T12|C37
T12|C38,Category,STRUCTURAL STEEL – OTHER SECTION SHAPES,T12,
T12|C38|S01,Subcategory,STEEL – SQUARE HSS,T12,T12|C38
T12|C38|S02,Subcategory,STEEL – RECTANGULAR,T12,T12|C38
T12|C38|S03,Subcategory,STEEL – ANGLE,T12,T12|C38
T12|C39,Category,STRUCTURAL STEEL POSTS,T12,
T12|C39|S01,Subcategory,STEEL POST,T12,T12|C39
T12|H03,Header,EXTERIOR GARAGE WALLS,T12,
T12|C11,Category,LIGHT WOOD FRAME EXTERIOR WALLS,T12,
T12|C11|S01,Subcategory,FRAMING LUMBER – SPRUCE-PINE-FIR,T12,T12|C11
T12|C12,Category,LIGHT STEEL FRAME EXTERIOR WALLS,T12,
T12|C12|S01,Subcategory,LIGHT STEEL FRAMING – 16 GAUGE (2X6),T12,T12|C12
T12|C41,Category,PROTECTIVE INSULATED STRUCTURAL SHEATHING,T12,
T12|C41|S01,Subcategory,INSULATED OSB SHEATHING & BARRIER SYSTEM,T12,T12|C41
T12|C24,Category,STRUCTURAL SHEATHING,T12,
T12|C24|S06,Subcategory,OSB SHEATHING & BARRIER SYSTEM,T12,T12|C24
T12|C24|S01,Subcategory,ORIENTED STRAND BOARD (OSB),T12,T12|C24
T12|C24|S02,Subcategory,PLYWOOD,T12,T12|C24
T12|C24|S03,Subcategory,GYPSUM PANELS,T12,T12|C24
T12|C24|S04,Subcategory,COMPOSITE PANELS,T12,T12|C24
T12|C13,Category,CONCRETE MASONRY UNIT (CMU) WALLS,T12,
T12|C13|S01,Subcategory,CMU – NORMAL WEIGHT,T12,T12|C13
T12|C13|S02,Subcategory,CMU – LIGHT WEIGHT,T12,T12|C13
T12|C14,Category,CONCRETE FILL FOR CMU WALLS,T12,
T12|C14|S01,Subcategory,CONCRETE – <=25 MPA – CANADA,T12,T12|C14
T12|C14|S02,Subcategory,CONCRETE – 26-30 MPA – CANADA,T12,T12|C14
T12|C14|S03,Subcategory,CONCRETE – 31-35 MPA – CANADA,T12,T12|C14
T12|C14|S04,Subcategory,CONCRETE – <= 2500 PSI – N.AMERICA,T12,T12|C14
T12|C14|S08,Subcategory,CONCRETE – 3001-4000 psi – N.AMERICA,T12,T12|C14
T12|C14|S09,Subcategory,CONCRETE – 4001-5000 psi – N.AMERICA,T12,T12|C14
T12|C15,Category,EPS FOAM ICF EXTERIOR WALLS,T12,
T12|C15|S01,Step,(STEP 1) EPS FOAM ICF – HOLLOW SHELL,T12,T12|C15
T12|C15|S02,Step,(STEP 2) EPS FOAM ICF – CONCRETE FILL,T12,T12|C15
T12|C15|S03,Subcategory,CONCRETE – <=25 MPA – CANADA,T12,T12|C15
T12|C15|S04,Subcategory,CONCRETE – 26-30 MPA – CANADA,T12,T12|C15
T12|C15|S05,Subcategory,CONCRETE – <= 2500 PSI – N.AMERICA,T12,T12|C15
T12|C15|S07,Subcategory,CONCRETE – <= 2500 PSI – N.AMERICA,T12,T12|C14
T12|C15|S08,Subcategory,CONCRETE – 3001-4000 psi – N.AMERICA,T12,T12|C14
T12|C15|S09,Subcategory,CONCRETE – 4001-5000 psi – N.AMERICA,T12,T12|C14
T12|C16,Category,WOOD CHIP CEMENT ICF EXTERIOR WALLS,T12,
T12|C16|S01,Step,(STEP 1) WOOD CHIP CEMENT ICF – HOLLOW SHELL,T12,T12|C16
T12|C16|S02,Step,(STEP 2) WOOD CHIP CEMENT ICF – CONCRETE FILL,T12,T12|C16
T12|C16|S03,Subcategory,CONCRETE – <=25 MPA – CANADA,T12,T12|C16
T12|C16|S04,Subcategory,CONCRETE – 26-30 MPA – CANADA,T12,T12|C16
T12|C16|S05,Subcategory,CONCRETE – <= 2500 PSI – N.AMERICA,T12,T12|C16
T12|C16|S07,Subcategory,CONCRETE – <= 2500 PSI – N.AMERICA,T12,T12|C16
T12|C16|S08,Subcategory,CONCRETE – 3001-4000 psi – N.AMERICA,T12,T12|C16
T12|C16|S09,Subcategory,CONCRETE – 4001-5000 psi – N.AMERICA,T12,T12|C16
T12|C17,Category,EXTERIOR WALL CAVITY INSULATION,T12,
T12|C17|S01,Subcategory,HIGH R-VALUE CAVITY INSULATION,T12,T12|C17
T12|C17|S02,Subcategory,SPRAY POLYURETHANE FOAM – HIGH DENSITY,T12,T12|C17
T12|C17|S03,Subcategory,SPRAY POLYURETHANE FOAM – CLOSED CELL,T12,T12|C17
T12|C17|S04,Subcategory,SPRAY POLYURETHANE FOAM – OPEN CELL,T12,T12|C17
T12|C17|S05,Subcategory,SHEEP WOOL INSULATION,T12,T12|C17
T12|C17|S06,Subcategory,MINERAL WOOL BATT INSULATION,T12,T12|C17
T12|C17|S07,Subcategory,MINERAL WOOL LOOSE FILL INSULATION,T12,T12|C17
T12|C17|S08,Subcategory,FIBERGLASS LOOSE FILL INSULATION,T12,T12|C17
T12|C17|S09,Subcategory,FIBERGLASS BATT INSULATION,T12,T12|C17
T12|C17|S10,Subcategory,HEMP FIBER WOOL INSULATION,T12,T12|C17
T12|C17|S11,Subcategory,CELLULOSE INSULATION,T12,T12|C17
T12|C17|S12,Subcategory,WOOD FIBER INSULATION,T12,T12|C17
T12|C17|S13,Subcategory,HEMPCRETE INSULATION,T12,T12|C17
T12|C17|S14,Subcategory,STRAW BALE INSULATION,T12,T12|C17
T12|C17|S15,Subcategory,CEMENTITIOUS FOAM INSULATION,T12,T12|C17
T12|C17|S16,Subcategory,GRASS INSULATION,T12,T12|C17
T12|C18,Category,EXTERIOR WALL CONTINUOUS INSULATION,T12,
T12|C18|S01,Subcategory,XPS FOAM BOARD (LEGACY FORMULAS),T12,T12|C18
T12|C18|S02,Subcategory,XPS FOAM BOARD (REDUCED GWP),T12,T12|C18
T12|C18|S03,Subcategory,SPRAY POLYURETHANE FOAM – HIGH DENSITY,T12,T12|C18
T12|C18|S04,Subcategory,SPRAY POLYURETHANE FOAM – CLOSED CELL,T12,T12|C18
T12|C18|S05,Subcategory,XPS FOAM BOARD,T12,T12|C18
T12|C18|S06,Subcategory,MINERAL WOOL BOARD,T12,T12|C18
T12|C18|S07,Subcategory,HIGH R-VALUE CONTINUOUS INSULATION,T12,T12|C18
T12|C18|S08,Subcategory,EPS FOAM BOARD,T12,T12|C18
T12|C18|S09,Subcategory,EPS FOAM BOARD WITH GRAPHITE,T12,T12|C18
T12|C18|S10,Subcategory,POLYISOCYANURATE FOAM BOARD,T12,T12|C18
T12|C18|S11,Subcategory,CORK BOARD,T12,T12|C18
T12|C18|S12,Subcategory,WOOD FIBER BOARD,T12,T12|C18
T12|C18|S13,Subcategory,STRAW BOARD,T12,T12|C18
T12|C18|S14,Subcategory,HEMPCRETE BLOCK,T12,T12|C18
T12|C18|S15,Subcategory,FIBERGLASS BOARD,T12,T12|C18
T12|C45,Category,BARRIERS AND MEMBRANES,T12,
T12|C45|S01,Subcategory,SHEET BARRIER PERMEABLE,T12,T12|C45
T12|C45|S04,Subcategory,SHEET BARRIER MOISTURE-VARIABLE,T12,T12|C45
T12|C45|S05,Subcategory,SHEET BARRIER NON-PERMEABLE,T12,T12|C45
T12|C45|S02,Subcategory,LIQUID APPLIED BARRIER,T12,T12|C45
T12|C45|S03,Subcategory,ADHESIVE BARRIER,T12,T12|C45
T12|H04,Header,GARAGE PARTITION WALLS,T12,
T12|C19,Category,LIGHT STEEL FRAME GARAGE PARTITION WALLS,T12,
T12|C19|S01,Subcategory,LIGHT STEEL FRAMING – 16 GAUGE (2X6),T12,T12|C19
T12|C19|S02,Subcategory,LIGHT STEEL FRAMING – 20 GAUGE (2X4),T12,T12|C19
T12|C20,Category,LIGHT WOOD FRAME GARAGE PARTITION WALLS,T12,
T12|C20|S01,Subcategory,FRAMING LUMBER – SPRUCE-PINE-FIR,T12,T12|C20
T12|C42,Category,PROTECTIVE INSULATED STRUCTURAL SHEATHING,T12,
T12|C42|S01,Subcategory,INSULATED OSB SHEATHING & BARRIER SYSTEM,T12,T12|C42
T12|C43,Category,STRUCTURAL SHEATHING,T12,
T12|C43|S06,Subcategory,OSB SHEATHING & BARRIER SYSTEM,T12,T12|C43
T12|C43|S01,Subcategory,ORIENTED STRAND BOARD (OSB),T12,T12|C43
T12|C43|S02,Subcategory,PLYWOOD,T12,T12|C43
T12|C43|S03,Subcategory,GYPSUM PANELS,T12,T12|C43
T12|C43|S04,Subcategory,COMPOSITE PANELS,T12,T12|C43
T12|C21,Category,GARAGE PARTITION WALL CAVITY INSULATION,T12,
T12|C21|S01,Subcategory,HIGH R-VALUE CAVITY INSULATION,T12,T12|C21
T12|C21|S02,Subcategory,SPRAY POLYURETHANE FOAM – HIGH DENSITY,T12,T12|C21
T12|C21|S03,Subcategory,SPRAY POLYURETHANE FOAM – CLOSED CELL,T12,T12|C21
T12|C21|S04,Subcategory,SPRAY POLYURETHANE FOAM – OPEN CELL,T12,T12|C21
T12|C21|S05,Subcategory,SHEEP WOOL INSULATION,T12,T12|C21
T12|C21|S06,Subcategory,MINERAL WOOL BATT INSULATION,T12,T12|C21
T12|C21|S07,Subcategory,MINERAL WOOL LOOSE FILL INSULATION,T12,T12|C21
T12|C21|S08,Subcategory,FIBERGLASS LOOSE FILL INSULATION,T12,T12|C21
T12|C21|S09,Subcategory,FIBERGLASS BATT INSULATION,T12,T12|C21
T12|C21|S10,Subcategory,HEMP FIBER WOOL INSULATION,T12,T12|C21
T12|C21|S11,Subcategory,CELLULOSE INSULATION,T12,T12|C21
T12|C21|S12,Subcategory,WOOD FIBER INSULATION,T12,T12|C21
T12|C21|S13,Subcategory,HEMPCRETE INSULATION,T12,T12|C21
T12|C21|S14,Subcategory,STRAW BALE INSULATION,T12,T12|C21
T12|C21|S15,Subcategory,CEMENTITIOUS FOAM INSULATION,T12,T12|C21
T12|C21|S16,Subcategory,GRASS INSULATION,T12,T12|C21
T12|C22,Category,GARAGE PARTITION WALL CONTINUOUS INSULATION,T12,
T12|C22|S01,Subcategory,XPS FOAM BOARD (LEGACY FORMULAS),T12,T12|C22
T12|C22|S02,Subcategory,XPS FOAM BOARD (REDUCED GWP),T12,T12|C22
T12|C22|S03,Subcategory,SPRAY POLYURETHANE FOAM – HIGH DENSITY,T12,T12|C22
T12|C22|S04,Subcategory,SPRAY POLYURETHANE FOAM – CLOSED CELL,T12,T12|C22
T12|C22|S05,Subcategory,XPS FOAM BOARD,T12,T12|C22
T12|C22|S06,Subcategory,MINERAL WOOL BOARD,T12,T12|C22
T12|C22|S07,Subcategory,HIGH R-VALUE CONTINUOUS INSULATION,T12,T12|C22
T12|C22|S08,Subcategory,EPS FOAM BOARD,T12,T12|C22
T12|C22|S09,Subcategory,EPS FOAM BOARD WITH GRAPHITE,T12,T12|C22
T12|C22|S10,Subcategory,POLYISOCYANURATE FOAM BOARD,T12,T12|C22
T12|C22|S11,Subcategory,CORK BOARD,T12,T12|C22
T12|C22|S12,Subcategory,WOOD FIBER BOARD,T12,T12|C22
T12|C22|S13,Subcategory,STRAW BOARD,T12,T12|C22
T12|C22|S14,Subcategory,HEMPCRETE BLOCK,T12,T12|C22
T12|C22|S15,Subcategory,FIBERGLASS BOARD,T12,T12|C22
T12|C44,Category,BARRIERS AND MEMBRANES,T12,
T12|C44|S01,Subcategory,SHEET BARRIER PERMEABLE,T12,T12|C44
T12|C44|S04,Subcategory,SHEET BARRIER MOISTURE-VARIABLE,T12,T12|C44
T12|C44|S05,Subcategory,SHEET BARRIER NON-PERMEABLE,T12,T12|C44
T12|C44|S02,Subcategory,LIQUID APPLIED BARRIER,T12,T12|C44
T12|C44|S03,Subcategory,ADHESIVE BARRIER,T12,T12|C44
T12|H05,Header,GARAGE WALL CLADDING,T12,
T12|C23,Category,INTERIOR CLADDING,T12,
T12|C23|S04,Subcategory,MAGNESIUM OXIDE BOARD,T12,T12|C23
T12|C23|S01,Subcategory,"DRYWALL – 1/2""",T12,T12|C23
T12|C23|S02,Subcategory,"DRYWALL – 1/2"" TYPE C",T12,T12|C23
T12|C23|S03,Subcategory,"DRYWALL – 5/8"" TYPE X",T12,T12|C23
T12|C23|S08,Subcategory,"DRYWALL – 5/8"" TYPE C",T12,T12|C23
T12|C23|S05,Subcategory,ALTERNATIVE BIO-BASED CLADDING,T12,T12|C23
T12|C23|S06,Subcategory,INTERIOR FINISH PLASTER,T12,T12|C23
T12|C25,Category,EXTERIOR WALL CLADDING,T12,
T12|C25|S01,Subcategory,COMMON BRICK,T12,T12|C25
T12|C25|S02,Subcategory,NATURAL STONE MASONRY,T12,T12|C25
T12|C25|S03,Subcategory,THIN VENEER BRICK,T12,T12|C25
T12|C25|S04,Subcategory,ACRYLIC STUCCO,T12,T12|C25
T12|C25|S05,Subcategory,ALUMINUM PANELS,T12,T12|C25
T12|C25|S06,Subcategory,STEEL PANELS,T12,T12|C25
T12|C25|S07,Subcategory,FIBER CEMENT SIDING,T12,T12|C25
T12|C25|S08,Subcategory,POLYPROPYLENE SIDING,T12,T12|C25
T12|C25|S09,Subcategory,VINYL SIDING,T12,T12|C25
T12|C25|S10,Subcategory,ENGINEERED WOOD SIDING,T12,T12|C25
T12|C25|S15,Subcategory,HEAT TREATED WOOD SIDING,T12,T12|C25
T12|C25|S11,Subcategory,NATURAL WOOD SIDING,T12,T12|C25
T12|C25|S12,Subcategory,EXTERIOR PLASTER,T12,T12|C25
T12|C25|S13,Subcategory,BAMBOO CLADDING,T12,T12|C25
T12|C25|S14,Subcategory,COMPOSITE CLADDING,T12,T12|C25
T12|C26,Category,STRAPPING / FURRING,T12,
T12|C26|S01,Subcategory,WOOD STRAPPING,T12,T12|C26
T12|H06,Header,GARAGE WINDOWS,T12,
T12|C27,Category,WINDOWS – DOUBLE-GLAZED,T12,
T12|C27|S01,Subcategory,DOUBLE-GLAZED WINDOWS – AVERAGE,T12,T12|C27
T12|C27|S02,Subcategory,DOUBLE-GLAZED WINDOWS – PRODUCT-SPECIFIC,T12,T12|C27
T12|C28,Category,WINDOWS – TRIPLE-GLAZED,T12,
T12|C28|S01,Subcategory,TRIPLE-GLAZED WINDOWS – AVERAGE,T12,T12|C28
T12|H07,Header,GARAGE CEILINGS,T12,
T12|C29,Category,CEILING FINISHES,T12,
T12|C29|S01,Subcategory,"DRYWALL – 1/2""",T12,T12|C29
T12|C29|S02,Subcategory,"DRYWALL – 1/2"" TYPE C",T12,T12|C29
T12|C29|S03,Subcategory,"DRYWALL – 5/8"" TYPE X",T12,T12|C29
T12|C29|S08,Subcategory,"DRYWALL – 5/8"" TYPE C",T12,T12|C29
T12|C29|S04,Subcategory,MAGNESIUM OXIDE BOARD,T12,T12|C29
T12|C29|S05,Subcategory,BIO-BASED CLADDING,T12,T12|C29
T12|C29|S06,Subcategory,INTERIOR FINISH PLASTER,T12,T12|C29
T12|H08,Header,GARAGE ROOF,T12,
T12|C30,Category,WOOD ROOF FRAMING,T12,
T12|C30|S01,Subcategory,WOOD TRUSS ROOF FRAMING,T12,T12|C30
T12|C30|S02,Subcategory,WOOD I-JOIST ROOF FRAMING,T12,T12|C30
T12|C30|S03,Subcategory,LIGHT WOOD SITE-BUILT ROOF FRAMING,T12,T12|C30
T12|C31,Category,ROOF DECKING,T12,
T12|C31|S01,Subcategory,"WOOD SHEET PRODUCTS - 5/8""",T12,T12|C31
T12|C31|S02,Subcategory,"GYPSUM PANELS 1/2""",T12,T12|C31
T12|C31|S03,Subcategory,PLYWOOD,T12,T12|C31
T12|C31|S04,Subcategory,OSB SHEATHING & BARRIER SYSTEM,T12,T12|C31
T12|C32,Category,WATERPROOFING MEMBRANE,T12,
T12|C32|S01,Subcategory,ROOFING MEMBRANE,T12,T12|C32
T12|C33,Category,ROOF STRAPPING,T12,
T12|C33|S01,Subcategory,WOOD STRAPPING,T12,T12|C33
T12|C34,Category,ROOFING,T12,
T12|C34|S01,Subcategory,ALUMINUM ROOFING PANELS,T12,T12|C34
T12|C34|S02,Subcategory,STEEL ROOFING PANELS,T12,T12|C34
T12|C34|S03,Subcategory,FIBER CEMENT ROOFING,T12,T12|C34
T12|C34|S04,Subcategory,ASPHALT SHINGLES,T12,T12|C34
T12|C34|S05,Subcategory,CLAY ROOF TILES,T12,T12|C34
T12|C35,Category,ROOF CAVITY INSULATION,T12,
T12|C35|S01,Subcategory,HIGH R-VALUE CAVITY INSULATION,T12,T12|C35
T12|C35|S02,Subcategory,SPRAY POLYURETHANE FOAM – HIGH DENSITY,T12,T12|C35
T12|C35|S03,Subcategory,SPRAY POLYURETHANE FOAM – CLOSED CELL,T12,T12|C35
T12|C35|S04,Subcategory,SPRAY POLYURETHANE FOAM – OPEN CELL,T12,T12|C35
T12|C35|S05,Subcategory,SHEEP WOOL INSULATION,T12,T12|C35
T12|C35|S06,Subcategory,MINERAL WOOL BATT INSULATION,T12,T12|C35
T12|C35|S07,Subcategory,MINERAL WOOL LOOSE FILL INSULATION,T12,T12|C35
T12|C35|S08,Subcategory,FIBERGLASS LOOSE FILL INSULATION,T12,T12|C35
T12|C35|S09,Subcategory,FIBERGLASS BATT INSULATION,T12,T12|C35
T12|C35|S10,Subcategory,HEMP FIBER WOOL INSULATION,T12,T12|C35
T12|C35|S11,Subcategory,CELLULOSE INSULATION,T12,T12|C35
T12|C35|S12,Subcategory,WOOD FIBER INSULATION,T12,T12|C35
T12|C35|S13,Subcategory,HEMPCRETE INSULATION,T12,T12|C35
T12|C35|S14,Subcategory,STRAW BALE INSULATION,T12,T12|C35
T12|C35|S15,Subcategory,CEMENTITIOUS FOAM INSULATION,T12,T12|C35
T12|C35|S16,Subcategory,GRASS INSULATION,T12,T12|C35
T12|C36,Category,CONTINUOUS ROOF INSULATION,T12,
T12|C36|S01,Subcategory,XPS FOAM BOARD (LEGACY FORMULAS),T12,T12|C36
T12|C36|S02,Subcategory,XPS FOAM BOARD (REDUCED GWP),T12,T12|C36
T12|C36|S03,Subcategory,SPRAY POLYURETHANE FOAM – HIGH DENSITY,T12,T12|C36
T12|C36|S04,Subcategory,SPRAY POLYURETHANE FOAM – CLOSED CELL,T12,T12|C36
T12|C36|S05,Subcategory,XPS FOAM BOARD,T12,T12|C36
T12|C36|S06,Subcategory,MINERAL WOOL BOARD,T12,T12|C36
T12|C36|S07,Subcategory,EPS FOAM BOARD,T12,T12|C36
T12|C36|S08,Subcategory,EPS FOAM BOARD WITH GRAPHITE,T12,T12|C36
T12|C36|S09,Subcategory,POLYISOCYANURATE FOAM ROOF BOARD,T12,T12|C36
T12|C36|S10,Subcategory,CORK BOARD,T12,T12|C36
T12|C36|S11,Subcategory,WOOD FIBER BOARD,T12,T12|C36
T12|C36|S13,Subcategory,STRAW BOARD,T12,T12|C36
T12|C36|S15,Subcategory,FIBERGLASS BOARD,T12,T12|C36
T12|C46,Category,BARRIERS AND MEMBRANES,T12,
T12|C46|S01,Subcategory,ROOF DECK SHEET BARRIER,T12,T12|C46
T12|C46|S02,Subcategory,ROOF DECK LIQUID APPLIED BARRIER,T12,T12|C46
T12|C46|S03,Subcategory,CEILING SHEET BARRIER 🤚,T12,T12|C46
T12|H09,Header,GARAGE ADDITIONAL MATERIALS,T12,
T12|CAM,Category,ADDITIONAL MATERIALS,T12,
T12|CAM|SLE,Subcategory,MATERIALS BY LENGTH,T12,T12|CAM
T12|CAM|SAR,Subcategory,MATERIALS BY AREA,T12,T12|CAM
T12|CAM|SRV,Subcategory,MATERIALS BY R-VALUE & AREA,T12,T12|CAM
T12|CAM|SVO,Subcategory,MATERIALS BY VOLUME,T12,T12|CAM
T12|CEP,Category,ADD CUSTOM EPD VALUE,T12,
