"","EXTERIOR WALLS","","","","","","","","","","","",""
"","PROJECT NAME:    Sample Project DOE Prototype
SCENARIO:              Baseline
BEAM VERSION:     V1.1","","FALSE","","","","","","","","","","T04"
"CATEGORY","MATERIAL","","UNITS","","","","","","","","","FOOTNOTE","ID"
"LIGHT STEEL FRAME WALLS","","","","","","","","","","","","","T04|C01"
"LIGHT STEEL FRAMING – 16 GAUGE (2X6)","","","","","","","","","","","","","T04|C01|S01"
"","Steel studs - Load bearing / Steel Framing Industry Assn / 600-S-137-54, 16 gauge [Industry Avg, US & CA]","187.8","m²","100%","","FALSE","0","0","0","0","","","T04|C01|S01|sss005"
"","Steel studs - Load bearing / Scafco / 600-S-137-54, 16 gauge","187.8","m²","100%","","FALSE","0","0","0","0","","Expired 2024","T04|C01|S01|3a1205"
"","Steel studs - Load bearing / MarinoWARE / Structural stud and track / 600-S-137-54, 16 gauge","187.8","m²","100%","","FALSE","0","0","0","0","","","T04|C01|S01|sss001"
"","Steel studs - Load bearing / ClarkDietrich / 600-S-137-54, 16 gauge","187.8","m²","100%","","FALSE","0","0","0","0","","","T04|C01|S01|sss000"
"LIGHT STEEL FRAMING – 20 GAUGE (2X4)","","","","","","","","","","","","","T04|C01|S02"
"","Steel studs - Non-loadbearing / Steel Framing Industry Assn / 362-S-137-54 20EQ gauge [Industry Avg, US+Can]","187.8","m²","100%","","FALSE","0","0","0","0","","","T04|C01|S02|sss006"
"","Steel studs - Non-loadbearing / Scafco / 362VS125-18, 20EQ gauge","187.8","m²","100%","","FALSE","0","0","0","0","","Expired 2024","T04|C01|S02|58154c"
"","Steel studs - Non-loadbearing / MarinoWARE / Viper Stud Viper 20 / 20EQ gauge","187.8","m²","100%","","FALSE","0","0","0","0","","","T04|C01|S02|sss003"
"","Steel studs - Non-loadbearing / ClarkDietrich / 362-S-125-18, 20EQ gauge","187.8","m²","100%","","FALSE","0","0","0","0","","","T04|C01|S02|sss002"
"LIGHT WOOD FRAME WALLS","","","16.0","","","","","","","","","","T04|C02"
"FRAMING LUMBER – SPRUCE-PINE-FIR","","","","","","","","","","","","","T04|C02|S01"
"","Wood / SPF / 2x8 Lumber / AWC & CWC [Industry Avg | US & CA]","187.8","m²","100%","","FALSE","546","546","0","6,568","FALSE","Expired 2025; BfCA BioC calc by mass","T04|C02|S01|4lv9wd"
"","Wood / SPF / 2x8 Lumber / Surfaced Dry Softwood Lumber Produced in British Columbia","187.8","m²","100%","","FALSE","396","396","0","6,114","FALSE","","T04|C02|S01|SPF002"
"","Wood / SPF / 2x6 Lumber / AWC & CWC [Industry Avg | US & CA]","187.8","m²","100%","","TRUE","414","414","0","4,983","FALSE","Expired 2025; BfCA BioC calc by mass","T04|C02|S01|c309dk"
"","Wood / SPF / 2x6 Lumber / Surfaced Dry Softwood Lumber Produced in British Columbia","187.8","m²","100%","","FALSE","301","301","0","4,638","FALSE","","T04|C02|S01|SPF001"
"","Wood / SPF / 2x4 Lumber / AWC & CWC [Industry Avg | US & CA]","187.8","m²","100%","","FALSE","263","263","0","3,171","FALSE","Expired 2025; BfCA BioC calc by mass","T04|C02|S01|2m3nf4"
"","Wood / SPF / 2x4 Lumber / Surfaced Dry Softwood Lumber Produced in British Columbia","187.8","m²","100%","","FALSE","191","191","0","2,951","FALSE","","T04|C02|S01|SPF000"
"","Wood / SPF / 2x3 Lumber / AWC & CWC [Industry Avg | US & CA]","187.8","m²","100%","","FALSE","188","188","0","2,265","FALSE","Expired 2025; BfCA BioC calc by mass","T04|C02|S01|12dc8t"
"WOOD I-JOIST (TJI) STUD FRAMING","","","","","","","","","","","","","T04|C03"
"","Wood I joist / TJI 230/360 / 11-7/8"" Depth / AWC & CWC [Industry Avg | US & CA]","187.8","m²","100%","","FALSE","0","0","0","0","FALSE","Expired 2025","T04|C03|S00|cec541"
"","Wood I joist / TJI 230/360 / 9-1/2"" Depth / AWC & CWC [Industry Avg | US & CA]","187.8","m²","100%","","FALSE","0","0","0","0","FALSE","Expired 2025","T04|C03|S00|d92kl5"
"PROTECTIVE INSULATED STRUCTURAL SHEATHING","","","","","","","","","","","","","T04|C15"
"INSULATED SHEATHING & BARRIER SYSTEM","","","","","","","","","","","","","T04|C15|S01"
"","Insulated OSB sheathing & barrier / Huber ZIP System / R-12 / 7/16"" OSB; 2"" foam (polyisocyanurate)","187.8","m²","100%","","FALSE","3,022","3,022","0","2,083","FALSE","Expired 2025-06-30; BfCA BioC calc by mass","T04|C15|S01|2gy8rd"
"","Insulated OSB sheathing & barrier / Huber ZIP System / R-9 / 7/16"" OSB; 1.5"" foam (polyisocyanurate)","187.8","m²","100%","","FALSE","2,402","2,402","0","2,083","FALSE","Expired 2025-06-30; BfCA BioC calc by mass","T04|C15|S01|t5ydsd"
"","Insulated OSB sheathing & barrier / Huber ZIP System / R-6 / 7/16"" OSB; 1"" foam (polyisocyanurate)","187.8","m²","100%","","FALSE","1,919","1,919","0","2,083","FALSE","Expired 2025-06-30; BfCA BioC calc by mass","T04|C15|S01|3lkfm3"
"","Insulated OSB sheathing & barrier / Huber ZIP System / R-3 / 7/16"" OSB; 1/2"" foam (polyisocyanurate)","187.8","m²","100%","","FALSE","1,386","1,386","0","2,083","FALSE","Expired 2025-06-30; BfCA BioC calc by mass","T04|C15|S01|dsa30i"
"STRUCTURAL SHEATHING","","","","","","","","","","","","","T04|C04"
"GYPSUM PANELS","","","","","","","","","","","","","T04|C04|S01"
"","Gypsum panels - glass mat / 1/2"" / Gypsum Association [Industry Avg | N.America]","187.8","m²","100%","","FALSE","884","884","0","0","","","T04|C04|S01|155f0d"
"","Gypsum panels - glass mat / 1/2"" / Georiga Pacific / DensGlass Sheathing / 1/2"" ","187.8","m²","100%","","FALSE","809","809","0","0","","","T04|C04|S01|GYP001"
"","Gypsum panels - glass mat / 1/2"" / USG / Securock ExoAir 430 / 1/2""","187.8","m²","100%","","FALSE","1,148","1,148","0","0","","Expired 2024","T04|C04|S01|b8e3dc"
"","Gypsum panels - glass mat / 5/8"" Type X / Gypsum Association [Industry Avg | N.America]","187.8","m²","100%","","FALSE","1,019","1,019","0","0","","","T04|C04|S01|bf151b"
"","Gypsum panels - glass mat / 5/8"" / CertainTeed / GlasRoc Sheathing gypsum board / 5/8"" ","187.8","m²","100%","","FALSE","627","627","0","0","","","T04|C04|S01|GYP000"
"","Gypsum panels - glass mat / 5/8"" / Georiga Pacific / DensGlass Sheathing / 5/8"" ","187.8","m²","100%","","FALSE","918","918","0","0","","","T04|C04|S01|GYP002"
"OSB SHEATHING & BARRIER SYSTEM","","","","","","","","","","","","","T04|C04|S06"
"","OSB sheathing & barrier / Huber ZIP System / Roof and Wall Sheathing / 5/8""","187.8","m²","100%","","FALSE","1,135","1,135","0","3,011","FALSE","Expired 2025-07-01; BfCA BioC calc by mass","T04|C04|S06|2fg4um"
"","OSB sheathing & barrier / Huber ZIP System / Roof and Wall Sheathing / 1/2""","187.8","m²","100%","","FALSE","906","906","0","2,405","FALSE","Expired 2025-07-01; BfCA BioC calc by mass","T04|C04|S06|g83od3"
"","OSB sheathing / 1/2"" / LP / WeatherLogic® Air & Water Barrier / 1/2""","187.8","m²","100%","","FALSE","771","771","0","3,003","FALSE","","T04|C04|S06|OSB004"
"","OSB sheathing & barrier / Huber ZIP System / Roof and Wall Sheathing / 7/16""","187.8","m²","100%","","FALSE","785","785","0","2,083","FALSE","Expired 2025-07-01; BfCA BioC calc by mass","T04|C04|S06|7vi3jf"
"","OSB sheathing / 7/16"" / LP / WeatherLogic® Air & Water Barrier / 7/16""","187.8","m²","100%","","FALSE","675","675","0","2,630","FALSE","","T04|C04|S06|OSB005"
"ORIENTED STRAND BOARD (OSB)","","","","","","","","","","","","","T04|C04|S02"
"","OSB sheathing / 1/2"" / AWC & CWC [Industry Avg | US & CA]","187.8","m²","100%","","FALSE","579","579","0","2,340","FALSE","Expired 2025; BfCA BioC calc by mass","T04|C04|S02|edcc0d"
"","OSB sheathing / 1/2"" / Huber  / AdvanTech / 1/2"" Sheathing","187.8","m²","100%","","FALSE","1,002","1,002","0","2,412","FALSE","Expired 2025-07-01; BfCA BioC calc by mass","T04|C04|S02|OSB000"
"","OSB sheathing / 5/8"" / AWC & CWC [Industry Avg | US & CA]","187.8","m²","100%","","TRUE","723","723","0","2,925","FALSE","Expired 2025; BfCA BioC calc by mass","T04|C04|S02|68328c"
"","OSB sheathing / 7/16"" / LP / FlameBlock® Fire-Rated / 7/16"", coated 1 side","187.8","m²","100%","","FALSE","856","856","0","2,258","FALSE","","T04|C04|S02|OSB002"
"","OSB sheathing / 7/16"" / LP / TopNotch® 350 / 7/16""","187.8","m²","100%","","FALSE","552","552","0","2,268","FALSE","","T04|C04|S02|OSB003"
"PLYWOOD","","","","","","","","","","","","","T04|C04|S03"
"","Plywood / 3/4"" / AWC & CWC [Industry Avg | US & CA]","187.8","m²","100%","","FALSE","785","785","0","2,777","FALSE","Expired 2025; BfCA BioC calc by mass","T04|C04|S03|61a79e"
"","Plywood / 3/4"" / British Columbia Average","187.8","m²","100%","","FALSE","471","471","0","2,302","FALSE","","T04|C04|S03|PLy001"
"","Plywood / 3/4"" / Roseburg / SkyPly / hardwood plywood, incl. walnut, alder, cherry, mahogany, oak, birch, maple faces ","187.8","m²","100%","","FALSE","858","858","0","2,543","FALSE","Expired 2024; BfCA BioC calc by mass","T04|C04|S03|PLy003"
"","Plywood / 3/4"" / Roseburg softwood plywood","187.8","m²","100%","","FALSE","563","563","0","2,567","FALSE","Expired 2024; BfCA BioC calc by mass","T04|C04|S03|PLy005"
"","Plywood / 5/8"" / AWC & CWC [Industry Avg | US & CA]","187.8","m²","100%","","FALSE","655","655","0","2,318","FALSE","Expired 2025; BfCA BioC calc by mass","T04|C04|S03|d88aad"
"","Plywood / 5/8"" / British Columbia Average","187.8","m²","100%","","FALSE","393","393","0","1,827","FALSE","","T04|C04|S03|PLy002"
"","Plywood / 1/2"" / AWC & CWC [Industry Avg | US & CA]","187.8","m²","100%","","FALSE","523","523","0","1,851","FALSE","Expired 2025; BfCA BioC calc by mass","T04|C04|S03|c41283"
"","Plywood / 1/2"" / British Columbia Average","187.8","m²","100%","","FALSE","314","314","0","1,462","FALSE","","T04|C04|S03|PLy000"
"","Plywood / 1/2"" / Roseburg softwood plywood / ","187.8","m²","100%","","FALSE","376","376","0","1,711","FALSE","Expired 2024; BfCA BioC calc by mass","T04|C04|S03|PLy004"
"WOOD BOARDS","","","","","","","","","","","","","T04|C04|S04"
"","Wood / SPF / 3/4"" boards / AWC & CWC [Industry Avg | US & CA]","187.8","m²","100%","","FALSE","226","226","0","2,718","FALSE","Expired 2025; BfCA BioC calc by mass","T04|C04|S04|4scwf3"
"COMPOSITE PANELS","","","","","","","","","","","","","T04|C04|S05"
"","Composite sheathing panel / James Hardie Europe / Fermacell / 12.5mm [EU]","187.8","m²","100%","","FALSE","-19","586","605","0","","","T04|C04|S05|A23456"
"","Composite sheathing panel / Continuus Materials / Everboard / Fiberglass facing / 1/2-inch","187.8","m²","100%","","FALSE","-96","1,404","1,499","0","","Expired 2025; BfCA BioC calc by mass","T04|C04|S05|A23458"
"","Composite sheathing panel / Continuus Materials / Everboard / Paper facing / 1/2-inch","187.8","m²","100%","","FALSE","-184","1,370","1,554","0","","Expired 2025; BfCA BioC calc by mass","T04|C04|S05|A23459"
"","Composite sheathing panel / Honext / Fire resistant panel / 12 mm [EU]","187.8","m²","100%","","FALSE","-1,315","208","1,523","0","","","T04|C04|S05|A23457"
"","Straw board sheathing / VestaEco Straw Boards 280 / 30 mm [EU]","187.8","m²","100%","","FALSE","-532","1,481","2,013","0","","","T04|C04|S05|INT009"
"BARRIERS AND MEMBRANES 🤚","","","","","","","","","","","","","T04|C16"
"SHEET BARRIER PERMEABLE","","","","","","","","","","","","","T04|C16|S01"
"","Sheet Barrier Permeable / [BEAM Avg]","187.8","m²","100%","","TRUE","136","136","0","0","","","T04|C16|S01|SBP00X"
"","Ext. Roof Barrier, sheet / Rothoblaas / Traspir Weld EVO 360 / 17.5 Perms / 1.0 mm / EU","187.8","m²","100%","","FALSE","297","297","0","0","","","T04|C16|S01|bbb006"
"","Ext. & Int. Wall Barrier, sheet / Rothoblaas / Traspir EVO UV 210 / 41.7 Perms / 0.3 mm / EU","187.8","m²","100%","","FALSE","257","257","0","0","","","T04|C16|S01|bbb005"
"","Ext. & Int. Wall & Roof Barrier, sheet / Rothoblaas / Traspir EVO 160 / 12.3 Perms / 0.5 mm / EU","187.8","m²","100%","","FALSE","119","119","0","0","","","T04|C16|S01|bbb002"
"","Ext. Wall & Roof Barrier, sheet / Partel / Exoperm Mono 150 / Permeable / EU","187.8","m²","100%","","FALSE","101","101","0","0","","","T04|C16|S01|bbb010"
"","Ext. Wall Barrier, sheet / Building Product Design / Glidevale Protect TF200 / Permeable","187.8","m²","100%","","FALSE","66","66","0","0","","","T04|C16|S01|bbb022"
"","Ext. & Int. Wall Barrier, sheet / Rothoblaas / Traspir 110 / 101 Perms / 0.4 mm / EU","187.8","m²","100%","","FALSE","60","60","0","0","","","T04|C16|S01|bbb004"
"","Ext. Wall & Roof Barrier, sheet / Dupont / Tyvek Monolayer 60 / Permeable / EU","187.8","m²","100%","","FALSE","53","53","0","0","","","T04|C16|S01|bbb009"
"SHEET BARRIER MOISTURE-VARIABLE","","","","","","","","","","","","","T04|C16|S04"
"","Sheet Barrier Moisture-Variable / [BEAM Avg]","187.8","m²","100%","","FALSE","134","134","0","0","","","T04|C16|S04|SBM00X"
"","Int. Wall & Ceiling Barrier, sheet / SIGA / Majrex 200 / Moisture-variable / EU","187.8","m²","100%","","FALSE","227","227","0","0","","","T04|C16|S04|bbb031"
"","Ext. & Int. Wall & Roof Barrier, sheet / Rothoblaas / Clima Control Net 160 / Moisture-variable / 0.5 mm / EU","187.8","m²","100%","","FALSE","176","176","0","0","","","T04|C16|S04|bbb001"
"","Int. Wall & Ceiling Barrier, sheet / Rothoblaas / Clima Control 80 / Moisture-variable / 0.22 mm / EU","187.8","m²","100%","","FALSE","138","138","0","0","","","T04|C16|S04|bbb029"
"","Int. Wall barrier, sheet / Isover / Vario KM Duplex / Moisture-variable / EU","187.8","m²","100%","","FALSE","117","117","0","0","","","T04|C16|S04|bbb025"
"","Int. Wall & Ceiling Barrier, sheet / Synwer / Syn U 120 Sd 2 / Moisture-variable / EU","187.8","m²","100%","","FALSE","110","110","0","0","","","T04|C16|S04|bbb032"
"","Int. Wall barrier, sheet / Isover / Vario XTRA / Moisture-variable / EU","187.8","m²","100%","","FALSE","102","102","0","0","","","T04|C16|S04|bbb026"
"","Int. Wall & Ceiling Barrier, sheet / Partel / VARA PLUS / Moisture-variable / EU","187.8","m²","100%","","FALSE","70","70","0","0","","","T04|C16|S04|bbb028"
"SHEET BARRIER NON-PERMEABLE","","","","","","","","","","","","","T04|C16|S05"
"","Sheet barrier Non-Permeable / [BEAM Avg]","187.8","m²","100%","","TRUE","110","110","0","0","","","T04|C16|S05|SBNP0X"
"","Ext. Wall barrier, sheet / GCP / Perm-a-Barrier NPS / Non-permeable, 0.46 mm","187.8","m²","100%","","FALSE","210","210","0","0","","","T04|C16|S05|bbb019"
"","Ext. & Int. Wall & Roof Barrier, sheet / Rothoblaas / Traspir Vapor 225 / Non-permeable / 0.8 mm / EU","187.8","m²","100%","","FALSE","132","132","0","0","","","T04|C16|S05|bbb003"
"","Barrier, sheet / Polyethylene sheet / 10 mil","187.8","m²","100%","","FALSE","115","115","0","0","","From ICE Database V3","T04|C16|S05|bbb033"
"","Int. Wall & Ceiling Barrier, sheet / Rothoblaas / Vapor In NET 140 / Non-permeable / 0.15 mm / EU","187.8","m²","100%","","FALSE","84","84","0","0","","","T04|C16|S05|bbb030"
"","Int. Wall & Ceiling Barrier, sheet / Partel / IZOPERM PLUS / Non-permeable / EU","187.8","m²","100%","","FALSE","79","79","0","0","","","T04|C16|S05|bbb027"
"","Barrier, sheet / Polyethylene sheet / 6 mil","187.8","m²","100%","","FALSE","71","71","0","0","","From ICE Database V3","T04|C16|S05|bbb034"
"","Int. Wall & Ceiling Barrier, sheet / Rothoblaas / Vapor In Green 200 / Non-permeable / 0.35 mm / EU","187.8","m²","100%","","FALSE","48","78","30","0","","","T04|C16|S05|bbb000"
"LIQUID APPLIED BARRIER","","","","","","","","","","","","","T04|C16|S02"
"","Liquid Applied Barrier / [BEAM Avg]","187.8","m²","100%","","FALSE","970","970","0","0","","","T04|C16|S02|LAB00X"
"","Ext. Wall Barrier, liquid applied / Soprema / SOPRASEAL LM 200 S / 0.6 Perm","187.8","m²","100%","","FALSE","1,741","1,741","0","0","","","T04|C16|S02|bbb020"
"","Ext. Waterproofing Barrier, liquid applied / Carlisle / MiraSEAL & MiraTITE  ","187.8","m²","100%","","FALSE","1,572","1,572","0","0","","","T04|C16|S02|bbb024"
"","Ext. Wall & Roof Barrier, liquid applied / Carlisle / Barrithane VP / 11.1 Perms, 40 mils","187.8","m²","100%","","FALSE","973","973","0","0","","","T04|C16|S02|bbb008"
"","Ext. Wall barrier, liquid applied / GCP / Perm-a-Barrier NPL 10 (fire-resistant) / Non-permeable, 1 mm","187.8","m²","100%","","FALSE","901","901","0","0","","","T04|C16|S02|bbb016"
"","Ext. Wall barrier, liquid applied / GCP / Perm-a-Barrier VPL / 20 Perms, 0.64 mm","187.8","m²","100%","","FALSE","753","753","0","0","","","T04|C16|S02|bbb017"
"","Ext. Wall Barrier, liquid applied / Soprema / SOPRASEAL LM 204 VP / 10-17 Perms / 0.6 mm","187.8","m²","100%","","FALSE","562","562","0","0","","","T04|C16|S02|bbb021"
"","Ext. Wall barrier, liquid applied / GCP / Perm-a-Barrier VPL 50RS UV stable / 13 Perms, 0.51 mm","187.8","m²","100%","","FALSE","287","287","0","0","","","T04|C16|S02|bbb018"
"SELF-ADHERED BARRIER","","","","","","","","","","","","","T04|C16|S03"
"","Self-Adhered Barrier / [BEAM Avg]","187.8","m²","100%","","FALSE","479","479","0","0","","","T04|C16|S03|SAB00X"
"","Ext. Waterproofing Barrier, adhesive / Carlisle / MiraPLY V  ","187.8","m²","100%","","FALSE","1,606","1,606","0","0","","","T04|C16|S03|bbb023"
"","Ext. Wall barrier, adhesive / GCP / Perm-a-Barrier / Non-permeable, 1 mm","187.8","m²","100%","","FALSE","364","364","0","0","","","T04|C16|S03|bbb011"
"","Ext. Wall Barrier, adhesive / Soprema / SOPRASEAL STICK 1100 T / Non-permeable / 1.0 mm","187.8","m²","100%","","FALSE","362","362","0","0","","","T04|C16|S03|bbb012"
"","Ext. Wall Barrier, adhesive / Soprema / SOPRASOLIN HD (aluminum foil) / Non-permeable / 1.0 mm","187.8","m²","100%","","FALSE","361","361","0","0","","","T04|C16|S03|bbb014"
"","Ext. Wall Barrier, adhesive / Soprema / SOPRAVAP'R / Non-permeable / 0.8 mm","187.8","m²","100%","","FALSE","285","285","0","0","","","T04|C16|S03|bbb015"
"","Ext. Wall Barrier, adhesive / Soprema / SOPRASEAL STICK VP / 11-17 Perms / 0.6 mm","187.8","m²","100%","","FALSE","220","220","0","0","","","T04|C16|S03|bbb013"
"","Ext. Wall & Roof Barrier, adhesive / Partel / Exoperm Mono SA 250 / Permeable / EU","187.8","m²","100%","","FALSE","152","152","0","0","","","T04|C16|S03|bbb007"
"CAVITY INSULATION","","","20.0","","","","","","","","","","T04|C05"
"HIGH R-VALUE CAVITY INSULATION","","","","","","","","","","","","","T04|C05|S01"
"","Aerogel blanket / Aspen Aerogels / R9.6-inch","187.8","m²","100%","","FALSE","12,205","12,205","0","0","","Expired 2020","T04|C05|S01|199253"
"SPRAY POLYURETHANE FOAM – HIGH DENSITY","","","","","","","","","","","","","T04|C05|S02"
"","Spray polyurethane foam - High Density (HFC gas) / R 6.3-inch / SPFA [Industry Avg | US & CA]","187.8","m²","100%","","FALSE","11,259","11,259","0","0","","A1-B1","T04|C05|S02|dc197c"
"","Spray polyurethane foam - High Density (HFO gas) / R 6.5-inch / SPFA [Industry Avg | US & CA]","187.8","m²","100%","","FALSE","2,679","2,679","0","0","","A1-A3 + B1","T04|C05|S02|ins045"
"","Spray polyurethane foam - High Density  (HFC gas) / Carlisle CSFI / PremiSEAL / R 6.5-inch","187.8","m²","100%","","FALSE","8,593","8,593","0","0","","A1-A3 + B1","T04|C05|S02|ins046"
"","Spray polyurethane foam - High Density  (HFO gas) / Carlisle CSFI / PremiR + EVO / R 6.5-inch","187.8","m²","100%","","FALSE","2,937","2,937","0","0","","A1-A3 + B1","T04|C05|S02|ins047"
"SPRAY POLYURETHANE FOAM – CLOSED CELL","","","","","","","","","","","","","T04|C05|S03"
"","Spray polyurethane foam - Closed Cell (HFC gas) / R 6.6-inch / SPFA [Industry Avg | US & CA]","187.8","m²","100%","","FALSE","8,705","8,705","0","0","","A1-B1","T04|C05|S03|8ded24"
"","Spray polyurethane foam - Closed Cell (HFO gas) / R 6.6-inch / SPFA [Industry Avg | US & CA]","187.8","m²","100%","","FALSE","2,295","2,295","0","0","","A1-A3 + B1","T04|C05|S03|ins040"
"","Spray polyurethane foam - Closed Cell (HFC gas) / Carlisle CSFI / SealTite PRO Closed Cell (HFC) / R 7.0-inch","187.8","m²","100%","","FALSE","5,960","5,960","0","0","","A1-A3 + B1","T04|C05|S03|ins041"
"","Spray polyurethane foam - Closed Cell (HFO gas) / Carlisle CSFI / SealTite PRO HFO, SealTite One / R 7.0-inch","187.8","m²","100%","","FALSE","1,766","1,766","0","0","","A1-A3 + B1","T04|C05|S03|ins042"
"","Spray polyurethane foam - Closed Cell (HFO gas) / Huntsman / Heatlok Soya HFO & Heatlok HFO / R 6.5-inch","187.8","m²","100%","","FALSE","1,655","1,655","0","0","","A1-B1","T04|C05|S03|rnd601"
"SPRAY POLYURETHANE FOAM – OPEN CELL","","","","","","","","","","","","","T04|C05|S04"
"","Spray polyurethane foam - Open Cell / R 4.1-inch / SPFA [Industry Avg | US & CA]","187.8","m²","100%","","FALSE","939","939","0","0","","A1-A3 + B1","T04|C05|S04|ins043"
"","Spray polyurethane foam - Open Cell / Carlisle CSFI / SealTite PRO Open Cell, SealTite PRO High Yield, SealTite PRO No Mix, SealTite PRO OCX / R 3.7-inch","187.8","m²","100%","","FALSE","741","741","0","0","","A1-A3 + B1","T04|C05|S04|ins044"
"CEMENTITIOUS FOAM INSULATION","","","","","","","","","","","","","T04|C05|S15"
"","Cementitious Foam / R 3.5-inch [BEAM Avg] ","187.8","m²","100%","","FALSE","1,053","1,053","0","0","","","T04|C05|S15|CCF00x"
"","Cementitious Foam / Holcim / Airium Spray / R3.35/inch / 100 kg/m3 [EU]","187.8","m²","100%","","FALSE","1,155","1,155","0","0","","","T04|C05|S15|CCF000"
"","Cementitious Foam /Master Builders Solutions / MasterProtect NFF / R3.8/inch / 70 kg/m3 [EU]","187.8","m²","100%","","FALSE","1,128","1,128","0","0","","","T04|C05|S15|CCF002"
"","Cementitious Foam / Perlmooser / Airium Spray / R3.43/inch / 70 kg/m3 [EU]","187.8","m²","100%","","FALSE","876","876","0","0","","","T04|C05|S15|CCF001"
"MINERAL WOOL BATT INSULATION 🤚","","","","","","","","","","","","","T04|C05|S06"
"","Mineral wool batt / [BEAM Avg] ","187.8","m²","100%","","FALSE","1,019","1,019","0","0","","","T04|C05|S06|mwb0ew"
"","Mineral wool batt / Owens Corning / UltraBatt - Fire & Sound Guard Plus R-15, R-30 (plant Avg) / R 4.2-inch","187.8","m²","100%","","FALSE","1,257","1,257","0","0","","","T04|C05|S06|mwb012"
"","Mineral wool batt / Owens Corning / UltraBatt - Fire & Sound Guard Plus R-23 (plant Avg) / R 4.2-inch","187.8","m²","100%","","FALSE","1,230","1,230","0","0","","","T04|C05|S06|mwb013"
"","Mineral wool batt / Rockwool / ComfortBatt R-24 (Wood Studs) / R 4.4-inch","187.8","m²","100%","","FALSE","1,125","1,125","0","0","","Expired 2024","T04|C05|S06|mwb014"
"","Mineral wool batt / Owens Corning / UltraBatt - Fire & Sound Guard Plus R-10 (plant Avg) / R 4.0-inch","187.8","m²","100%","","FALSE","1,118","1,118","0","0","","","T04|C05|S06|mwb015"
"","Mineral wool batt / Owens Corning / UltraBatt - Fire & Sound Guard Plus R-24 (plant Avg) / R 4.0-inch","187.8","m²","100%","","FALSE","1,065","1,065","0","0","","","T04|C05|S06|mwb016"
"","Mineral wool batt / Rockwool / ComfortBatt R-23 / R 4.2-inch","187.8","m²","100%","","FALSE","953","953","0","0","","Expired 2024","T04|C05|S06|mwb017"
"","Mineral wool batt / Rockwool / ComfortBatt R-15 / R 4.3-inch","187.8","m²","100%","","FALSE","867","867","0","0","","Expired 2024","T04|C05|S06|mwb018"
"","Mineral wool batt / Rockwool / ComfortBatt R-10, R-14, R-22, R-28, R-30, R-32 / R 4.0-inch","187.8","m²","100%","","FALSE","781","781","0","0","","Expired 2024","T04|C05|S06|mwb019"
"","Mineral wool batt / Rockwool / ComfortBatt R-24 (Steel Studs) / R 4.0-inch","187.8","m²","100%","","FALSE","781","781","0","0","","Expired 2024","T04|C05|S06|mwb020"
"MINERAL WOOL LOOSE FILL INSULATION","","","","","","","","","","","","","T04|C05|S07"
"","Mineral wool loose fill / NAIMA / R 3-inch [Industry Avg | N.America]","187.8","m²","100%","","FALSE","1,250","1,250","0","0","","","T04|C05|S07|INS020"
"FIBERGLASS LOOSE FILL INSULATION","","","","","","","","","","","","","T04|C05|S08"
"","Fiberglass loose fill / NAIMA /  R 2.2-inch [Industry Avg | N.America]","187.8","m²","100%","","FALSE","654","654","0","0","","","T04|C05|S08|INS008"
"","Fiberglass loose fill / CertainTeed / InsulSafe, Optima, TruComfort / R 2.6-inch","187.8","m²","100%","","FALSE","853","853","0","0","","Expired 2024","T04|C05|S08|f33e5e"
"","Fiberglass loose fill / Owens Corning / AttiCat, ProCat, ProPink / R 3.28-inch","187.8","m²","100%","","FALSE","577","577","0","0","","","T04|C05|S08|INS049"
"","Fiberglass loose fill / Johns Manville / Climate Pro, Attic Protector, JM Spider PLUS (Canada) / R 2.8-inch","187.8","m²","100%","","FALSE","364","364","0","0","","","T04|C05|S08|INS009"
"FIBERGLASS BATT INSULATION","","","","","","","","","","","","","T04|C05|S09"
"","Fiberglass batt / NAIMA /  R 4.4-inch [Industry Avg | N.America]","187.8","m²","100%","","TRUE","668","668","0","0","","","T04|C05|S09|INS005"
"","Fiberglass batt / Johns Manville / Unfaced, ComfortTherm, Cavity-SHIELD, FSK-25 / R 3.4-inch","187.8","m²","100%","","FALSE","754","754","0","0","","","T04|C05|S09|INS006"
"","Fiberglass batt / CertainTeed / Sustainable Insulation / R 3.6-inch","187.8","m²","100%","","FALSE","622","622","0","0","","Expired 2024","T04|C05|S09|1f3cc3"
"","Fiberglass batt & roll / Owens Corning / Unfaced, PINK Next Gen Fiberglas / R 3.6-inch avg.","187.8","m²","100%","","FALSE","436","436","0","0","","","T04|C05|S09|ins048"
"SHEEP WOOL INSULATION","","","","","","","","","","","","","T04|C05|S05"
"","Wool batt / R 3.8 /inch [BEAM Avg ]","187.8","m²","100%","","FALSE","129","809","681","0","","","T04|C05|S05|WB000X"
"","Wool batt / Havelock Wool / Batts / R 3.6-inch","187.8","m²","100%","","FALSE","664","1,740","1,075","0","","Expired 2025-06-05; BfCA BioC calc by mass","T04|C05|S05|be49e2"
"","Wool Loose-fill / Havelock Wool / Loose-fill / R 4.4-inch","187.8","m²","100%","","FALSE","509","1,164","655","0","","Expired 2025-06-05; BfCA BioC calc by mass","T04|C05|S05|840925"
"","Wool batt / Thermafleece / Cosywool Slab / R3.8-inch [EU]","187.8","m²","100%","","FALSE","101","681","580","0","","","T04|C05|S05|INS022"
"","Wool batt / Thermafleece / Cosywool Roll / R3.7-inch [EU]","187.8","m²","100%","","FALSE","87","597","511","0","","","T04|C05|S05|INS023"
"","Wool batt / Thermafleece / UltraWool Slab / R4.1-inch [EU]","187.8","m²","100%","","FALSE","-44","468","511","0","","","T04|C05|S05|INS024"
"","Wool batt / ISOLENA / Optimal batt / 5.5 inch / R 3.8-inch [EU]","187.8","m²","100%","","FALSE","-163","561","725","0","","","T04|C05|S05|INS025"
"HEMP FIBER WOOL INSULATION","","","","","","","","","","","","","T04|C05|S10"
"","Hemp Fiber Batt / R 3.6-inch [BEAM Avg] ","187.8","m²","100%","","FALSE","-308","767","1,076","0","","","T04|C05|S10|HEMP0X"
"","Hemp fiber batt / NaturFibre / Hemp Wool / R 3.7-inch","187.8","m²","100%","","FALSE","17","1,148","1,131","0","","","T04|C05|S10|2fe063"
"","Hemp fiber batt / Ekolution / Hemp fiber insulation / R 3.6-inch [EU]","187.8","m²","100%","","FALSE","-471","577","1,048","0","","","T04|C05|S10|INS011"
"","Hemp fiber batt / KOBE-cz / ECO HempFlex insulation / R 3.6-inch [EU]","187.8","m²","100%","","FALSE","-471","577","1,048","0","","","T04|C05|S10|INS012"
"CELLULOSE INSULATION","","","","","","","","","","","","","T04|C05|S11"
"","Cellulose / dense pack / CIMA / R 3.7-inch / [Industry Avg | US & CA]","187.8","m²","100%","","FALSE","-1,310","740","2,050","0","","Expired 2024-12-23; BfCA BioC calc by mass","T04|C05|S11|fc7d3a"
"","Cellulose / dense pack / Advanced Fiber Technology / AFT Carbon Smart / 56 kg/m3 / R3.8-inch ","187.8","m²","100%","","FALSE","-1,425","571","1,997","0","","Expired 2025; BfCA BioC calc by mass","T04|C05|S11|Cel001"
"","Cellulose / dense pack / Greenfiber / Sanctuary / Avg of all facilties / 56.1 kg/m3 / R3.8-inch ","187.8","m²","100%","","FALSE","-1,478","515","1,992","0","","BfCA BioC calc by mass","T04|C05|S11|Cel002"
"","Cellulose / batt / CMS / EcoCell / R 3.6-inch","187.8","m²","100%","","FALSE","-1,030","472","1,502","0","","Expired 2024; BfCA BioC calc by mass","T04|C05|S11|967ad6"
"","Cellulose / batt / Ekovilla / Ekovilla Slab / R3.7-inch [EU]","187.8","m²","100%","","FALSE","-237","900","1,137","0","","","T04|C05|S11|Cel000"
"","Cellulose / loose fill / CIMA / R 3.7-inch / [Industry Avg | US & CA] ","187.8","m²","100%","","FALSE","-571","322","893","0","","Expired 2024-12-23; BfCA BioC calc by mass","T04|C05|S11|1ca576"
"","Cellulose / loose fill / Advanced Fiber Technology / AFT Carbon Smart / 25.2 kg/m3 / R3.8-inch","187.8","m²","100%","","FALSE","-642","257","899","0","","Expired 2025; BfCA BioC calc by mass","T04|C05|S11|Cel003"
"","Cellulose / loose fill / Greenfiber / Sanctuary / Avg of all facilties / 17.1 kg/m3 / R3.8-inch ","187.8","m²","100%","","FALSE","-450","157","607","0","","BfCA BioC calc by mass","T04|C05|S11|Cel004"
"","Cellulose / spray applied / International Cellulose Corp. / K-13, ThermoCon / R 3.75-inch","187.8","m²","100%","","FALSE","-1,390","215","1,605","0","","Expired 2025; BfCA BioC calc by mass","T04|C05|S11|5231c8"
"WOOD FIBER INSULATION","","","","","","","","","","","","","T04|C05|S12"
"","Wood fiber batt / [BEAM Avg | EU]","187.8","m²","100%","","FALSE","-1,066","784","1,850","0","","BfCA BioC calc by mass","T04|C05|S12|g692me"
"","Wood fiber loose fill / GUTEX / ThermoFiber / R 3.8-inch [EU]","187.8","m²","100%","","FALSE","-596","857","1,453","0","","Expired 2024; BfCA BioC calc by mass","T04|C05|S12|ins035"
"","Wood fiber batt / Steico / SteicoFlex / R 3.8-inch [EU]","187.8","m²","100%","","FALSE","-710","1,320","2,030","0","","Expired 2025; BfCA BioC calc by mass","T04|C05|S12|ins034"
"","Wood fiber batt / GUTEX / ThermoFlex / R 4-inch [EU]","187.8","m²","100%","","FALSE","-1,422","248","1,670","0","","Expired 2023; BfCA BioC calc by mass","T04|C05|S12|be052f"
"GRASS INSULATION","","","","","","","","","","","","","T04|C05|S16"
"","Grass Insulation / Gramitherm 100 batt / R3.5-inch [EU]","187.8","m²","100%","","FALSE","-1,142","670","1,811","0","","","T04|C05|S16|INS010"
"HEMPCRETE INSULATION","","","","","","","","","","","","","T04|C05|S13"
"","Hempcrete / R 2.4-inch [BEAM Avg] ","187.8","m²","100%","","FALSE","-2,720","4,367","7,087","0","","","T04|C05|S13|HEMPCX"
"","Hempcrete cast in place / Senini / Bio Beton Jet / R2.7-inch / 230 kg/m3 [EU]","187.8","m²","100%","","FALSE","-1,421","5,083","6,503","0","","","T04|C05|S13|INS013"
"","Hempcrete dry fill / Senini / Bio Beton Pronto / R2.7-inch / 190 kg/m3 [EU]","187.8","m²","100%","","FALSE","-2,426","3,940","6,367","0","","","T04|C05|S13|INS014"
"","Hempcrete / Cast in-situ / Avg. mix using NHL & PHL / R 2.2-inch / USA","187.8","m²","100%","","FALSE","-2,858","5,860","8,718","0","","LCA, 2020; BfCA BioC calc by mass","T04|C05|S13|5731ae"
"","Hempcrete / Cast in-situ / IsoHemp / R 2.2-inch / [EU]","187.8","m²","100%","","FALSE","-4,176","2,586","6,762","0","","Expired 2023; BfCA BioC calc by mass","T04|C05|S13|7d79df"
"STRAW BALE INSULATION","","","","","","","","","","","","","T04|C05|S14"
"","Straw Bale / Wheat & barley straw / SNaB (UK) / R 2.8/inch [Industry Avg | EU]","187.8","m²","100%","","FALSE","-3,992","445","4,437","0","","","T04|C05|S14|b4T02m"
"","Straw Bale / Wheat & rye straw / FASBA (Germany) / R 2.8-inch [Industry Avg | EU]","187.8","m²","100%","","FALSE","-3,243","187","3,430","0","","","T04|C05|S14|INS021"
"CONTINUOUS INSULATION","","","5.0","","","","","","","","","","T04|C06"
"XPS FOAM BOARD (LEGACY FORMULAS)","","","","","","","","","","","","","T04|C06|S01"
"","XPS foam board / DuPont / Styrofoam / HFC-filled / R 5.6-inch, 25 psi","187.8","m²","100%","","FALSE","10,055","10,055","0","0","","A1-A3, B1","T04|C06|S01|19e71c"
"","XPS foam board / Owens Corning / Foamular 250 / HFC-filled / R 5.0-inch, 25 psi [MEXICO]","187.8","m²","100%","","FALSE","8,351","8,351","0","0","","A1-A3, B1","T04|C06|S01|9cd566"
"XPS FOAM BOARD (REDUCED GWP)","","","","","","","","","","","","","T04|C06|S02"
"","XPS foam board / DuPont / Styrofoam / Reduced GWP / R 5.6-inch, 25 psi","187.8","m²","100%","","FALSE","6,036","6,036","0","0","","A1-A3, B1","T04|C06|S02|175f1a"
"XPS FOAM BOARD","","","","","","","","","","","","","T04|C06|S05"
"","XPS foam board / R 5.0/inch [BEAM Avg | US & CA]","187.8","m²","100%","","FALSE","903","903","0","0","","A1-A3, B1","T04|C06|S05|a94mfe"
"","XPS foam board / Owens Corning / Foamular NGX CodeBord/C200 / R 5/inch, 20 psi","187.8","m²","100%","","FALSE","1,407","1,407","0","0","","A1-A3, B1","T04|C06|S05|XPS002"
"","XPS foam board / Owens Corning / Foamular NGX 250 / R 5.0/inch, 25 psi","187.8","m²","100%","","FALSE","1,399","1,399","0","0","","A1-A3, B1","T04|C06|S05|95e2e7"
"","XPS foam board / DuPont / Styrofoam ST-100 / R 5.0-inch, 25 psi","187.8","m²","100%","","FALSE","772","772","0","0","","A1-A3, B1","T04|C06|S05|1a16ad"
"","XPS foam board / Kingspan / GreenGuard Type IV, Low GWP / R 5.0-inch, 25 psi","187.8","m²","100%","","FALSE","619","619","0","0","","Module B1 not declared","T04|C06|S05|XPS001"
"","XPS foam board / SOPREMA / SOPRA-XPS (entire product line) / R 5.0-inch","187.8","m²","100%","","FALSE","318","318","0","0","","A1-A3, B1","T04|C06|S05|3kglse"
"SPRAY POLYURETHANE FOAM – HIGH DENSITY","","","","","","","","","","","","","T04|C06|S03"
"","Spray polyurethane foam - High Density (HFC gas) / R 6.3-inch / SPFA [Industry Avg | US & CA]","187.8","m²","100%","","FALSE","2,815","2,815","0","0","","A1-B1","T04|C06|S03|dc197c"
"","Spray polyurethane foam - High Density (HFO gas) / R 6.5-inch / SPFA [Industry Avg | US & CA]","187.8","m²","100%","","FALSE","670","670","0","0","","A1-A3 + B1","T04|C06|S03|ins045"
"","Spray polyurethane foam - High Density  (HFC gas) / Carlisle CSFI / PremiSEAL / R 6.5-inch","187.8","m²","100%","","FALSE","2,148","2,148","0","0","","A1-A3 + B1","T04|C06|S03|ins046"
"","Spray polyurethane foam - High Density  (HFO gas) / Carlisle CSFI / PremiR + EVO / R 6.5-inch","187.8","m²","100%","","FALSE","734","734","0","0","","A1-A3 + B1","T04|C06|S03|ins047"
"SPRAY POLYURETHANE FOAM – CLOSED CELL","","","","","","","","","","","","","T04|C06|S04"
"","Spray polyurethane foam - Closed Cell (HFC gas) / R 6.6-inch / SPFA [Industry Avg | US & CA]","187.8","m²","100%","","FALSE","2,176","2,176","0","0","","A1-B1","T04|C06|S04|8ded24"
"","Spray polyurethane foam - Closed Cell (HFO gas) / R 6.6-inch / SPFA [Industry Avg | US & CA]","187.8","m²","100%","","FALSE","574","574","0","0","","A1-A3 + B1","T04|C06|S04|ins040"
"","Spray polyurethane foam - Closed Cell (HFC gas) / Carlisle CSFI / SealTite PRO Closed Cell (HFC) / R 7.0-inch","187.8","m²","100%","","FALSE","1,490","1,490","0","0","","A1-A3 + B1","T04|C06|S04|ins041"
"","Spray polyurethane foam - Closed Cell (HFO gas) / Carlisle CSFI / SealTite PRO HFO, SealTite One / R 7.0-inch","187.8","m²","100%","","FALSE","442","442","0","0","","A1-A3 + B1","T04|C06|S04|ins042"
"","Spray polyurethane foam - Closed Cell (HFO gas) / Huntsman / Heatlok Soya HFO & Heatlok HFO / R 6.5-inch","187.8","m²","100%","","FALSE","414","414","0","0","","A1-B1","T04|C06|S04|rnd601"
"MINERAL WOOL BOARD","","","","","","","","","","","","","T04|C06|S06"
"","Mineral wool board - heavy density / NAIMA / R 4.4-inch [Industry Avg | N.America]","187.8","m²","100%","","FALSE","1,128","1,128","0","0","","","T04|C06|S06|INS018"
"","Mineral wool board  / Rockwool / Comfortboard 80 / R 4.2-inch","187.8","m²","100%","","FALSE","672","672","0","0","","Expired 2024","T04|C06|S06|Mwb009"
"","Mineral wool board / Owens Corning / Thermafiber RainBarrier ci 80 (Plant Avg) / R 4.2-inch","187.8","m²","100%","","FALSE","626","626","0","0","","","T04|C06|S06|mwb004"
"","Mineral wool board - light density / NAIMA / R 3.9-inch [Industry Avg | N.America]","187.8","m²","100%","","FALSE","443","443","0","0","","","T04|C06|S06|INS019"
"","Mineral wool board / Owens Corning / Thermafiber RainBarrier HD (Plant Avg) / R 4.3-inch","187.8","m²","100%","","FALSE","531","531","0","0","","","T04|C06|S06|mwb003"
"","Mineral wool board  / Rockwool / Cavityrock / R 4.3-inch","187.8","m²","100%","","FALSE","347","347","0","0","","Expired 2024","T04|C06|S06|mwb008"
"HIGH R-VALUE CONTINUOUS INSULATION","","","","","","","","","","","","","T04|C06|S07"
"","Vacuum Insulated Panel / Porextherm  / Vacupor / Fumed silica core / R 30/inch [EU]","187.8","m²","100%","","FALSE","1,228","1,228","0","0","","Expired 2019","T04|C06|S07|3fc60e"
"EPS FOAM BOARD","","","","","","","","","","","","","T04|C06|S08"
"","EPS foam board / Type XV / R 4.3-inch, 60 psi / EPS Industry Alliance [Industry Avg | US & CA]","187.8","m²","100%","","FALSE","1,164","1,164","0","0","","","T04|C06|S08|EPS000"
"","EPS foam board / Type IX / R 4.2-inch, 25 psi / EPS Industry Alliance [Industry Avg | US & CA]","187.8","m²","100%","","FALSE","716","716","0","0","","","T04|C06|S08|EPS001"
"","EPS foam board / Type II / R 4.0-inch, 15 psi / EPS Industry Alliance [Industry Avg | US & CA]","187.8","m²","100%","","TRUE","567","567","0","0","","","T04|C06|S08|EPS002"
"","EPS foam board / Type I / R 3.6-inch, 10 psi / EPS Industry Alliance [Industry Avg | US & CA]","187.8","m²","100%","","FALSE","418","418","0","0","","","T04|C06|S08|EPS003"
"EPS FOAM BOARD WITH GRAPHITE","","","","","","","","","","","","","T04|C06|S09"
"","EPS foam board with graphite / BASF / Neopor F 5200 & F 5300 Plus BMB / R 4.7-inch, Type IX, 25 psi (Type 9, 175 kPa)","187.8","m²","100%","","FALSE","510","510","0","0","","","T04|C06|S09|EPS006"
"","EPS foam board with graphite / BASF  / Neopor F 5200 Plus / R 4.7-inch, Type IX, 25 psi","187.8","m²","100%","","FALSE","487","487","0","0","","","T04|C06|S09|EPS004"
"","EPS foam board with graphite / BASF / Neopor F 5200 & F 5300 Plus BMB  / R 4.7-inch, Type II, 15 psi (Type 2, 110 kPa)","187.8","m²","100%","","FALSE","383","383","0","0","","","T04|C06|S09|EPS007"
"","EPS foam board with graphite / BASF / Neopor F 5200 Plus / R 4.7-inch, Type II, 15 psi (Type 2, 110 kPa)","187.8","m²","100%","","FALSE","376","376","0","0","","","T04|C06|S09|EPS005"
"POLYISOCYANURATE FOAM BOARD","","","","","","","","","","","","","T04|C06|S10"
"","Polyisocyanurate / Wall Boards / R 6.5/inch / PIMA [Industry Avg | US & CA]","187.8","m²","100%","","FALSE","677","677","0","0","","Expired 2025-11-04","T04|C06|S10|n9cx2a"
"","Polyisocyanurate / Wall Boards / Carlisle / R2+ Silver / R6.3-inch, 20 psi","187.8","m²","100%","","FALSE","703","703","0","0","","","T04|C06|S10|poly09"
"","Polyisocyanurate / Wall Boards / Hunter / Xci / R 6.3-inch, 20 psi","187.8","m²","100%","","FALSE","703","703","0","0","","","T04|C06|S10|poly10"
"","Polyisocyanurate / Wall Boards / DuPont / Thermax / R 6.5/inch","187.8","m²","100%","","FALSE","395","395","0","0","","Expired 2026-01-01","T04|C06|S10|c630d2"
"FIBERGLASS BOARD","","","","","","","","","","","","","T04|C06|S15"
"","Fiberglass board / NAIMA / R-3.2-inch  [Industry Avg | N.America]","187.8","m²","100%","","FALSE","830","830","0","0","","","T04|C06|S15|INS004"
"CORK BOARD","","","","","","","","","","","","","T04|C06|S11"
"","Cork board insulation / Amorim  / Expanded Insulation Corkboard (ICB) / R3.6-inch, 115 kg/m3 [EU]","187.8","m²","100%","","FALSE","-714","548","1,262","0","","","T04|C06|S11|CBI000"
"WOOD FIBER BOARD","","","","","","","","","","","","","T04|C06|S12"
"","Wood fiber board / R 2.7-inch / NAFA [Industry Avg | US & CA]","187.8","m²","100%","","FALSE","-1,706","1,759","3,465","0","","","T04|C06|S12|f4l2kx"
"","Wood fiber board / Pavatex / Pavatherm / R 3.3-inch / 110 kg/m3 [EU]","187.8","m²","100%","","FALSE","-253","1,037","1,290","0","","Expired 2025; BfCA BioC calc by mass","T04|C06|S12|ins033"
"","Wood fiber board / Steico / STEICOprotect S dry, STEICOsafe 40, STEICOuniversal dry / R 3.6-inch, 210 kg/m3 [EU]","187.8","m²","100%","","FALSE","-298","1,885","2,183","0","","Expired 2025; BfCA BioC calc by mass","T04|C06|S12|ins026"
"","Wood fiber board / Steico / STEICOprotect M dry, STEICOroof dry, STEICOspecial dry, STEICOtop / R 3.6-inch, 140 kg/m3 [EU]","187.8","m²","100%","","FALSE","-379","1,076","1,455","0","","Expired 2025; BfCA BioC calc by mass","T04|C06|S12|ins027"
"","Wood fiber board / Steico / STEICOtherm dry, STEICOprotect L dry, STEICOsafe / R 3.6-inch, 110 kg/m3 [EU]","187.8","m²","100%","","FALSE","-413","730","1,143","0","","Expired 2025; BfCA BioC calc by mass","T04|C06|S12|ins028"
"","Wood fiber board / Pavatex / Pavawall Smart, Pavawall Light, Pavawall FW / R 3.3-inch / 115 kg/m3 [EU]","187.8","m²","100%","","FALSE","-904","400","1,304","0","","Expired 2025; BfCA BioC calc by mass","T04|C06|S12|ins032"
"","Wood fiber board / GUTEX / Multi-Therm / R 3.6-inch, 40-200 mm [EU]","187.8","m²","100%","","FALSE","-939","513","1,452","0","","Expired 2025-10-08; BfCA BioC calc by mass","T04|C06|S12|ins030"
"","Wood fiber board / Pavatex / Pavawall GF, Pavawall Bloc, Pavawall GF XL / R 3.3-inch / 130 kg/m3 [EU]","187.8","m²","100%","","FALSE","-1,022","452","1,474","0","","Expired 2025; BfCA BioC calc by mass","T04|C06|S12|ins031"
"","Wood fiber board / Pavatex / Isolair, Isoroof, Isolair Multi / R 3.3-inch / 200 kg/m3, 30-80 mm [EU]","187.8","m²","100%","","FALSE","-1,572","695","2,267","0","","Expired 2025; BfCA BioC calc by mass","T04|C06|S12|ins029"
"HEMPCRETE BLOCK","","","","","","","","","","","","","T04|C06|S14"
"","Hempcrete block / Senini / Blocco Ambiente / 20x50x30 / R2.1-inch / 330 kg/m3 [EU]","187.8","m²","100%","","FALSE","480","2,768","2,288","0","","","T04|C06|S14|INS015"
"","Hempcrete block / Isohemp / Hemp Block PAL36EX  including mortar / 600 x 300 x 150-360 mm / R 2.0-inch [EU]","187.8","m²","100%","","FALSE","-433","1,489","1,923","0","","A1-A3, A5","T04|C06|S14|INS016"
"STRAW BOARD","","","","","","","","","","","","","T04|C06|S13"
"","Straw Board / R 2.0-inch [BEAM Avg] ","187.8","m²","100%","","FALSE","-6,615","1,617","8,232","0","","","T04|C06|S13|STRABX"
"","Straw board / VestaEco Straw Insulation Boards 140 / R 4-inch  [EU]","187.8","m²","100%","","FALSE","-335","934","1,270","0","","","T04|C06|S13|INS000"
"","Compressed straw board / Durra Panel / Durra Wall & Ceiling Panels / 50 mm / R1.8-inch","187.8","m²","100%","","FALSE","-4,493","1,535","6,028","0","","","T04|C06|S13|INS003"
"","Compressed straw board / Ekopanely / Ekopanel E60-1200 / 60 mm / R1.45-inch [EU]","187.8","m²","100%","","FALSE","-10,934","1,943","12,877","0","","","T04|C06|S13|INS001"
"","Compressed straw board/ Ekopanely / Ekopanel E40-800 / 40 mm / R1.45-inch [EU]","187.8","m²","100%","","FALSE","-10,698","2,055","12,752","0","","","T04|C06|S13|INS002"
"LAMINATED TIMBER PANEL WALLS","","","","","","","","","","","","","T04|C07"
"CROSS LAMINATED TIMBER (CLT)","","","","","","","","","","","","","T04|C07|S01"
"","Cross Laminated Timber (CLT) [BEAM Avg | US & CA]","187.8","m²","100%","","FALSE","1,988","1,988","0","13,429","FALSE","","T04|C07|S01|LAM00X"
"","Cross Laminated Timber (CLT) / Vaagen / Crosslam CLT / 3-1/2""","187.8","m²","100%","","FALSE","2,272","2,272","0","12,775","FALSE","","T04|C07|S01|LAM009"
"","Cross Laminated Timber (CLT) / Structurlam / CrossLam / 3-1/2""","187.8","m²","100%","","FALSE","2,096","2,096","0","13,359","FALSE","Expired 2025; BfCA BioC calc by mass","T04|C07|S01|134c8d"
"","Cross Laminated Timber (CLT) / Kalesnikoff / 3-1/2""","187.8","m²","100%","","FALSE","2,079","2,079","0","15,712","FALSE","","T04|C07|S01|LAM008"
"","Cross Laminated Timber (CLT) / Element5 / Crosslam CLT / 3-1/2""","187.8","m²","100%","","FALSE","2,037","2,037","0","13,011","FALSE","","T04|C07|S01|LAM007"
"","Cross Laminated Timber (CLT) / Nordic  / Nordic Lam / 3-1/2""","187.8","m²","100%","","FALSE","2,004","2,004","0","11,552","FALSE","BfCA BioC calc by mass","T04|C07|S01|LAM010"
"","Cross Laminated Timber (CLT) / Nordic  / X-Lam / 3-1/2""","187.8","m²","100%","","FALSE","1,029","1,029","0","11,093","FALSE","BfCA BioC calc by mass","T04|C07|S01|LAM011"
"DOWEL LAMINATED TIMBER (DLT)","","","","","","","","","","","","","T04|C07|S02"
"","Dowel Laminated Timber / StructureCraft / DowelLam / 3-1/2""","187.8","m²","100%","","FALSE","2,027","2,027","0","13,884","FALSE","Expired 2025","T04|C07|S02|c930d2"
"CONCRETE MASONRY UNIT (CMU) WALLS","","","","","","","","","","","","","T04|C08"
"CMU – NORMAL WEIGHT","","","","","","","","","","","","","T04|C08|S01"
"","CMU - Light weight / 8"" Light weight blocks / 15 MPa, 390 x 190 x 190 mm / CCMPA West Region [Industry Avg | CA]","187.8","m²","100%","","FALSE","4,345","4,345","0","0","","","T04|C08|S01|CMU001"
"","CMU - Light weight / 8"" Light weight blocks / 15 MPa, 390 x 190 x 190 mm / CCMPA East Region [Industry Avg | CA]","187.8","m²","100%","","FALSE","3,586","3,586","0","0","","","T04|C08|S01|cmu000"
"","CMU - Light weight / Brampton Brick (Boehmers) / 8"" CarboClave Block  / 8 x 8 x 16 ","187.8","m²","100%","","FALSE","5,110","5,110","0","0","","","T04|C08|S01|CMU004"
"CMU – LIGHT WEIGHT","","","","","","","","","","","","","T04|C08|S02"
"","CMU - Normal weight / 8"" Normal weight blocks / 15 MPa, 390 x 190 x 190 mm / CCMPA West Region [Industry Avg | CA]","187.8","m²","100%","","FALSE","4,821","4,821","0","0","","","T04|C08|S02|CMU003"
"","CMU - Normal weight / 8"" Normal weight blocks / 15 MPa, 390 x 190 x 190 mm / CCMPA East Region [Industry Avg | CA]","187.8","m²","100%","","FALSE","3,935","3,935","0","0","","","T04|C08|S02|CMU002"
"","CMU - Normal weight / Brampton Brick (Boehmers) / 8"" CarboClave Block  / 8 x 8 x 16 ","187.8","m²","100%","","FALSE","3,909","3,909","0","0","","","T04|C08|S02|CMU005"
"CONCRETE FILL FOR CMU WALL","","","","","","","","","","","","","T04|C09"
"CONCRETE – <= 2500 PSI – N.AMERICA","","","","","","","","","","","","","T04|C09|S04"
"","Concrete - 0-2500 psi, Standard mix / NRMCA [Industry Avg | US & CA]","0.0","m³","100%","","FALSE","0","0","0","0","","Expired 2024","T04|C09|S04|949348"
"","Concrete - 0-2500 psi, 20-29% Fly Ash / NRMCA [Industry Avg | US & CA]","0.0","m³","100%","","FALSE","0","0","0","0","","Expired 2024","T04|C09|S04|b7e1fe"
"","Concrete - 0-2500 psi, 30-39% FA/SL / NRMCA [Industry Avg | US & CA]","0.0","m³","100%","","FALSE","0","0","0","0","","Expired 2024","T04|C09|S04|d6132a"
"","Concrete - 0-2500 psi, 40-49% FA/SL mix / NRMCA [Industry Avg | US & CA]","0.0","m³","100%","","FALSE","0","0","0","0","","Expired 2024","T04|C09|S04|921b8b"
"","Concrete - 0-2500 psi, >50% SCM mix / NRMCA [Industry Avg | US & CA]","0.0","m³","100%","","FALSE","0","0","0","0","","Expired 2024","T04|C09|S04|1a5a48"
"CONCRETE – <= 2500 PSI – N.AMERICA","","","","","","","","","","","","","T04|C09|S05"
"","Concrete - 2501-3000 psi, Standard mix / NRMCA [Industry Avg | US & CA]","0.0","m³","100%","","FALSE","0","0","0","0","","Expired 2024","T04|C09|S05|43fe24"
"","Concrete - 2501-3000 psi, 20-29% Fly Ash / NRMCA [Industry Avg | US & CA]","0.0","m³","100%","","FALSE","0","0","0","0","","Expired 2024","T04|C09|S05|a7c43b"
"","Concrete - 2501-3000 psi, 30-39% FA/SL / NRMCA [Industry Avg | US & CA]","0.0","m³","100%","","FALSE","0","0","0","0","","Expired 2024","T04|C09|S05|809f93"
"","Concrete - 2501-3000 psi, 40-49% FA/SL mix / NRMCA [Industry Avg | US & CA]","0.0","m³","100%","","FALSE","0","0","0","0","","Expired 2024","T04|C09|S05|c50635"
"","Concrete - 2501-3000 psi, >50% SCM mix / NRMCA [Industry Avg | US & CA]","0.0","m³","100%","","FALSE","0","0","0","0","","Expired 2024","T04|C09|S05|900b85"
"CONCRETE – 3001-4000 psi – N.AMERICA","","","","","","","","","","","","","T04|C09|S06"
"","Concrete - 3001-4000 psi, Standard mix / NRMCA [Industry Avg | US & CA]","0.0","m³","100%","","FALSE","0","0","0","0","","Expired 2024","T04|C09|S06|s33333"
"","Concrete - 3001-4000 psi, 20-29% Fly Ash / NRMCA [Industry Avg | US & CA]","0.0","m³","100%","","FALSE","0","0","0","0","","Expired 2024","T04|C09|S06|s33334"
"","Concrete - 3001-4000 psi, 30-39% FA/SL / NRMCA [Industry Avg | US & CA]","0.0","m³","100%","","FALSE","0","0","0","0","","Expired 2024","T04|C09|S06|s33335"
"","Concrete - 3001-4000 psi, 40-49% FA/SL mix / NRMCA [Industry Avg | US & CA]","0.0","m³","100%","","FALSE","0","0","0","0","","Expired 2024","T04|C09|S06|s33336"
"","Concrete - 3001-4000 psi, >50% SCM mix / NRMCA [Industry Avg | US & CA]","0.0","m³","100%","","FALSE","0","0","0","0","","Expired 2024","T04|C09|S06|s33337"
"CONCRETE – 4001-5000 psi – N.AMERICA","","","","","","","","","","","","","T04|C09|S08"
"","Concrete - 4001-5000 psi, Standard mix / NRMCA [Industry Avg | US & CA]","0.0","m³","100%","","FALSE","0","0","0","0","","Expired 2024","T04|C09|S08|s33338"
"","Concrete - 4001-5000 psi, 20-29% Fly Ash / NRMCA [Industry Avg | US & CA]","0.0","m³","100%","","FALSE","0","0","0","0","","Expired 2024","T04|C09|S08|s33339"
"","Concrete - 4001-5000 psi, 30-39% FA/SL / NRMCA [Industry Avg | US & CA]","0.0","m³","100%","","FALSE","0","0","0","0","","Expired 2024","T04|C09|S08|s33340"
"","Concrete - 4001-5000 psi, 40-49% FA/SL mix / NRMCA [Industry Avg | US & CA]","0.0","m³","100%","","FALSE","0","0","0","0","","Expired 2024","T04|C09|S08|s33341"
"","Concrete - 4001-5000 psi, >50% SCM mix / NRMCA [Industry Avg | US & CA]","0.0","m³","100%","","FALSE","0","0","0","0","","Expired 2024","T04|C09|S08|s33342"
"EPS FOAM ICF WALLS","","","","","","","","","","","","","T04|C10"
"(STEP 1) EPS FOAM ICF – HOLLOW SHELL","","","","","","","","","","","","","T04|C10|S01"
"","EPS FOAM ICF R-23, 2 Sheets of 2.75""@R4-in., includes webbing & 15M rebar (not incl. 6"" concrete core)","187.8","m²","100%","","FALSE","4,658","4,658","0","0","","Custom BEAM assembly (incl. LCA)","T04|C10|S01|e933b8"
"(STEP 2) EPS FOAM ICF – CONCRETE FILL","","","","","","","","","","","","","T04|C10|S02"
"CONCRETE – <= 2500 PSI – N.AMERICA","","","","","","","","","","","","","T04|C10|S06"
"","Concrete - 0-2500 psi, Standard mix / NRMCA [Industry Avg | US & CA]","187.8","m²","100%","","FALSE","0","0","0","0","","Expired 2024","T04|C10|S06|949348"
"","Concrete - 0-2500 psi, 20-29% Fly Ash / NRMCA [Industry Avg | US & CA]","187.8","m²","100%","","FALSE","0","0","0","0","","Expired 2024","T04|C10|S06|b7e1fe"
"","Concrete - 0-2500 psi, 30-39% FA/SL / NRMCA [Industry Avg | US & CA]","187.8","m²","100%","","FALSE","0","0","0","0","","Expired 2024","T04|C10|S06|d6132a"
"","Concrete - 0-2500 psi, 40-49% FA/SL mix / NRMCA [Industry Avg | US & CA]","187.8","m²","100%","","FALSE","0","0","0","0","","Expired 2024","T04|C10|S06|921b8b"
"","Concrete - 0-2500 psi, >50% SCM mix / NRMCA [Industry Avg | US & CA]","187.8","m²","100%","","FALSE","0","0","0","0","","Expired 2024","T04|C10|S06|1a5a48"
"CONCRETE – 2501-3000 PSI – N.AMERICA","","","","","","","","","","","","","T04|C10|S07"
"","Concrete - 2501-3000 psi, Standard mix / NRMCA [Industry Avg | US & CA]","187.8","m²","100%","","FALSE","0","0","0","0","","Expired 2024","T04|C10|S07|43fe24"
"","Concrete - 2501-3000 psi, 20-29% Fly Ash / NRMCA [Industry Avg | US & CA]","187.8","m²","100%","","FALSE","0","0","0","0","","Expired 2024","T04|C10|S07|a7c43b"
"","Concrete - 2501-3000 psi, 30-39% FA/SL / NRMCA [Industry Avg | US & CA]","187.8","m²","100%","","FALSE","0","0","0","0","","Expired 2024","T04|C10|S07|809f93"
"","Concrete - 2501-3000 psi, 40-49% FA/SL mix / NRMCA [Industry Avg | US & CA]","187.8","m²","100%","","FALSE","0","0","0","0","","Expired 2024","T04|C10|S07|c50635"
"","Concrete - 2501-3000 psi, >50% SCM mix / NRMCA [Industry Avg | US & CA]","187.8","m²","100%","","FALSE","0","0","0","0","","Expired 2024","T04|C10|S07|900b85"
"CONCRETE – 3001-4000 psi – N.AMERICA","","","","","","","","","","","","","T04|C10|S08"
"","Concrete - 3001-4000 psi, Standard mix / NRMCA [Industry Avg | US & CA]","187.8","m²","100%","","FALSE","0","0","0","0","","Expired 2024","T04|C10|S08|s33333"
"","Concrete - 3001-4000 psi, 20-29% Fly Ash / NRMCA [Industry Avg | US & CA]","187.8","m²","100%","","FALSE","0","0","0","0","","Expired 2024","T04|C10|S08|s33334"
"","Concrete - 3001-4000 psi, 30-39% FA/SL / NRMCA [Industry Avg | US & CA]","187.8","m²","100%","","FALSE","0","0","0","0","","Expired 2024","T04|C10|S08|s33335"
"","Concrete - 3001-4000 psi, 40-49% FA/SL mix / NRMCA [Industry Avg | US & CA]","187.8","m²","100%","","FALSE","0","0","0","0","","Expired 2024","T04|C10|S08|s33336"
"","Concrete - 3001-4000 psi, >50% SCM mix / NRMCA [Industry Avg | US & CA]","187.8","m²","100%","","FALSE","0","0","0","0","","Expired 2024","T04|C10|S08|s33337"
"CONCRETE – 4001-5000 psi – N.AMERICA","","","","","","","","","","","","","T04|C10|S09"
"","Concrete - 4001-5000 psi, Standard mix / NRMCA [Industry Avg | US & CA]","187.8","m²","100%","","FALSE","0","0","0","0","","Expired 2024","T04|C10|S09|s33338"
"","Concrete - 4001-5000 psi, 20-29% Fly Ash / NRMCA [Industry Avg | US & CA]","187.8","m²","100%","","FALSE","0","0","0","0","","Expired 2024","T04|C10|S09|s33339"
"","Concrete - 4001-5000 psi, 30-39% FA/SL / NRMCA [Industry Avg | US & CA]","187.8","m²","100%","","FALSE","0","0","0","0","","Expired 2024","T04|C10|S09|s33340"
"","Concrete - 4001-5000 psi, 40-49% FA/SL mix / NRMCA [Industry Avg | US & CA]","187.8","m²","100%","","FALSE","0","0","0","0","","Expired 2024","T04|C10|S09|s33341"
"","Concrete - 4001-5000 psi, >50% SCM mix / NRMCA [Industry Avg | US & CA]","187.8","m²","100%","","FALSE","0","0","0","0","","Expired 2024","T04|C10|S09|s33342"
"WOOD CHIP CEMENT ICF WALLS","","","","","","","","","","","","","T04|C11"
"(STEP 1) WOOD CHIP CEMENT ICF – HOLLOW SHELL","","","","","","","","","","","","","T04|C11|S01"
"","WOOD CHIP CEMENT ICF 14"" R-28 with MINERAL WOOL INSERTS (5 in. @ R4.2/in.), 15M REBAR","187.8","m²","100%","","FALSE","10,205","22,422","12,217","0","","Composite; BfCA BioC calc by mass","T04|C11|S01|707a65"
"","WOOD CHIP CEMENT ICF 12"" R-22 with MINERAL WOOL INSERTS, (3 in. @ R4.2/in.), 15M REBAR","187.8","m²","100%","","FALSE","7,596","18,650","11,054","0","","Composite; BfCA BioC calc by mass","T04|C11|S01|5712f2"
"","WOOD CHIP CEMENT ICF 14"" R-27 with CORK BOARD INSERTS (5 in. @ R4/in.), 15M REBAR","187.8","m²","100%","","FALSE","-702","18,723","19,425","0","","Composite; BfCA BioC calc by mass","T04|C11|S01|ecd60d"
"","WOOD CHIP CEMENT ICF 12"" R-21 with CORK BOARD INSERTS (3 in. @ R4/in.), 15M REBAR","187.8","m²","100%","","FALSE","1,052","16,431","15,378","0","","Composite; BfCA BioC calc by mass","T04|C11|S01|c8fcb5"
"(STEP 2) WOOD CHIP CEMENT ICF – CONCRETE FILL","","","","","","","","","","","","","T04|C11|S02"
"CONCRETE – <= 2500 PSI – N.AMERICA","","","","","","","","","","","","","T04|C11|S06"
"","Concrete - 0-2500 psi, Standard mix / NRMCA [Industry Avg | US & CA]","187.8","m²","100%","","FALSE","0","0","0","0","","Expired 2024","T04|C11|S06|949348"
"","Concrete - 0-2500 psi, 20-29% Fly Ash / NRMCA [Industry Avg | US & CA]","187.8","m²","100%","","FALSE","0","0","0","0","","Expired 2024","T04|C11|S06|b7e1fe"
"","Concrete - 0-2500 psi, 30-39% FA/SL / NRMCA [Industry Avg | US & CA]","187.8","m²","100%","","FALSE","0","0","0","0","","Expired 2024","T04|C11|S06|d6132a"
"","Concrete - 0-2500 psi, 40-49% FA/SL mix / NRMCA [Industry Avg | US & CA]","187.8","m²","100%","","FALSE","0","0","0","0","","Expired 2024","T04|C11|S06|921b8b"
"","Concrete - 0-2500 psi, >50% SCM mix / NRMCA [Industry Avg | US & CA]","187.8","m²","100%","","FALSE","0","0","0","0","","Expired 2024","T04|C11|S06|1a5a48"
"CONCRETE – 2501-3000 PSI – N.AMERICA","","","","","","","","","","","","","T04|C11|S07"
"","Concrete - 2501-3000 psi, Standard mix / NRMCA [Industry Avg | US & CA]","187.8","m²","100%","","FALSE","0","0","0","0","","Expired 2024","T04|C11|S07|43fe24"
"","Concrete - 2501-3000 psi, 20-29% Fly Ash / NRMCA [Industry Avg | US & CA]","187.8","m²","100%","","FALSE","0","0","0","0","","Expired 2024","T04|C11|S07|a7c43b"
"","Concrete - 2501-3000 psi, 30-39% FA/SL / NRMCA [Industry Avg | US & CA]","187.8","m²","100%","","FALSE","0","0","0","0","","Expired 2024","T04|C11|S07|809f93"
"","Concrete - 2501-3000 psi, 40-49% FA/SL mix / NRMCA [Industry Avg | US & CA]","187.8","m²","100%","","FALSE","0","0","0","0","","Expired 2024","T04|C11|S07|c50635"
"","Concrete - 2501-3000 psi, >50% SCM mix / NRMCA [Industry Avg | US & CA]","187.8","m²","100%","","FALSE","0","0","0","0","","Expired 2024","T04|C11|S07|900b85"
"CONCRETE – 3001-4000 psi – N.AMERICA","","","","","","","","","","","","","T04|C11|S08"
"","Concrete - 3001-4000 psi, Standard mix / NRMCA [Industry Avg | US & CA]","187.8","m²","100%","","FALSE","0","0","0","0","","Expired 2024","T04|C11|S08|s33333"
"","Concrete - 3001-4000 psi, 20-29% Fly Ash / NRMCA [Industry Avg | US & CA]","187.8","m²","100%","","FALSE","0","0","0","0","","Expired 2024","T04|C11|S08|s33334"
"","Concrete - 3001-4000 psi, 30-39% FA/SL / NRMCA [Industry Avg | US & CA]","187.8","m²","100%","","FALSE","0","0","0","0","","Expired 2024","T04|C11|S08|s33335"
"","Concrete - 3001-4000 psi, 40-49% FA/SL mix / NRMCA [Industry Avg | US & CA]","187.8","m²","100%","","FALSE","0","0","0","0","","Expired 2024","T04|C11|S08|s33336"
"","Concrete - 3001-4000 psi, >50% SCM mix / NRMCA [Industry Avg | US & CA]","187.8","m²","100%","","FALSE","0","0","0","0","","Expired 2024","T04|C11|S08|s33337"
"CONCRETE – 4001-5000 psi – N.AMERICA","","","","","","","","","","","","","T04|C11|S09"
"","Concrete - 4001-5000 psi, Standard mix / NRMCA [Industry Avg | US & CA]","187.8","m²","100%","","FALSE","0","0","0","0","","Expired 2024","T04|C11|S09|s33338"
"","Concrete - 4001-5000 psi, 20-29% Fly Ash / NRMCA [Industry Avg | US & CA]","187.8","m²","100%","","FALSE","0","0","0","0","","Expired 2024","T04|C11|S09|s33339"
"","Concrete - 4001-5000 psi, 30-39% FA/SL / NRMCA [Industry Avg | US & CA]","187.8","m²","100%","","FALSE","0","0","0","0","","Expired 2024","T04|C11|S09|s33340"
"","Concrete - 4001-5000 psi, 40-49% FA/SL mix / NRMCA [Industry Avg | US & CA]","187.8","m²","100%","","FALSE","0","0","0","0","","Expired 2024","T04|C11|S09|s33341"
"","Concrete - 4001-5000 psi, >50% SCM mix / NRMCA [Industry Avg | US & CA]","187.8","m²","100%","","FALSE","0","0","0","0","","Expired 2024","T04|C11|S09|s33342"
"EARTHEN WALL SYSTEMS – VARIABLE WIDTH","","","","","","","","","","","","","T04|C14"
"MONOLITHIC EARTH WALLS","","","","","","","","","","","","","T04|C14|S02"
"","Rammed earth / Stabilized with 8% cement / no rebar [EU]","187.8","m²","100%","","FALSE","0","0","0","0","","ICE Database (UK)","T04|C14|S02|bd05f4"
"","Rammed earth / Stabilized with 5% cement / no rebar [EU]","187.8","m²","100%","","FALSE","0","0","0","0","","ICE Database (UK)","T04|C14|S02|5fe983"
"","Rammed earth / Stabilized with 3% NHL / no rebar [EU]","187.8","m²","100%","","FALSE","0","0","0","0","","LCA","T04|C14|S02|c09ed4"
"EARTHEN WALL SYSTEMS – FIXED WIDTH","","","","","","","","","","","","","T04|C13"
"EARTH MASONRY UNIT WALLS","","","","","","","","","","","","","T04|C13|S01"
"","Compressed earth block wall / Briques Technic Concept - Cycle terre / Stabilized with 3.7% NHL / 300mm (11 13/16"") width, incl. mortar [EU]","187.8","m²","100%","","FALSE","5,221","5,221","0","0","","","T04|C13|S01|CMU006"
"MONOLITHIC EARTH WALLS","","","","","","","","","","","","","T04|C13|S02"
"","Cob wall / Site mixed / 18"" (457 mm) avg. thickness [US]","187.8","m²","100%","","FALSE","-479","2,464","2,943","0","","","T04|C13|S02|f8cf09"
"STRUCTURAL INSULATED PANEL (SIP)","","","","","","","","","","","","","T04|C12"
"EPS FOAM INSULATED PANELS","","","","","","","","","","","","","T04|C12|S01"
"","SIP panels - EPS foam & OSB / SIPA / R-45 12.25"" panel [Industry Avg | N America] ","187.8","m²","100%","","FALSE","16,545","16,545","0","4,072","FALSE","Pre-publication EPD, BfCA BioC calc by mass","T04|C12|S01|SIP004"
"","SIP panels - EPS foam & OSB / SIPA / R-38 10.25"" panel [Industry Avg | N America] ","187.8","m²","100%","","FALSE","13,967","13,967","0","4,072","FALSE","Pre-publication EPD, BfCA BioC calc by mass","T04|C12|S01|SIP003"
"","SIP panels - EPS foam & OSB / SIPA / R-30 8.25"" panel [Industry Avg | N America]","187.8","m²","100%","","FALSE","11,027","11,027","0","4,072","FALSE","Pre-publication EPD, BfCA BioC calc by mass","T04|C12|S01|SIP002"
"","SIP panels - EPS foam & OSB / SIPA / R-23 6.5"" panel [Industry Avg | N America]","187.8","m²","100%","","FALSE","8,463","8,463","0","4,072","FALSE","Pre-publication EPD, BfCA BioC calc by mass","T04|C12|S01|SIP001"
"","SIP panels - EPS foam & OSB / SIPA / R-15 4.5"" panel [Industry Avg | N America]","187.8","m²","100%","","FALSE","5,516","5,516","0","4,072","FALSE","Pre-publication EPD, BfCA BioC calc by mass","T04|C12|S01|SIP000"
"COMPOSITE SIP PANELS","","","","","","","","","","","","","T04|C12|S02"
"","SIP wall panel / Nexii Cladding Panels / 10"" panel / R34","187.8","m²","100%","","FALSE","21,785","21,785","0","0","","","T04|C12|S02|SIP005"
"","SIP wall panel / Nexii Load-bearing Panels / 10"" panel / R34","187.8","m²","100%","","FALSE","24,038","24,038","0","0","","","T04|C12|S02|SIP006"
"","Straw Insulated Panels with wood framing (SIP) / EcoCocon / Prefabricated panel, 40 cm / R35 [EU]","187.8","m²","100%","","FALSE","-13,273","2,686","15,958","0","","","T04|C12|S02|g93fwm"
"ADDITIONAL MATERIALS 🤚","","","","","","","","","","","","","T04|CAM"
"MATERIALS BY LENGTH","","","","","","","","","","","","","T04|CAM|SLE"
"","","","m","100%","","FALSE","0","","","","FALSE","","T04|CAM|SLE|000001"
"","","","m","100%","","FALSE","0","","","","FALSE","","T04|CAM|SLE|000002"
"","","","m","100%","","FALSE","0","","","","FALSE","","T04|CAM|SLE|000003"
"","","","m","100%","","FALSE","0","","","","FALSE","","T04|CAM|SLE|000004"
"","","","m","100%","","FALSE","0","","","","FALSE","","T04|CAM|SLE|000005"
"MATERIALS BY AREA","","","","","","","","","","","","","T04|CAM|SAR"
"","","","m²","100%","","FALSE","0","","","","FALSE","","T04|CAM|SAR|000001"
"","","","m²","100%","","FALSE","0","","","","FALSE","","T04|CAM|SAR|000002"
"","","","m²","100%","","FALSE","0","","","","FALSE","","T04|CAM|SAR|000003"
"","","","m²","100%","","FALSE","0","","","","FALSE","","T04|CAM|SAR|000004"
"","","","m²","100%","","FALSE","0","","","","FALSE","","T04|CAM|SAR|000005"
"MATERIALS BY R-VALUE & AREA","","","","","➜","","","","","","","","T04|CAM|SRV"
"","","","m²","1.0","","FALSE","0","","","","FALSE","","T04|CAM|SRV|000001"
"","","","m²","1.0","","FALSE","0","","","","FALSE","","T04|CAM|SRV|000002"
"","","","m²","1.0","","FALSE","0","","","","FALSE","","T04|CAM|SRV|000003"
"","","","m²","1.0","","FALSE","0","","","","FALSE","","T04|CAM|SRV|000004"
"","","","m²","1.0","","FALSE","0","","","","FALSE","","T04|CAM|SRV|000005"
"MATERIALS BY VOLUME","","","","","","","","","","","","","T04|CAM|SVO"
"","","","m³","100%","","FALSE","0","","","","FALSE","","T04|CAM|SVO|000001"
"","","","m³","100%","","FALSE","0","","","","FALSE","","T04|CAM|SVO|000002"
"","","","m³","100%","","FALSE","0","","","","FALSE","","T04|CAM|SVO|000003"
"","","","m³","100%","","FALSE","0","","","","FALSE","","T04|CAM|SVO|000004"
"","","","m³","100%","","FALSE","0","","","","FALSE","","T04|CAM|SVO|000005"
"ADD CUSTOM EPD VALUE 🤚","","","","","","","","","","","","","T04|CEP"
"","Material Description / EPD Owner / EPD ID number / EPD Program Operator / EPD Expired date","","UNITS","","","","","","","","","","T04|CEP|SMO"
"","","","","100%","","FALSE","0","","","","FALSE","","T04|CEP|SMO|000001"
"","","","","100%","","FALSE","0","","","","FALSE","","T04|CEP|SMO|000002"
"","","","","100%","","FALSE","0","","","","FALSE","","T04|CEP|SMO|000003"
"","","","","100%","","FALSE","0","","","","FALSE","","T04|CEP|SMO|000004"
"","","","","100%","","FALSE","0","","","","FALSE","","T04|CEP|SMO|000005"
"","","","","100%","","FALSE","0","","","","FALSE","","T04|CEP|SMO|000006"