SECTION 1 ➜ COMPONENT MATERIALS FOR,,,FOUNDATION - FOOTINGS & SLABS,,,,,,,,,,,,,,,,,,,,,,,,,
"INSTRUCTIONS: (double-click)
The NET kgCO2e EMISSIONS column (Col. I) shows the global warming potential (GWP) of each material based on the information provided. 
You must specify the R-VALUE, THICKNESS, FRAMING SPACING or any other required information in areas highlighted in YELLOW.
Enter ""1"" in the SELECT column (Col. H) to add each material to your building. The net carbon emissions for the selected material will be highlighted in ORANGE. 
Use the percentage values cell (Col. G) if necessary to adjust the material quantity present in the building. 
The carbon footprint of each selection will be added to the section SUBTOTAL (top of Col. M)  for this page, and for summary reporting.",,,,,,,,,,,,,,,,,,,,,,,,,,,,
CATEGORY,,MATERIAL,QUANTITY,,%,,SELECT,NET kgCO2e EMISSIONS,SELECTED MATERIAL kgCO2e CONTENT,kgCO2e EMISSIONS,kgCO2 STORAGE,kgCO2e SUBTOTAL FOR FOUNDATION FOOTINGS & SLAB,,,,,,,,,,,,,,,,
,,,,,,,,,,,, -   ,,Category,Subcategory,,,,,,,,,,,,,
CRUSHED STONE BASE,,,THICKNESS:,,in,=,0.00,m,,,,,,,,,,,,,,,,,,,,
,AGGREGATE,,,,,,,,,,,,,,,,,,,,,,,,,,,
"If you do not know the specific carbon footprint of your aggregate, chose the ""AVERAGE"" value",,Aggregate /  /  / Avg construction aggregate (gravel & sand),0.0,m2,100%,,,0,,0,0,Expired 2023,,FOUNDATION - FOOTINGS & SLABS,CRUSHED STONE BASE,,,,,,,,,,,,,
,,Aggregate / Kangley Rock & Recycling /  / Avg construction aggregate (gravel & sand),0.0,m2,100%,,,0,,0,0,Expired 2023,,FOUNDATION - FOOTINGS & SLABS,CRUSHED STONE BASE,,,,,,,,,,,,,
,,Aggregate / Martin Marietta /  / Avg construction aggregate (gravel & sand),0.0,m2,100%,,,0,,0,0,Expired 2022,,FOUNDATION - FOOTINGS & SLABS,CRUSHED STONE BASE,,,,,,,,,,,,,
,,Aggregate / Polaris Mtls Corp. /  / Avg construction aggregate (gravel & sand),0.0,m2,100%,,,0,,0,0,Expired 2022,,FOUNDATION - FOOTINGS & SLABS,CRUSHED STONE BASE,,,,,,,,,,,,,
,,Aggregate / Vulcan Mtls Co. /  / Avg construction aggregate (gravel & sand),0.0,m2,100%,,,0,,0,0,Expired 2021,,FOUNDATION - FOOTINGS & SLABS,CRUSHED STONE BASE,,,,,,,,,,,,,
"FOOTINGS, PIERS & PADS",,,,,,,,,,,,,,,,,,,,,,,,,,,,
,CONCRETE – 25 MPa or less,,,,,,,,,,,,,,,,,,,,,,,,,,,
Concrete mix specification makes a big difference in carbon footprint. The mix specifications here can be used to discuss low-carbon mix options with your supplier.,,"Concrete - 0-25 MPa, Industry Average Benchmark / CRMCA / Can. Avg. / ",0.0,m3,100%,,,0,,0,0,Expired 2022,,FOUNDATION - FOOTINGS & SLABS,FOOTINGS & PADS,,,,,,,,,,,,,
,,"Concrete - 0-25 MPa, 0-14% FA/SL, GU / CRMCA / Can. Avg. / ",0.0,m3,100%,,,0,,0,0,Expired 2022,,FOUNDATION - FOOTINGS & SLABS,FOOTINGS & PADS,,,,,,,,,,,,,
,,"Concrete - 0-25 MPa, 15-29% Fly Ash, GU / CRMCA / Can. Avg. / ",0.0,m3,100%,,,0,,0,0,Expired 2022,,FOUNDATION - FOOTINGS & SLABS,FOOTINGS & PADS,,,,,,,,,,,,,
,,"Concrete - 0-25 MPa, 30-40% Fly Ash, GU / CRMCA / Can. Avg. / ",0.0,m3,100%,,,0,,0,0,Expired 2022,,FOUNDATION - FOOTINGS & SLABS,FOOTINGS & PADS,,,,,,,,,,,,,
,,"Concrete - 0-25 MPa, 25-34% Slag, GU / CRMCA / Can. Avg. / ",0.0,m3,100%,,,0,,0,0,Expired 2022,,FOUNDATION - FOOTINGS & SLABS,FOOTINGS & PADS,,,,,,,,,,,,,
,,"Concrete - 0-25 MPa, 35-50% Slag, GU / CRMCA / Can. Avg. / ",0.0,m3,100%,,,0,,0,0,Expired 2022,,FOUNDATION - FOOTINGS & SLABS,FOOTINGS & PADS,,,,,,,,,,,,,
,,#N/A,0.0,m3,100%,,,#N/A,,#N/A,#N/A,,,FOUNDATION - FOOTINGS & SLABS,FOOTINGS & PADS,,,,,,,,,,,,,
,CONCRETE – 26-30 MPa,,,,,,,,,,,,,,,,,,,,,,,,,,,
Concrete mix specification makes a big difference in carbon footprint. The mix specifications here can be used to discuss low-carbon mix options with your supplier.,,"Concrete - 26-30 MPa, Canadian Benchmark Average / CRMCA / Can. Avg. / ",0.0,m3,100%,,,0,,0,0,Expired 2022,,FOUNDATION - FOOTINGS & SLABS,FOOTINGS & PADS,,,,,,,,,,,,,
,,"Concrete - 26-30 MPa, 0-14% FA/SL, GU / CRMCA / Can. Avg. / ",0.0,m3,100%,,,0,,0,0,Expired 2022,,FOUNDATION - FOOTINGS & SLABS,FOOTINGS & PADS,,,,,,,,,,,,,
,,"Concrete - 26-30 MPa, 15-29% Fly Ash, GU / CRMCA / Can. Avg. / ",0.0,m3,100%,,,0,,0,0,Expired 2022,,FOUNDATION - FOOTINGS & SLABS,FOOTINGS & PADS,,,,,,,,,,,,,
,,"Concrete - 26-30 MPa, 30-40% Fly Ash, GU / CRMCA / Can. Avg. / ",0.0,m3,100%,,,0,,0,0,Expired 2022,,FOUNDATION - FOOTINGS & SLABS,FOOTINGS & PADS,,,,,,,,,,,,,
,,"Concrete - 26-30 MPa, 25-34% Slag, GU / CRMCA / Can. Avg. / ",0.0,m3,100%,,,0,,0,0,Expired 2022,,FOUNDATION - FOOTINGS & SLABS,FOOTINGS & PADS,,,,,,,,,,,,,
,,"Concrete - 26-30 MPa, 35-50% Slag, GU / CRMCA / Can. Avg. / ",0.0,m3,100%,,,0,,0,0,Expired 2022,,FOUNDATION - FOOTINGS & SLABS,FOOTINGS & PADS,,,,,,,,,,,,,
,,#N/A,0.0,m3,100%,,,#N/A,,#N/A,#N/A,,,FOUNDATION - FOOTINGS & SLABS,FOOTINGS & PADS,,,,,,,,,,,,,
,CONCRETE – 31-35 MPa,,,,,,,,,,,,,,,,,,,,,,,,,,,
Concrete mix specification makes a big difference in carbon footprint. The mix specifications here can be used to discuss low-carbon mix options with your supplier.,,"Concrete - 31-35 MPa, Canadian Benchmark Average / CRMCA / Can. Avg. / ",0.0,m3,100%,,,0,,0,0,Expired 2022,,FOUNDATION - FOOTINGS & SLABS,FOOTINGS & PADS,,,,,,,,,,,,,
,,"Concrete - 31-35 MPa, 0-14% FA/SL, GU / CRMCA / Can. Avg. / ",0.0,m3,100%,,,0,,0,0,Expired 2022,,FOUNDATION - FOOTINGS & SLABS,FOOTINGS & PADS,,,,,,,,,,,,,
,,"Concrete - 31-35 MPa, 15-29% Fly Ash, GU / CRMCA / Can. Avg. / ",0.0,m3,100%,,,0,,0,0,Expired 2022,,FOUNDATION - FOOTINGS & SLABS,FOOTINGS & PADS,,,,,,,,,,,,,
,,"Concrete - 31-35 MPa, 30-40% Fly Ash, GU / CRMCA / Can. Avg. / ",0.0,m3,100%,,,0,,0,0,Expired 2022,,FOUNDATION - FOOTINGS & SLABS,FOOTINGS & PADS,,,,,,,,,,,,,
,,"Concrete - 31-35 MPa, 25-34% Slag, GU / CRMCA / Can. Avg. / ",0.0,m3,100%,,,0,,0,0,Expired 2022,,FOUNDATION - FOOTINGS & SLABS,FOOTINGS & PADS,,,,,,,,,,,,,
,,"Concrete - 31-35 MPa, 35-50% Slag, GU / CRMCA / Can. Avg. / ",0.0,m3,100%,,,0,,0,0,Expired 2022,,FOUNDATION - FOOTINGS & SLABS,FOOTINGS & PADS,,,,,,,,,,,,,
,,#N/A,0.0,m3,100%,,,#N/A,,#N/A,#N/A,,,FOUNDATION - FOOTINGS & SLABS,FOOTINGS & PADS,,,,,,,,,,,,,
REBAR,,,CUSTOM LENGTH,,m,,,,,,,,,,,,,,,,,,,,,,,
,CONCRETE REINFORCING BAR,,,,,,,,,,,,,,,,,,,,,,,,,,,
Specify an overall rebar length.,,Rebar / Concrete Reinforcing Steel Institute /  / 10M,0.0,m,100%,,,0,,0,0,Expired 2022,,FOUNDATION - FOOTINGS & SLABS,REBAR,,,,,,,,,,,,,
,,Rebar / Concrete Reinforcing Steel Institute /  / 15M,0.0,m,100%,,,0,,0,0,Expired 2022,,FOUNDATION - FOOTINGS & SLABS,REBAR,,,,,,,,,,,,,
,,Rebar / Nucor Corporation / Canadian sizes / 10M,0.0,m,100%,,,0,,0,0,,,FOUNDATION - FOOTINGS & SLABS,REBAR,,,,,,,,,,,,,
,,Rebar / Nucor Corporation / Canadian sizes / 15M,0.0,m,100%,,,0,,0,0,,,FOUNDATION - FOOTINGS & SLABS,REBAR,,,,,,,,,,,,,
,,Rebar / Nucor Corporation / Canadian sizes / 20M,0.0,m,100%,,,0,,0,0,,,FOUNDATION - FOOTINGS & SLABS,REBAR,,,,,,,,,,,,,
,,Rebar / ArcelorMittal Long Products Canada / Canadian sizes / 10M,0.0,m,100%,,,0,,0,0,Expired 2024,,FOUNDATION - FOOTINGS & SLABS,REBAR,,,,,,,,,,,,,
,,Rebar / ArcelorMittal Long Products Canada / Canadian sizes / 15M,0.0,m,100%,,,0,,0,0,Expired 2024,,FOUNDATION - FOOTINGS & SLABS,REBAR,,,,,,,,,,,,,
,,Rebar / ArcelorMittal Long Products Canada / Canadian sizes / 20M,0.0,m,100%,,,0,,0,0,Expired 2024,,FOUNDATION - FOOTINGS & SLABS,REBAR,,,,,,,,,,,,,
STEEL REINFORCING MESH,,,CUSTOM AREA:,,m2,,,,,,,,,,,,,,,,,,,,,,,
,WELDED WIRE MESH,,,,,,,,,,,,,,,,,,,,,,,,,,,
,,"Welded wire mesh / Serfas /  / 6"" x 6"" x 6/6g / Norway",0.0,m2,100%,,,0,,0,0,Expired 2021,,FOUNDATION - FOOTINGS & SLABS,STEEL REINFORCING MESH,,,,,,,,,,,,,
HELICAL PIERS,,,TOTAL LENGTH OF ALL PIERS:,,m,,,,,,,,,,,,,,,,,,,,,,,
,HELICAL PIERS,,,,,,,,,,,,,,,,,,,,,,,,,,,
Specify the total length of all piers. Use % to adjust for different sized piers,,"Helical pier / Generic /  / 3"" Nominal Pipe, 3.5 x 3/16"" (89 x 5.5 mm), 10"" Helix, Sched 40 STD Galvanized steel",0.0,m,100%,,,0,,0,0,Expired 2021,,FOUNDATION - FOOTINGS & SLABS,HELICAL PIERS,,,,,,,,,,,,,
CONCRETE SLAB FLOOR(S),,,THICKNESS:,,in,=,0,m,,,,,,,,,,,,,,,,,,,,
,CONCRETE – 25 MPa or less,,,,,,,,,,,,,,,,,,,,,,,,,,,
Concrete mix specification makes a big difference in carbon footprint. The mix specifications here can be used to discuss low-carbon mix options with your supplier.,,"Concrete - 0-25 MPa, Industry Average Benchmark / CRMCA / Can. Avg. / ",0.0,m2,100%,,,0,,0,0,Expired 2022,,FOUNDATION - FOOTINGS & SLABS,SLAB FLOOR(S),,,,,,,,,,,,,
,,"Concrete - 0-25 MPa, 0-14% FA/SL, GU / CRMCA / Can. Avg. / ",0.0,m2,100%,,,0,,0,0,Expired 2022,,FOUNDATION - FOOTINGS & SLABS,SLAB FLOOR(S),,,,,,,,,,,,,
,,"Concrete - 0-25 MPa, 15-29% Fly Ash, GU / CRMCA / Can. Avg. / ",0.0,m2,100%,,,0,,0,0,Expired 2022,,FOUNDATION - FOOTINGS & SLABS,SLAB FLOOR(S),,,,,,,,,,,,,
,,"Concrete - 0-25 MPa, 30-40% Fly Ash, GU / CRMCA / Can. Avg. / ",0.0,m2,100%,,,0,,0,0,Expired 2022,,FOUNDATION - FOOTINGS & SLABS,SLAB FLOOR(S),,,,,,,,,,,,,
,,"Concrete - 0-25 MPa, 25-34% Slag, GU / CRMCA / Can. Avg. / ",0.0,m2,100%,,,0,,0,0,Expired 2022,,FOUNDATION - FOOTINGS & SLABS,SLAB FLOOR(S),,,,,,,,,,,,,
,,"Concrete - 0-25 MPa, 35-50% Slag, GU / CRMCA / Can. Avg. / ",0.0,m2,100%,,,0,,0,0,Expired 2022,,FOUNDATION - FOOTINGS & SLABS,SLAB FLOOR(S),,,,,,,,,,,,,
,,#N/A,0.0,m2,100%,,,#N/A,,#N/A,#N/A,,,FOUNDATION - FOOTINGS & SLABS,SLAB FLOOR(S),,,,,,,,,,,,,
,CONCRETE – 26-30 MPa,,,,,,,,,,,,,,,,,,,,,,,,,,,
Concrete mix specification makes a big difference in carbon footprint. The mix specifications here can be used to discuss low-carbon mix options with your supplier.,,"Concrete - 26-30 MPa, Canadian Benchmark Average / CRMCA / Can. Avg. / ",0.0,m2,100%,,,0,,0,0,Expired 2022,,FOUNDATION - FOOTINGS & SLABS,SLAB FLOOR(S),,,,,,,,,,,,,
,,"Concrete - 26-30 MPa, 0-14% FA/SL, GU / CRMCA / Can. Avg. / ",0.0,m2,100%,,,0,,0,0,Expired 2022,,FOUNDATION - FOOTINGS & SLABS,SLAB FLOOR(S),,,,,,,,,,,,,
,,"Concrete - 26-30 MPa, 15-29% Fly Ash, GU / CRMCA / Can. Avg. / ",0.0,m2,100%,,,0,,0,0,Expired 2022,,FOUNDATION - FOOTINGS & SLABS,SLAB FLOOR(S),,,,,,,,,,,,,
,,"Concrete - 26-30 MPa, 30-40% Fly Ash, GU / CRMCA / Can. Avg. / ",0.0,m2,100%,,,0,,0,0,Expired 2022,,FOUNDATION - FOOTINGS & SLABS,SLAB FLOOR(S),,,,,,,,,,,,,
,,"Concrete - 26-30 MPa, 25-34% Slag, GU / CRMCA / Can. Avg. / ",0.0,m2,100%,,,0,,0,0,Expired 2022,,FOUNDATION - FOOTINGS & SLABS,SLAB FLOOR(S),,,,,,,,,,,,,
,,"Concrete - 26-30 MPa, 35-50% Slag, GU / CRMCA / Can. Avg. / ",0.0,m2,100%,,,0,,0,0,Expired 2022,,FOUNDATION - FOOTINGS & SLABS,SLAB FLOOR(S),,,,,,,,,,,,,
,,#N/A,0.0,m2,100%,,,#N/A,,#N/A,#N/A,,,FOUNDATION - FOOTINGS & SLABS,SLAB FLOOR(S),,,,,,,,,,,,,
,CONCRETE – 31-35 MPa,,,,,,,,,,,,,,,,,,,,,,,,,,,
Concrete mix specification makes a big difference in carbon footprint. The mix specifications here can be used to discuss low-carbon mix options with your supplier.,,"Concrete - 31-35 MPa, Canadian Benchmark Average / CRMCA / Can. Avg. / ",0.0,m2,100%,,,0,,0,0,Expired 2022,,FOUNDATION - FOOTINGS & SLABS,SLAB FLOOR(S),,,,,,,,,,,,,
,,"Concrete - 31-35 MPa, 0-14% FA/SL, GU / CRMCA / Can. Avg. / ",0.0,m2,100%,,,0,,0,0,Expired 2022,,FOUNDATION - FOOTINGS & SLABS,SLAB FLOOR(S),,,,,,,,,,,,,
,,"Concrete - 31-35 MPa, 15-29% Fly Ash, GU / CRMCA / Can. Avg. / ",0.0,m2,100%,,,0,,0,0,Expired 2022,,FOUNDATION - FOOTINGS & SLABS,SLAB FLOOR(S),,,,,,,,,,,,,
,,"Concrete - 31-35 MPa, 30-40% Fly Ash, GU / CRMCA / Can. Avg. / ",0.0,m2,100%,,,0,,0,0,Expired 2022,,FOUNDATION - FOOTINGS & SLABS,SLAB FLOOR(S),,,,,,,,,,,,,
,,"Concrete - 31-35 MPa, 25-34% Slag, GU / CRMCA / Can. Avg. / ",0.0,m2,100%,,,0,,0,0,Expired 2022,,FOUNDATION - FOOTINGS & SLABS,SLAB FLOOR(S),,,,,,,,,,,,,
,,"Concrete - 31-35 MPa, 35-50% Slag, GU / CRMCA / Can. Avg. / ",0.0,m2,100%,,,0,,0,0,Expired 2022,,FOUNDATION - FOOTINGS & SLABS,SLAB FLOOR(S),,,,,,,,,,,,,
,,#N/A,0.0,m2,100%,,,#N/A,,#N/A,#N/A,,,FOUNDATION - FOOTINGS & SLABS,SLAB FLOOR(S),,,,,,,,,,,,,
OTHER SLAB FLOOR(S),,,,,,,,,,,,,,,,,,,,,,,,,,,,
,EARTHEN FLOOR,,,,,,,,,,,,,,,,,,,,,,,,,,,
,,"Earthen Floor / Site made /  / 3"" cob, 1"" clay plaster",0.0,m2,100%,,,0,,0,0,"Adapted from peer-reviewed LCA, 2019",,FOUNDATION - FOOTINGS & SLABS,SLAB FLOOR(S),,,,,,,,,,,,,
SUB-SLAB INSULATION,,,R-VALUE:,,,,,,,,,,,,,,,,,,,,,,,,,
,EPS FOAM BOARD,,R-VALUE:,,,,,,,,,,,,,,,,,,,,,,,,,
,,EPS foam board - AVERAGE,0.0,m2,100%,,,0,,0,0,,,FOUNDATION - FOOTINGS & SLABS,SUB-SLAB INSULATION,,,,,,,,,,,,,
,,"EPS foam board / EPS Industry Alliance /  / R 4.6/inch, Type IX, 25 psi (Type 3, 140 kPa)",0.0,m2,100%,,,0,,0,0,Expired 2022,,FOUNDATION - FOOTINGS & SLABS,SUB-SLAB INSULATION,,,,,,,,,,,,,
,,"EPS foam board with graphite / BASF / Neopor / R 4.7/inch, Type IX",0.0,m2,100%,,,0,,0,0,,,FOUNDATION - FOOTINGS & SLABS,SUB-SLAB INSULATION,,,,,,,,,,,,,
,XPS FOAM BOARD,,R-VALUE:,,,,,,,,,,,,,,,,,,,,,,,,,
,,XPS foam board - AVERAGE,0.0,m2,100%,,,0,,0,0,,,FOUNDATION - FOOTINGS & SLABS,SUB-SLAB INSULATION,,,,,,,,,,,,,
,,XPS foam board / Owens Corning / Foamular NGX 250  / R 5/inch,0.0,m2,100%,,,0,,0,0,A1-B1,,FOUNDATION - FOOTINGS & SLABS,SUB-SLAB INSULATION,,,,,,,,,,,,,
,,XPS foam board / Soprema / SOPRA-XPS / R 5.0/inch,0.0,m2,100%,,,0,,0,0,A1-B1,,FOUNDATION - FOOTINGS & SLABS,SUB-SLAB INSULATION,,,,,,,,,,,,,
,,XPS foam board / DuPont / Reduced GWP Grey Styrofoam™ (same as ST-100) / R 5.0/inch,0.0,m2,100%,,,0,,0,0,A1-B1,,FOUNDATION - FOOTINGS & SLABS,SUB-SLAB INSULATION,,,,,,,,,,,,,
,,"(ARCHIVED 2023) XPS foam board / DuPont / Styrofoam (Grey, Reduced GWP) / R 5.6/inch",,,,,,,,,,A1-B1,This is archived and can be deleted (BSUP),FOUNDATION - FOOTINGS & SLABS,SUB-SLAB INSULATION,,,,,,,,,,,,,
,MINERAL WOOL BOARD,,R-VALUE:,,,,,,,,,,,,,,,,,,,,,,,,,
,,Mineral wool board - heavy density / NAIMA / R 4.2/inch,0.0,m2,100%,,,0,,0,0,Expired 2023,,FOUNDATION - FOOTINGS & SLABS,SUB-SLAB INSULATION,,,,,,,,,,,,,
,FOAMGLASS AGGREGATE,,R-VALUE:,,,,,,,,,,,,,,,,,,,,,,,,,
,,Foam glass aggregate - AVERAGE,0.0,m2,100%,,,0,,0,0,,,FOUNDATION - FOOTINGS & SLABS,SUB-SLAB INSULATION,,,,,,,,,,,,,
,,"Foam glass aggregate / Glasopor AS /  / R 1.7/inch, 10-60 mm",0.0,m2,100%,,,0,,0,0,Expired 2022,,FOUNDATION - FOOTINGS & SLABS,SUB-SLAB INSULATION,,,,,,,,,,,,,
,,"Foam glass aggregate / Hasopor /  / R 1.7/inch, 10-60 mm",0.0,m2,100%,,,0,,0,0,Expired 2022,,FOUNDATION - FOOTINGS & SLABS,SUB-SLAB INSULATION,,,,,,,,,,,,,
,,"Foam glass aggregate / Misapor / Glavel / R 1.7/inch, 10-60 mm",0.0,m2,100%,,,0,,0,0,Expired 2020,,FOUNDATION - FOOTINGS & SLABS,SUB-SLAB INSULATION,,,,,,,,,,,,,
,FOAMGLASS BOARD,,R-VALUE:,,,,,,,,,,,,,,,,,,,,,,,,,
,,Foam glass board - AVERAGE,0.0,m2,100%,,,0,,0,0,,,FOUNDATION - FOOTINGS & SLABS,SUB-SLAB INSULATION,,,,,,,,,,,,,
,,Foam glass board / Pittsburgh Corning Europe / Foamglas T4 / R3.7/inch,0.0,m2,100%,,,0,,0,0,Expired 2020,,FOUNDATION - FOOTINGS & SLABS,SUB-SLAB INSULATION,,,,,,,,,,,,,
,,"Foam glass board / Pittsburgh Corning Europe / Foamglas W+F, Foamglas T3 / R4/inch",0.0,m2,100%,,,0,,0,0,Expired 2020,,FOUNDATION - FOOTINGS & SLABS,SUB-SLAB INSULATION,,,,,,,,,,,,,
,CORK BOARD,,R-VALUE:,,,,,,,,,,,,,,,,,,,,,,,,,
,,Cork board insulation / Amorim / Isolamentos / R4/inch,0.0,m2,100%,,,0,,0,0,Expired 2021,,FOUNDATION - FOOTINGS & SLABS,SUB-SLAB INSULATION,,,,,,,,,,,,,
BASEMENT FLOORING,,,,,,,,,,,,,,,,,,,,,,,,,,,,
,HARDWOOD FLOORING,,,,,,,,,,,,,,,,,,,,,,,,,,,
,,Hardwood flooring - AVERAGE,0.0,m2,100%,,,0,,0,0,,,FOUNDATION - FOOTINGS & SLABS,BASEMENT FLOORING,,,,,,,,,,,,,
,,"Hardwood flooring / Typical Eastern Canadian, solid, pre-finished /  / 3-12"" x 3/4"" prefinished",0.0,m2,100%,,,0,,0,0,Expired 2019,,FOUNDATION - FOOTINGS & SLABS,BASEMENT FLOORING,,,,,,,,,,,,,
,,"Hardwood flooring / mafi / Natural Hardwood Planks / 3/4"", 3 ply laminated solid, oil pre-finished",0.0,m2,100%,,,0,,0,0,Expired 2025,,FOUNDATION - FOOTINGS & SLABS,BASEMENT FLOORING,,,,,,,,,,,,,
,,"Hardwood flooring / Action Floor Systems /  / 25/32"" x 3-1/4"" FSC certified",0.0,m2,100%,,,0,,0,0,Expired 2022,,FOUNDATION - FOOTINGS & SLABS,BASEMENT FLOORING,,,,,,,,,,,,,
,LINOLEUM FLOORING,,,,,,,,,,,,,,,,,,,,,,,,,,,
,,Linoleum flooring / Gerflor  / DLW Linoleum Acousticplus / 4.0 mm sheet style linoleum,0.0,m2,100%,,,0,,0,0,Expired 2025,,FOUNDATION - FOOTINGS & SLABS,BASEMENT FLOORING,,,,,,,,,,,,,
,,Linoleum flooring - AVERAGE 2.5 mm,0.0,m2,100%,,,0,,0,0,,,FOUNDATION - FOOTINGS & SLABS,BASEMENT FLOORING,,,,,,,,,,,,,
,,Linoleum flooring / Forbo / Marmoleum / 2.5 mm sheet style linoleum,0.0,m2,100%,,,0,,0,0,Expired 2023,,FOUNDATION - FOOTINGS & SLABS,BASEMENT FLOORING,,,,,,,,,,,,,
,,Linoleum flooring / Forbo / Marmoleum Striato / 2.5 mm sheet style linoleum,0.0,m2,100%,,,0,,0,0,Expired 2025,,FOUNDATION - FOOTINGS & SLABS,BASEMENT FLOORING,,,,,,,,,,,,,
,,Linoleum flooring / Gerflor  / DLW Linoleum Compact / 2.5 mm sheet style linoleum,0.0,m2,100%,,,0,,0,0,Expired 2025,,FOUNDATION - FOOTINGS & SLABS,BASEMENT FLOORING,,,,,,,,,,,,,
,,Linoleum flooring / Mannington / Legato Flooring / liquid applied,0.0,m2,100%,,,0,,0,0,Expired 2025,,FOUNDATION - FOOTINGS & SLABS,BASEMENT FLOORING,,,,,,,,,,,,,
,TILE FLOORING,,,,,,,,,,,,,,,,,,,,,,,,,,,
,,Tile flooring - AVERAGE,0.0,m2,100%,,,0,,0,0,,,FOUNDATION - FOOTINGS & SLABS,BASEMENT FLOORING,,,,,,,,,,,,,
,,"Ceramic tile / Tile Council of North America /  / Industry average. Includes porcelain, pressed, mosaic and quarry tile",0.0,m2,100%,,,0,,0,0,Expired 2020,,FOUNDATION - FOOTINGS & SLABS,BASEMENT FLOORING,,,,,,,,,,,,,
,,"Ceramic tile / StonePeak / Porcelain / Porcelain, standard grade",0.0,m2,100%,,,0,,0,0,Expired 2020,,FOUNDATION - FOOTINGS & SLABS,BASEMENT FLOORING,,,,,,,,,,,,,
,,Ceramic tile / Crossville / Porcelain / Standard grade,0.0,m2,100%,,,0,,0,0,Expired 2024,,FOUNDATION - FOOTINGS & SLABS,BASEMENT FLOORING,,,,,,,,,,,,,
,,Ceramic tile / Fireclay Tile / Ceramic - recycled content / Standard and Second grade,0.0,m2,100%,,,0,,0,0,Expired 2025,,FOUNDATION - FOOTINGS & SLABS,BASEMENT FLOORING,,,,,,,,,,,,,
,,Ceramic tile / American Wonder Porcelain / Procelain - recycled content / Standard and Second grade,0.0,m2,100%,,,0,,0,0,Expired 2024,,FOUNDATION - FOOTINGS & SLABS,BASEMENT FLOORING,,,,,,,,,,,,,
,VINYL FLOORING,,,,,,,,,,,,,,,,,,,,,,,,,,,
,,Vinyl flooring - AVERAGE,0.0,m2,100%,,,0,,0,0,,,FOUNDATION - FOOTINGS & SLABS,BASEMENT FLOORING,,,,,,,,,,,,,
,,"Vinyl flooring / Resilient Floor Covering Institute / Includes tile products from Armstrong, Congoleum, Tarkett / ",0.0,m2,100%,,,0,,0,0,Expired 2024,,FOUNDATION - FOOTINGS & SLABS,BASEMENT FLOORING,,,,,,,,,,,,,
,,Vinyl flooring / Gerflor / Creation 70 CLIC / ,0.0,m2,100%,,,0,,0,0,Expired 2021,,FOUNDATION - FOOTINGS & SLABS,BASEMENT FLOORING,,,,,,,,,,,,,
,,Vinyl flooring / Altro / Altro Lavencia Plus / ,0.0,m2,100%,,,0,,0,0,Expired 2023,,FOUNDATION - FOOTINGS & SLABS,BASEMENT FLOORING,,,,,,,,,,,,,
,,Vinyl flooring / Altro / Altro Lavencia Click / ,0.0,m2,100%,,,0,,0,0,Expired 2024,,FOUNDATION - FOOTINGS & SLABS,BASEMENT FLOORING,,,,,,,,,,,,,
,,Vinyl flooring / Shaw - Patcraft / Luxury Vinyl Tile / 2 - 5 mm ,0.0,m2,100%,,,0,,0,0,,,FOUNDATION - FOOTINGS & SLABS,BASEMENT FLOORING,,,,,,,,,,,,,
,,Vinyl flooring / Mannington / Luxury Vinyl Tile / 2.5 mm Tile and Plank,0.0,m2,100%,,,0,,0,0,,,FOUNDATION - FOOTINGS & SLABS,BASEMENT FLOORING,,,,,,,,,,,,,
,LAMINATE FLOORING,,,,,,,,,,,,,,,,,,,,,,,,,,,
,,Laminate flooring / Novalis / LVT / ,0.0,m2,100%,,,0,,0,0,Expired 2019,,FOUNDATION - FOOTINGS & SLABS,BASEMENT FLOORING,,,,,,,,,,,,,
,CORK FLOORING,,,,,,,,,,,,,,,,,,,,,,,,,,,
,,"Cork flooring / European Resilient Flooring Manufacturers' Institute / Includes: Altro, Amorim, Amtico, Artigo, Aspecta, BeauFlor, Dickson, Mflor, Forbo, Gerflor, IVC, Nora, Polyflor, Tarkett, Kahrs, Windmoller / Cork floor tiles",0.0,m2,100%,,,0,,0,0,Expired 2024,,FOUNDATION - FOOTINGS & SLABS,BASEMENT FLOORING,,,,,,,,,,,,,
,,Cork flooring / Amorim / Revestimentos S.A. / Cork floating floor planks,0.0,m2,100%,,,0,,0,0,Expired 2021,,FOUNDATION - FOOTINGS & SLABS,BASEMENT FLOORING,,,,,,,,,,,,,
,CARPET,,,,,,,,,,,,,,,,,,,,,,,,,,,
,,Carpet /  /  / Average from 150 samples in the EC3 database,0.0,m2,100%,,,0,,0,0,Multi-EPD average from EC3 Tool,,FOUNDATION - FOOTINGS & SLABS,BASEMENT FLOORING,,,,,,,,,,,,,
,,Carpet / Interface / Cquest BioX / 1.5 mm Modular tile carpet,0.0,m2,100%,,,0,,0,0,Expired 2025,,FOUNDATION - FOOTINGS & SLABS,BASEMENT FLOORING,,,,,,,,,,,,,
,,Carpet / J+J Flooring / Standard Back / all Broadloom styles,0.0,m2,100%,,,0,,0,0,Expired 2024,,FOUNDATION - FOOTINGS & SLABS,BASEMENT FLOORING,,,,,,,,,,,,,
,FLOORING - VARIOUS,,,,,,,,,,,,,,,,,,,,,,,,,,,
,,"BioBased Tile / Armstrong / BioBased Tile / Non-PVC with BioStride polyester binder, Striations BBT and Migrations BBT",0.0,m2,100%,,,0,,0,0,Expired 2024,,FOUNDATION - FOOTINGS & SLABS,BASEMENT FLOORING,,,,,,,,,,,,,
,,,,,,,,,,,,,,,,,,,,,,,,,,,,
,"© His Majesty the King in Right of Canada, as represented by the Minister of Natural Resources, 2023",,,,,,,,,,,,,,,,,,,,,,,,,,,
,"© Sa Majesté le Roi du chef du Canada, représentée par le ministre de Ressources naturelles, 2023",,,,,,,,,,,,,,,,,,,,,,,,,,,
,,,,,,,,,,,,,,,,,,,,,,,,,,,,
,,,,,,,,,,,,,,,,,,,,,,,,,,,,
,,,,,,,,,,,,,,,,,,,,,,,,,,,,
,,,,,,,,,,,,,,,,,,,,,,,,,,,,
,,,,,,,,,,,,,,,,,,,,,,,,,,,,
,,,,,,,,,,,,,,,,,,,,,,,,,,,,
,,,,,,,,,,,,,,,,,,,,,,,,,,,,
,,,,,,,,,,,,,,,,,,,,,,,,,,,,
,,,,,,,,,,,,,,,,,,,,,,,,,,,,
,,,,,,,,,,,,,,,,,,,,,,,,,,,,
,,,,,,,,,,,,,,,,,,,,,,,,,,,,
,,,,,,,,,,,,,,,,,,,,,,,,,,,,
,,,,,,,,,,,,,,,,,,,,,,,,,,,,
,,,,,,,,,,,,,,,,,,,,,,,,,,,,
,,,,,,,,,,,,,,,,,,,,,,,,,,,,
,,,,,,,,,,,,,,,,,,,,,,,,,,,,
,,,,,,,,,,,,,,,,,,,,,,,,,,,,
,,,,,,,,,,,,,,,,,,,,,,,,,,,,
,,,,,,,,,,,,,,,,,,,,,,,,,,,,
,,,,,,,,,,,,,,,,,,,,,,,,,,,,
,,,,,,,,,,,,,,,,,,,,,,,,,,,,
,,,,,,,,,,,,,,,,,,,,,,,,,,,,
,,,,,,,,,,,,,,,,,,,,,,,,,,,,
,,,,,,,,,,,,,,,,,,,,,,,,,,,,
,,,,,,,,,,,,,,,,,,,,,,,,,,,,
,,,,,,,,,,,,,,,,,,,,,,,,,,,,
,,,,,,,,,,,,,,,,,,,,,,,,,,,,
,,,,,,,,,,,,,,,,,,,,,,,,,,,,
,,,,,,,,,,,,,,,,,,,,,,,,,,,,
,,,,,,,,,,,,,,,,,,,,,,,,,,,,
,,,,,,,,,,,,,,,,,,,,,,,,,,,,
,,,,,,,,,,,,,,,,,,,,,,,,,,,,
,,,,,,,,,,,,,,,,,,,,,,,,,,,,
,,,,,,,,,,,,,,,,,,,,,,,,,,,,
,,,,,,,,,,,,,,,,,,,,,,,,,,,,
,,,,,,,,,,,,,,,,,,,,,,,,,,,,
,,,,,,,,,,,,,,,,,,,,,,,,,,,,
,,,,,,,,,,,,,,,,,,,,,,,,,,,,
,,,,,,,,,,,,,,,,,,,,,,,,,,,,
,,,,,,,,,,,,,,,,,,,,,,,,,,,,
,,,,,,,,,,,,,,,,,,,,,,,,,,,,
,,,,,,,,,,,,,,,,,,,,,,,,,,,,
,,,,,,,,,,,,,,,,,,,,,,,,,,,,
,,,,,,,,,,,,,,,,,,,,,,,,,,,,
,,,,,,,,,,,,,,,,,,,,,,,,,,,,
,,,,,,,,,,,,,,,,,,,,,,,,,,,,
,,,,,,,,,,,,,,,,,,,,,,,,,,,,
,,,,,,,,,,,,,,,,,,,,,,,,,,,,
,,,,,,,,,,,,,,,,,,,,,,,,,,,,
,,,,,,,,,,,,,,,,,,,,,,,,,,,,
,,,,,,,,,,,,,,,,,,,,,,,,,,,,
,,,,,,,,,,,,,,,,,,,,,,,,,,,,
,,,,,,,,,,,,,,,,,,,,,,,,,,,,
,,,,,,,,,,,,,,,,,,,,,,,,,,,,
,,,,,,,,,,,,,,,,,,,,,,,,,,,,
,,,,,,,,,,,,,,,,,,,,,,,,,,,,
,,,,,,,,,,,,,,,,,,,,,,,,,,,,
,,,,,,,,,,,,,,,,,,,,,,,,,,,,
,,,,,,,,,,,,,,,,,,,,,,,,,,,,
,,,,,,,,,,,,,,,,,,,,,,,,,,,,
,,,,,,,,,,,,,,,,,,,,,,,,,,,,
,,,,,,,,,,,,,,,,,,,,,,,,,,,,
,,,,,,,,,,,,,,,,,,,,,,,,,,,,
,,,,,,,,,,,,,,,,,,,,,,,,,,,,
,,,,,,,,,,,,,,,,,,,,,,,,,,,,
,,,,,,,,,,,,,,,,,,,,,,,,,,,,
,,,,,,,,,,,,,,,,,,,,,,,,,,,,
,,,,,,,,,,,,,,,,,,,,,,,,,,,,
,,,,,,,,,,,,,,,,,,,,,,,,,,,,
,,,,,,,,,,,,,,,,,,,,,,,,,,,,
,,,,,,,,,,,,,,,,,,,,,,,,,,,,
,,,,,,,,,,,,,,,,,,,,,,,,,,,,
,,,,,,,,,,,,,,,,,,,,,,,,,,,,
,,,,,,,,,,,,,,,,,,,,,,,,,,,,
,,,,,,,,,,,,,,,,,,,,,,,,,,,,
,,,,,,,,,,,,,,,,,,,,,,,,,,,,
,,,,,,,,,,,,,,,,,,,,,,,,,,,,
,,,,,,,,,,,,,,,,,,,,,,,,,,,,
,,,,,,,,,,,,,,,,,,,,,,,,,,,,
,,,,,,,,,,,,,,,,,,,,,,,,,,,,
,,,,,,,,,,,,,,,,,,,,,,,,,,,,
,,,,,,,,,,,,,,,,,,,,,,,,,,,,
,,,,,,,,,,,,,,,,,,,,,,,,,,,,
,,,,,,,,,,,,,,,,,,,,,,,,,,,,
,,,,,,,,,,,,,,,,,,,,,,,,,,,,
,,,,,,,,,,,,,,,,,,,,,,,,,,,,
,,,,,,,,,,,,,,,,,,,,,,,,,,,,
,,,,,,,,,,,,,,,,,,,,,,,,,,,,
,,,,,,,,,,,,,,,,,,,,,,,,,,,,
,,,,,,,,,,,,,,,,,,,,,,,,,,,,
,,,,,,,,,,,,,,,,,,,,,,,,,,,,
,,,,,,,,,,,,,,,,,,,,,,,,,,,,
,,,,,,,,,,,,,,,,,,,,,,,,,,,,
,,,,,,,,,,,,,,,,,,,,,,,,,,,,
,,,,,,,,,,,,,,,,,,,,,,,,,,,,
,,,,,,,,,,,,,,,,,,,,,,,,,,,,
,,,,,,,,,,,,,,,,,,,,,,,,,,,,
,,,,,,,,,,,,,,,,,,,,,,,,,,,,
,,,,,,,,,,,,,,,,,,,,,,,,,,,,
,,,,,,,,,,,,,,,,,,,,,,,,,,,,
,,,,,,,,,,,,,,,,,,,,,,,,,,,,
,,,,,,,,,,,,,,,,,,,,,,,,,,,,
,,,,,,,,,,,,,,,,,,,,,,,,,,,,
,,,,,,,,,,,,,,,,,,,,,,,,,,,,
,,,,,,,,,,,,,,,,,,,,,,,,,,,,
,,,,,,,,,,,,,,,,,,,,,,,,,,,,
,,,,,,,,,,,,,,,,,,,,,,,,,,,,
,,,,,,,,,,,,,,,,,,,,,,,,,,,,
,,,,,,,,,,,,,,,,,,,,,,,,,,,,
,,,,,,,,,,,,,,,,,,,,,,,,,,,,
,,,,,,,,,,,,,,,,,,,,,,,,,,,,
,,,,,,,,,,,,,,,,,,,,,,,,,,,,
,,,,,,,,,,,,,,,,,,,,,,,,,,,,
,,,,,,,,,,,,,,,,,,,,,,,,,,,,
,,,,,,,,,,,,,,,,,,,,,,,,,,,,
,,,,,,,,,,,,,,,,,,,,,,,,,,,,
,,,,,,,,,,,,,,,,,,,,,,,,,,,,
,,,,,,,,,,,,,,,,,,,,,,,,,,,,
,,,,,,,,,,,,,,,,,,,,,,,,,,,,
,,,,,,,,,,,,,,,,,,,,,,,,,,,,
,,,,,,,,,,,,,,,,,,,,,,,,,,,,
,,,,,,,,,,,,,,,,,,,,,,,,,,,,
,,,,,,,,,,,,,,,,,,,,,,,,,,,,
,,,,,,,,,,,,,,,,,,,,,,,,,,,,
,,,,,,,,,,,,,,,,,,,,,,,,,,,,
,,,,,,,,,,,,,,,,,,,,,,,,,,,,
,,,,,,,,,,,,,,,,,,,,,,,,,,,,
,,,,,,,,,,,,,,,,,,,,,,,,,,,,
,,,,,,,,,,,,,,,,,,,,,,,,,,,,
,,,,,,,,,,,,,,,,,,,,,,,,,,,,
,,,,,,,,,,,,,,,,,,,,,,,,,,,,
,,,,,,,,,,,,,,,,,,,,,,,,,,,,
,,,,,,,,,,,,,,,,,,,,,,,,,,,,
,,,,,,,,,,,,,,,,,,,,,,,,,,,,
,,,,,,,,,,,,,,,,,,,,,,,,,,,,
,,,,,,,,,,,,,,,,,,,,,,,,,,,,
,,,,,,,,,,,,,,,,,,,,,,,,,,,,
,,,,,,,,,,,,,,,,,,,,,,,,,,,,
,,,,,,,,,,,,,,,,,,,,,,,,,,,,
,,,,,,,,,,,,,,,,,,,,,,,,,,,,
,,,,,,,,,,,,,,,,,,,,,,,,,,,,
,,,,,,,,,,,,,,,,,,,,,,,,,,,,
,,,,,,,,,,,,,,,,,,,,,,,,,,,,
,,,,,,,,,,,,,,,,,,,,,,,,,,,,
,,,,,,,,,,,,,,,,,,,,,,,,,,,,
,,,,,,,,,,,,,,,,,,,,,,,,,,,,
,,,,,,,,,,,,,,,,,,,,,,,,,,,,
,,,,,,,,,,,,,,,,,,,,,,,,,,,,
,,,,,,,,,,,,,,,,,,,,,,,,,,,,
,,,,,,,,,,,,,,,,,,,,,,,,,,,,
,,,,,,,,,,,,,,,,,,,,,,,,,,,,
,,,,,,,,,,,,,,,,,,,,,,,,,,,,
,,,,,,,,,,,,,,,,,,,,,,,,,,,,
,,,,,,,,,,,,,,,,,,,,,,,,,,,,
,,,,,,,,,,,,,,,,,,,,,,,,,,,,
,,,,,,,,,,,,,,,,,,,,,,,,,,,,
,,,,,,,,,,,,,,,,,,,,,,,,,,,,
,,,,,,,,,,,,,,,,,,,,,,,,,,,,
,,,,,,,,,,,,,,,,,,,,,,,,,,,,
,,,,,,,,,,,,,,,,,,,,,,,,,,,,
,,,,,,,,,,,,,,,,,,,,,,,,,,,,
,,,,,,,,,,,,,,,,,,,,,,,,,,,,
,,,,,,,,,,,,,,,,,,,,,,,,,,,,
,,,,,,,,,,,,,,,,,,,,,,,,,,,,
,,,,,,,,,,,,,,,,,,,,,,,,,,,,
,,,,,,,,,,,,,,,,,,,,,,,,,,,,
,,,,,,,,,,,,,,,,,,,,,,,,,,,,
,,,,,,,,,,,,,,,,,,,,,,,,,,,,
,,,,,,,,,,,,,,,,,,,,,,,,,,,,
,,,,,,,,,,,,,,,,,,,,,,,,,,,,
,,,,,,,,,,,,,,,,,,,,,,,,,,,,
,,,,,,,,,,,,,,,,,,,,,,,,,,,,
,,,,,,,,,,,,,,,,,,,,,,,,,,,,
,,,,,,,,,,,,,,,,,,,,,,,,,,,,
,,,,,,,,,,,,,,,,,,,,,,,,,,,,
,,,,,,,,,,,,,,,,,,,,,,,,,,,,
,,,,,,,,,,,,,,,,,,,,,,,,,,,,
,,,,,,,,,,,,,,,,,,,,,,,,,,,,
,,,,,,,,,,,,,,,,,,,,,,,,,,,,
,,,,,,,,,,,,,,,,,,,,,,,,,,,,
,,,,,,,,,,,,,,,,,,,,,,,,,,,,
,,,,,,,,,,,,,,,,,,,,,,,,,,,,
,,,,,,,,,,,,,,,,,,,,,,,,,,,,
,,,,,,,,,,,,,,,,,,,,,,,,,,,,
,,,,,,,,,,,,,,,,,,,,,,,,,,,,
,,,,,,,,,,,,,,,,,,,,,,,,,,,,
,,,,,,,,,,,,,,,,,,,,,,,,,,,,
,,,,,,,,,,,,,,,,,,,,,,,,,,,,
,,,,,,,,,,,,,,,,,,,,,,,,,,,,
,,,,,,,,,,,,,,,,,,,,,,,,,,,,
,,,,,,,,,,,,,,,,,,,,,,,,,,,,
,,,,,,,,,,,,,,,,,,,,,,,,,,,,
,,,,,,,,,,,,,,,,,,,,,,,,,,,,
,,,,,,,,,,,,,,,,,,,,,,,,,,,,
,,,,,,,,,,,,,,,,,,,,,,,,,,,,
,,,,,,,,,,,,,,,,,,,,,,,,,,,,
,,,,,,,,,,,,,,,,,,,,,,,,,,,,
,,,,,,,,,,,,,,,,,,,,,,,,,,,,
,,,,,,,,,,,,,,,,,,,,,,,,,,,,
,,,,,,,,,,,,,,,,,,,,,,,,,,,,
,,,,,,,,,,,,,,,,,,,,,,,,,,,,
,,,,,,,,,,,,,,,,,,,,,,,,,,,,
,,,,,,,,,,,,,,,,,,,,,,,,,,,,
,,,,,,,,,,,,,,,,,,,,,,,,,,,,
,,,,,,,,,,,,,,,,,,,,,,,,,,,,
,,,,,,,,,,,,,,,,,,,,,,,,,,,,
,,,,,,,,,,,,,,,,,,,,,,,,,,,,
,,,,,,,,,,,,,,,,,,,,,,,,,,,,
,,,,,,,,,,,,,,,,,,,,,,,,,,,,
,,,,,,,,,,,,,,,,,,,,,,,,,,,,
,,,,,,,,,,,,,,,,,,,,,,,,,,,,
,,,,,,,,,,,,,,,,,,,,,,,,,,,,
,,,,,,,,,,,,,,,,,,,,,,,,,,,,
,,,,,,,,,,,,,,,,,,,,,,,,,,,,
,,,,,,,,,,,,,,,,,,,,,,,,,,,,
,,,,,,,,,,,,,,,,,,,,,,,,,,,,
,,,,,,,,,,,,,,,,,,,,,,,,,,,,
,,,,,,,,,,,,,,,,,,,,,,,,,,,,
,,,,,,,,,,,,,,,,,,,,,,,,,,,,
,,,,,,,,,,,,,,,,,,,,,,,,,,,,
,,,,,,,,,,,,,,,,,,,,,,,,,,,,
,,,,,,,,,,,,,,,,,,,,,,,,,,,,
,,,,,,,,,,,,,,,,,,,,,,,,,,,,
,,,,,,,,,,,,,,,,,,,,,,,,,,,,
,,,,,,,,,,,,,,,,,,,,,,,,,,,,
,,,,,,,,,,,,,,,,,,,,,,,,,,,,
,,,,,,,,,,,,,,,,,,,,,,,,,,,,
,,,,,,,,,,,,,,,,,,,,,,,,,,,,
,,,,,,,,,,,,,,,,,,,,,,,,,,,,
,,,,,,,,,,,,,,,,,,,,,,,,,,,,
,,,,,,,,,,,,,,,,,,,,,,,,,,,,
,,,,,,,,,,,,,,,,,,,,,,,,,,,,
,,,,,,,,,,,,,,,,,,,,,,,,,,,,
,,,,,,,,,,,,,,,,,,,,,,,,,,,,
,,,,,,,,,,,,,,,,,,,,,,,,,,,,
,,,,,,,,,,,,,,,,,,,,,,,,,,,,
,,,,,,,,,,,,,,,,,,,,,,,,,,,,
,,,,,,,,,,,,,,,,,,,,,,,,,,,,
,,,,,,,,,,,,,,,,,,,,,,,,,,,,
,,,,,,,,,,,,,,,,,,,,,,,,,,,,
,,,,,,,,,,,,,,,,,,,,,,,,,,,,
,,,,,,,,,,,,,,,,,,,,,,,,,,,,
,,,,,,,,,,,,,,,,,,,,,,,,,,,,
,,,,,,,,,,,,,,,,,,,,,,,,,,,,
,,,,,,,,,,,,,,,,,,,,,,,,,,,,
,,,,,,,,,,,,,,,,,,,,,,,,,,,,
,,,,,,,,,,,,,,,,,,,,,,,,,,,,
,,,,,,,,,,,,,,,,,,,,,,,,,,,,
,,,,,,,,,,,,,,,,,,,,,,,,,,,,
,,,,,,,,,,,,,,,,,,,,,,,,,,,,
,,,,,,,,,,,,,,,,,,,,,,,,,,,,
,,,,,,,,,,,,,,,,,,,,,,,,,,,,
,,,,,,,,,,,,,,,,,,,,,,,,,,,,
,,,,,,,,,,,,,,,,,,,,,,,,,,,,
,,,,,,,,,,,,,,,,,,,,,,,,,,,,
,,,,,,,,,,,,,,,,,,,,,,,,,,,,
,,,,,,,,,,,,,,,,,,,,,,,,,,,,
,,,,,,,,,,,,,,,,,,,,,,,,,,,,
,,,,,,,,,,,,,,,,,,,,,,,,,,,,
,,,,,,,,,,,,,,,,,,,,,,,,,,,,
,,,,,,,,,,,,,,,,,,,,,,,,,,,,
,,,,,,,,,,,,,,,,,,,,,,,,,,,,
,,,,,,,,,,,,,,,,,,,,,,,,,,,,
,,,,,,,,,,,,,,,,,,,,,,,,,,,,
,,,,,,,,,,,,,,,,,,,,,,,,,,,,
,,,,,,,,,,,,,,,,,,,,,,,,,,,,
,,,,,,,,,,,,,,,,,,,,,,,,,,,,
,,,,,,,,,,,,,,,,,,,,,,,,,,,,
,,,,,,,,,,,,,,,,,,,,,,,,,,,,
,,,,,,,,,,,,,,,,,,,,,,,,,,,,
,,,,,,,,,,,,,,,,,,,,,,,,,,,,
,,,,,,,,,,,,,,,,,,,,,,,,,,,,
,,,,,,,,,,,,,,,,,,,,,,,,,,,,
,,,,,,,,,,,,,,,,,,,,,,,,,,,,
,,,,,,,,,,,,,,,,,,,,,,,,,,,,
,,,,,,,,,,,,,,,,,,,,,,,,,,,,
,,,,,,,,,,,,,,,,,,,,,,,,,,,,
,,,,,,,,,,,,,,,,,,,,,,,,,,,,
,,,,,,,,,,,,,,,,,,,,,,,,,,,,
,,,,,,,,,,,,,,,,,,,,,,,,,,,,
,,,,,,,,,,,,,,,,,,,,,,,,,,,,
,,,,,,,,,,,,,,,,,,,,,,,,,,,,
,,,,,,,,,,,,,,,,,,,,,,,,,,,,
,,,,,,,,,,,,,,,,,,,,,,,,,,,,
,,,,,,,,,,,,,,,,,,,,,,,,,,,,
,,,,,,,,,,,,,,,,,,,,,,,,,,,,
,,,,,,,,,,,,,,,,,,,,,,,,,,,,
,,,,,,,,,,,,,,,,,,,,,,,,,,,,
,,,,,,,,,,,,,,,,,,,,,,,,,,,,
,,,,,,,,,,,,,,,,,,,,,,,,,,,,
,,,,,,,,,,,,,,,,,,,,,,,,,,,,
,,,,,,,,,,,,,,,,,,,,,,,,,,,,
,,,,,,,,,,,,,,,,,,,,,,,,,,,,
,,,,,,,,,,,,,,,,,,,,,,,,,,,,
,,,,,,,,,,,,,,,,,,,,,,,,,,,,
,,,,,,,,,,,,,,,,,,,,,,,,,,,,
,,,,,,,,,,,,,,,,,,,,,,,,,,,,
,,,,,,,,,,,,,,,,,,,,,,,,,,,,
,,,,,,,,,,,,,,,,,,,,,,,,,,,,
,,,,,,,,,,,,,,,,,,,,,,,,,,,,
,,,,,,,,,,,,,,,,,,,,,,,,,,,,
,,,,,,,,,,,,,,,,,,,,,,,,,,,,
,,,,,,,,,,,,,,,,,,,,,,,,,,,,
,,,,,,,,,,,,,,,,,,,,,,,,,,,,
,,,,,,,,,,,,,,,,,,,,,,,,,,,,
,,,,,,,,,,,,,,,,,,,,,,,,,,,,
,,,,,,,,,,,,,,,,,,,,,,,,,,,,
,,,,,,,,,,,,,,,,,,,,,,,,,,,,
,,,,,,,,,,,,,,,,,,,,,,,,,,,,
,,,,,,,,,,,,,,,,,,,,,,,,,,,,
,,,,,,,,,,,,,,,,,,,,,,,,,,,,
,,,,,,,,,,,,,,,,,,,,,,,,,,,,
,,,,,,,,,,,,,,,,,,,,,,,,,,,,
,,,,,,,,,,,,,,,,,,,,,,,,,,,,
,,,,,,,,,,,,,,,,,,,,,,,,,,,,
,,,,,,,,,,,,,,,,,,,,,,,,,,,,
,,,,,,,,,,,,,,,,,,,,,,,,,,,,
,,,,,,,,,,,,,,,,,,,,,,,,,,,,
,,,,,,,,,,,,,,,,,,,,,,,,,,,,
,,,,,,,,,,,,,,,,,,,,,,,,,,,,
,,,,,,,,,,,,,,,,,,,,,,,,,,,,
,,,,,,,,,,,,,,,,,,,,,,,,,,,,
,,,,,,,,,,,,,,,,,,,,,,,,,,,,
,,,,,,,,,,,,,,,,,,,,,,,,,,,,
,,,,,,,,,,,,,,,,,,,,,,,,,,,,
,,,,,,,,,,,,,,,,,,,,,,,,,,,,
,,,,,,,,,,,,,,,,,,,,,,,,,,,,
,,,,,,,,,,,,,,,,,,,,,,,,,,,,
,,,,,,,,,,,,,,,,,,,,,,,,,,,,
,,,,,,,,,,,,,,,,,,,,,,,,,,,,
,,,,,,,,,,,,,,,,,,,,,,,,,,,,
,,,,,,,,,,,,,,,,,,,,,,,,,,,,
,,,,,,,,,,,,,,,,,,,,,,,,,,,,
,,,,,,,,,,,,,,,,,,,,,,,,,,,,
,,,,,,,,,,,,,,,,,,,,,,,,,,,,
,,,,,,,,,,,,,,,,,,,,,,,,,,,,
,,,,,,,,,,,,,,,,,,,,,,,,,,,,
,,,,,,,,,,,,,,,,,,,,,,,,,,,,
,,,,,,,,,,,,,,,,,,,,,,,,,,,,
,,,,,,,,,,,,,,,,,,,,,,,,,,,,
,,,,,,,,,,,,,,,,,,,,,,,,,,,,
,,,,,,,,,,,,,,,,,,,,,,,,,,,,
,,,,,,,,,,,,,,,,,,,,,,,,,,,,
,,,,,,,,,,,,,,,,,,,,,,,,,,,,
,,,,,,,,,,,,,,,,,,,,,,,,,,,,
,,,,,,,,,,,,,,,,,,,,,,,,,,,,
,,,,,,,,,,,,,,,,,,,,,,,,,,,,
,,,,,,,,,,,,,,,,,,,,,,,,,,,,
,,,,,,,,,,,,,,,,,,,,,,,,,,,,
,,,,,,,,,,,,,,,,,,,,,,,,,,,,
,,,,,,,,,,,,,,,,,,,,,,,,,,,,
,,,,,,,,,,,,,,,,,,,,,,,,,,,,
,,,,,,,,,,,,,,,,,,,,,,,,,,,,
,,,,,,,,,,,,,,,,,,,,,,,,,,,,
,,,,,,,,,,,,,,,,,,,,,,,,,,,,
,,,,,,,,,,,,,,,,,,,,,,,,,,,,
,,,,,,,,,,,,,,,,,,,,,,,,,,,,
,,,,,,,,,,,,,,,,,,,,,,,,,,,,
,,,,,,,,,,,,,,,,,,,,,,,,,,,,
,,,,,,,,,,,,,,,,,,,,,,,,,,,,
,,,,,,,,,,,,,,,,,,,,,,,,,,,,
,,,,,,,,,,,,,,,,,,,,,,,,,,,,
,,,,,,,,,,,,,,,,,,,,,,,,,,,,
,,,,,,,,,,,,,,,,,,,,,,,,,,,,
,,,,,,,,,,,,,,,,,,,,,,,,,,,,
,,,,,,,,,,,,,,,,,,,,,,,,,,,,
,,,,,,,,,,,,,,,,,,,,,,,,,,,,
,,,,,,,,,,,,,,,,,,,,,,,,,,,,
,,,,,,,,,,,,,,,,,,,,,,,,,,,,
,,,,,,,,,,,,,,,,,,,,,,,,,,,,
,,,,,,,,,,,,,,,,,,,,,,,,,,,,
,,,,,,,,,,,,,,,,,,,,,,,,,,,,
,,,,,,,,,,,,,,,,,,,,,,,,,,,,
,,,,,,,,,,,,,,,,,,,,,,,,,,,,
,,,,,,,,,,,,,,,,,,,,,,,,,,,,
,,,,,,,,,,,,,,,,,,,,,,,,,,,,
,,,,,,,,,,,,,,,,,,,,,,,,,,,,
,,,,,,,,,,,,,,,,,,,,,,,,,,,,
,,,,,,,,,,,,,,,,,,,,,,,,,,,,
,,,,,,,,,,,,,,,,,,,,,,,,,,,,
,,,,,,,,,,,,,,,,,,,,,,,,,,,,
,,,,,,,,,,,,,,,,,,,,,,,,,,,,
,,,,,,,,,,,,,,,,,,,,,,,,,,,,
,,,,,,,,,,,,,,,,,,,,,,,,,,,,
,,,,,,,,,,,,,,,,,,,,,,,,,,,,
,,,,,,,,,,,,,,,,,,,,,,,,,,,,
,,,,,,,,,,,,,,,,,,,,,,,,,,,,
,,,,,,,,,,,,,,,,,,,,,,,,,,,,
,,,,,,,,,,,,,,,,,,,,,,,,,,,,
,,,,,,,,,,,,,,,,,,,,,,,,,,,,
,,,,,,,,,,,,,,,,,,,,,,,,,,,,
,,,,,,,,,,,,,,,,,,,,,,,,,,,,
,,,,,,,,,,,,,,,,,,,,,,,,,,,,
,,,,,,,,,,,,,,,,,,,,,,,,,,,,
,,,,,,,,,,,,,,,,,,,,,,,,,,,,
,,,,,,,,,,,,,,,,,,,,,,,,,,,,
,,,,,,,,,,,,,,,,,,,,,,,,,,,,
,,,,,,,,,,,,,,,,,,,,,,,,,,,,
,,,,,,,,,,,,,,,,,,,,,,,,,,,,
,,,,,,,,,,,,,,,,,,,,,,,,,,,,
,,,,,,,,,,,,,,,,,,,,,,,,,,,,
,,,,,,,,,,,,,,,,,,,,,,,,,,,,
,,,,,,,,,,,,,,,,,,,,,,,,,,,,
,,,,,,,,,,,,,,,,,,,,,,,,,,,,
,,,,,,,,,,,,,,,,,,,,,,,,,,,,
,,,,,,,,,,,,,,,,,,,,,,,,,,,,
,,,,,,,,,,,,,,,,,,,,,,,,,,,,
,,,,,,,,,,,,,,,,,,,,,,,,,,,,
,,,,,,,,,,,,,,,,,,,,,,,,,,,,
,,,,,,,,,,,,,,,,,,,,,,,,,,,,
,,,,,,,,,,,,,,,,,,,,,,,,,,,,
,,,,,,,,,,,,,,,,,,,,,,,,,,,,
,,,,,,,,,,,,,,,,,,,,,,,,,,,,
,,,,,,,,,,,,,,,,,,,,,,,,,,,,
,,,,,,,,,,,,,,,,,,,,,,,,,,,,
,,,,,,,,,,,,,,,,,,,,,,,,,,,,
,,,,,,,,,,,,,,,,,,,,,,,,,,,,
,,,,,,,,,,,,,,,,,,,,,,,,,,,,
,,,,,,,,,,,,,,,,,,,,,,,,,,,,
,,,,,,,,,,,,,,,,,,,,,,,,,,,,
,,,,,,,,,,,,,,,,,,,,,,,,,,,,
,,,,,,,,,,,,,,,,,,,,,,,,,,,,
,,,,,,,,,,,,,,,,,,,,,,,,,,,,
,,,,,,,,,,,,,,,,,,,,,,,,,,,,
,,,,,,,,,,,,,,,,,,,,,,,,,,,,
,,,,,,,,,,,,,,,,,,,,,,,,,,,,
,,,,,,,,,,,,,,,,,,,,,,,,,,,,
,,,,,,,,,,,,,,,,,,,,,,,,,,,,
,,,,,,,,,,,,,,,,,,,,,,,,,,,,
,,,,,,,,,,,,,,,,,,,,,,,,,,,,
,,,,,,,,,,,,,,,,,,,,,,,,,,,,
,,,,,,,,,,,,,,,,,,,,,,,,,,,,
,,,,,,,,,,,,,,,,,,,,,,,,,,,,
,,,,,,,,,,,,,,,,,,,,,,,,,,,,
,,,,,,,,,,,,,,,,,,,,,,,,,,,,
,,,,,,,,,,,,,,,,,,,,,,,,,,,,
,,,,,,,,,,,,,,,,,,,,,,,,,,,,
,,,,,,,,,,,,,,,,,,,,,,,,,,,,
,,,,,,,,,,,,,,,,,,,,,,,,,,,,
,,,,,,,,,,,,,,,,,,,,,,,,,,,,
,,,,,,,,,,,,,,,,,,,,,,,,,,,,
,,,,,,,,,,,,,,,,,,,,,,,,,,,,
,,,,,,,,,,,,,,,,,,,,,,,,,,,,
,,,,,,,,,,,,,,,,,,,,,,,,,,,,
,,,,,,,,,,,,,,,,,,,,,,,,,,,,
,,,,,,,,,,,,,,,,,,,,,,,,,,,,
,,,,,,,,,,,,,,,,,,,,,,,,,,,,
,,,,,,,,,,,,,,,,,,,,,,,,,,,,
,,,,,,,,,,,,,,,,,,,,,,,,,,,,
,,,,,,,,,,,,,,,,,,,,,,,,,,,,
,,,,,,,,,,,,,,,,,,,,,,,,,,,,
,,,,,,,,,,,,,,,,,,,,,,,,,,,,
,,,,,,,,,,,,,,,,,,,,,,,,,,,,
,,,,,,,,,,,,,,,,,,,,,,,,,,,,
,,,,,,,,,,,,,,,,,,,,,,,,,,,,
,,,,,,,,,,,,,,,,,,,,,,,,,,,,
,,,,,,,,,,,,,,,,,,,,,,,,,,,,
,,,,,,,,,,,,,,,,,,,,,,,,,,,,
,,,,,,,,,,,,,,,,,,,,,,,,,,,,
,,,,,,,,,,,,,,,,,,,,,,,,,,,,
,,,,,,,,,,,,,,,,,,,,,,,,,,,,
,,,,,,,,,,,,,,,,,,,,,,,,,,,,
,,,,,,,,,,,,,,,,,,,,,,,,,,,,
,,,,,,,,,,,,,,,,,,,,,,,,,,,,
,,,,,,,,,,,,,,,,,,,,,,,,,,,,
,,,,,,,,,,,,,,,,,,,,,,,,,,,,
,,,,,,,,,,,,,,,,,,,,,,,,,,,,
,,,,,,,,,,,,,,,,,,,,,,,,,,,,
,,,,,,,,,,,,,,,,,,,,,,,,,,,,
,,,,,,,,,,,,,,,,,,,,,,,,,,,,
,,,,,,,,,,,,,,,,,,,,,,,,,,,,
,,,,,,,,,,,,,,,,,,,,,,,,,,,,
,,,,,,,,,,,,,,,,,,,,,,,,,,,,
,,,,,,,,,,,,,,,,,,,,,,,,,,,,
,,,,,,,,,,,,,,,,,,,,,,,,,,,,
,,,,,,,,,,,,,,,,,,,,,,,,,,,,
,,,,,,,,,,,,,,,,,,,,,,,,,,,,
,,,,,,,,,,,,,,,,,,,,,,,,,,,,
,,,,,,,,,,,,,,,,,,,,,,,,,,,,
,,,,,,,,,,,,,,,,,,,,,,,,,,,,
,,,,,,,,,,,,,,,,,,,,,,,,,,,,
,,,,,,,,,,,,,,,,,,,,,,,,,,,,
,,,,,,,,,,,,,,,,,,,,,,,,,,,,
,,,,,,,,,,,,,,,,,,,,,,,,,,,,
,,,,,,,,,,,,,,,,,,,,,,,,,,,,
,,,,,,,,,,,,,,,,,,,,,,,,,,,,
,,,,,,,,,,,,,,,,,,,,,,,,,,,,
,,,,,,,,,,,,,,,,,,,,,,,,,,,,
,,,,,,,,,,,,,,,,,,,,,,,,,,,,
,,,,,,,,,,,,,,,,,,,,,,,,,,,,
,,,,,,,,,,,,,,,,,,,,,,,,,,,,
,,,,,,,,,,,,,,,,,,,,,,,,,,,,
,,,,,,,,,,,,,,,,,,,,,,,,,,,,
,,,,,,,,,,,,,,,,,,,,,,,,,,,,
,,,,,,,,,,,,,,,,,,,,,,,,,,,,
,,,,,,,,,,,,,,,,,,,,,,,,,,,,
,,,,,,,,,,,,,,,,,,,,,,,,,,,,
,,,,,,,,,,,,,,,,,,,,,,,,,,,,
,,,,,,,,,,,,,,,,,,,,,,,,,,,,
,,,,,,,,,,,,,,,,,,,,,,,,,,,,
,,,,,,,,,,,,,,,,,,,,,,,,,,,,
,,,,,,,,,,,,,,,,,,,,,,,,,,,,
,,,,,,,,,,,,,,,,,,,,,,,,,,,,
,,,,,,,,,,,,,,,,,,,,,,,,,,,,
,,,,,,,,,,,,,,,,,,,,,,,,,,,,
,,,,,,,,,,,,,,,,,,,,,,,,,,,,
,,,,,,,,,,,,,,,,,,,,,,,,,,,,
,,,,,,,,,,,,,,,,,,,,,,,,,,,,
,,,,,,,,,,,,,,,,,,,,,,,,,,,,
,,,,,,,,,,,,,,,,,,,,,,,,,,,,
,,,,,,,,,,,,,,,,,,,,,,,,,,,,
,,,,,,,,,,,,,,,,,,,,,,,,,,,,
,,,,,,,,,,,,,,,,,,,,,,,,,,,,
,,,,,,,,,,,,,,,,,,,,,,,,,,,,
,,,,,,,,,,,,,,,,,,,,,,,,,,,,
,,,,,,,,,,,,,,,,,,,,,,,,,,,,
,,,,,,,,,,,,,,,,,,,,,,,,,,,,
,,,,,,,,,,,,,,,,,,,,,,,,,,,,
,,,,,,,,,,,,,,,,,,,,,,,,,,,,
,,,,,,,,,,,,,,,,,,,,,,,,,,,,
,,,,,,,,,,,,,,,,,,,,,,,,,,,,
,,,,,,,,,,,,,,,,,,,,,,,,,,,,
,,,,,,,,,,,,,,,,,,,,,,,,,,,,
,,,,,,,,,,,,,,,,,,,,,,,,,,,,
,,,,,,,,,,,,,,,,,,,,,,,,,,,,
,,,,,,,,,,,,,,,,,,,,,,,,,,,,
,,,,,,,,,,,,,,,,,,,,,,,,,,,,
,,,,,,,,,,,,,,,,,,,,,,,,,,,,
,,,,,,,,,,,,,,,,,,,,,,,,,,,,
,,,,,,,,,,,,,,,,,,,,,,,,,,,,
,,,,,,,,,,,,,,,,,,,,,,,,,,,,
,,,,,,,,,,,,,,,,,,,,,,,,,,,,
,,,,,,,,,,,,,,,,,,,,,,,,,,,,
,,,,,,,,,,,,,,,,,,,,,,,,,,,,
,,,,,,,,,,,,,,,,,,,,,,,,,,,,
,,,,,,,,,,,,,,,,,,,,,,,,,,,,
,,,,,,,,,,,,,,,,,,,,,,,,,,,,
,,,,,,,,,,,,,,,,,,,,,,,,,,,,
,,,,,,,,,,,,,,,,,,,,,,,,,,,,
,,,,,,,,,,,,,,,,,,,,,,,,,,,,
,,,,,,,,,,,,,,,,,,,,,,,,,,,,
,,,,,,,,,,,,,,,,,,,,,,,,,,,,
,,,,,,,,,,,,,,,,,,,,,,,,,,,,
,,,,,,,,,,,,,,,,,,,,,,,,,,,,
,,,,,,,,,,,,,,,,,,,,,,,,,,,,
,,,,,,,,,,,,,,,,,,,,,,,,,,,,
,,,,,,,,,,,,,,,,,,,,,,,,,,,,
,,,,,,,,,,,,,,,,,,,,,,,,,,,,
,,,,,,,,,,,,,,,,,,,,,,,,,,,,
,,,,,,,,,,,,,,,,,,,,,,,,,,,,
,,,,,,,,,,,,,,,,,,,,,,,,,,,,
,,,,,,,,,,,,,,,,,,,,,,,,,,,,
,,,,,,,,,,,,,,,,,,,,,,,,,,,,
,,,,,,,,,,,,,,,,,,,,,,,,,,,,
,,,,,,,,,,,,,,,,,,,,,,,,,,,,
,,,,,,,,,,,,,,,,,,,,,,,,,,,,
,,,,,,,,,,,,,,,,,,,,,,,,,,,,
,,,,,,,,,,,,,,,,,,,,,,,,,,,,
,,,,,,,,,,,,,,,,,,,,,,,,,,,,
,,,,,,,,,,,,,,,,,,,,,,,,,,,,
,,,,,,,,,,,,,,,,,,,,,,,,,,,,
,,,,,,,,,,,,,,,,,,,,,,,,,,,,
,,,,,,,,,,,,,,,,,,,,,,,,,,,,
,,,,,,,,,,,,,,,,,,,,,,,,,,,,
,,,,,,,,,,,,,,,,,,,,,,,,,,,,
,,,,,,,,,,,,,,,,,,,,,,,,,,,,
,,,,,,,,,,,,,,,,,,,,,,,,,,,,
,,,,,,,,,,,,,,,,,,,,,,,,,,,,
,,,,,,,,,,,,,,,,,,,,,,,,,,,,
,,,,,,,,,,,,,,,,,,,,,,,,,,,,
,,,,,,,,,,,,,,,,,,,,,,,,,,,,
,,,,,,,,,,,,,,,,,,,,,,,,,,,,
,,,,,,,,,,,,,,,,,,,,,,,,,,,,
,,,,,,,,,,,,,,,,,,,,,,,,,,,,
,,,,,,,,,,,,,,,,,,,,,,,,,,,,
,,,,,,,,,,,,,,,,,,,,,,,,,,,,
,,,,,,,,,,,,,,,,,,,,,,,,,,,,
,,,,,,,,,,,,,,,,,,,,,,,,,,,,
,,,,,,,,,,,,,,,,,,,,,,,,,,,,
,,,,,,,,,,,,,,,,,,,,,,,,,,,,
,,,,,,,,,,,,,,,,,,,,,,,,,,,,
,,,,,,,,,,,,,,,,,,,,,,,,,,,,
,,,,,,,,,,,,,,,,,,,,,,,,,,,,
,,,,,,,,,,,,,,,,,,,,,,,,,,,,
,,,,,,,,,,,,,,,,,,,,,,,,,,,,
,,,,,,,,,,,,,,,,,,,,,,,,,,,,
,,,,,,,,,,,,,,,,,,,,,,,,,,,,
,,,,,,,,,,,,,,,,,,,,,,,,,,,,
,,,,,,,,,,,,,,,,,,,,,,,,,,,,
,,,,,,,,,,,,,,,,,,,,,,,,,,,,
,,,,,,,,,,,,,,,,,,,,,,,,,,,,
,,,,,,,,,,,,,,,,,,,,,,,,,,,,
,,,,,,,,,,,,,,,,,,,,,,,,,,,,
,,,,,,,,,,,,,,,,,,,,,,,,,,,,
,,,,,,,,,,,,,,,,,,,,,,,,,,,,
,,,,,,,,,,,,,,,,,,,,,,,,,,,,
,,,,,,,,,,,,,,,,,,,,,,,,,,,,
,,,,,,,,,,,,,,,,,,,,,,,,,,,,
,,,,,,,,,,,,,,,,,,,,,,,,,,,,
,,,,,,,,,,,,,,,,,,,,,,,,,,,,
,,,,,,,,,,,,,,,,,,,,,,,,,,,,
,,,,,,,,,,,,,,,,,,,,,,,,,,,,
,,,,,,,,,,,,,,,,,,,,,,,,,,,,
,,,,,,,,,,,,,,,,,,,,,,,,,,,,
,,,,,,,,,,,,,,,,,,,,,,,,,,,,
,,,,,,,,,,,,,,,,,,,,,,,,,,,,
,,,,,,,,,,,,,,,,,,,,,,,,,,,,
,,,,,,,,,,,,,,,,,,,,,,,,,,,,
,,,,,,,,,,,,,,,,,,,,,,,,,,,,
,,,,,,,,,,,,,,,,,,,,,,,,,,,,
,,,,,,,,,,,,,,,,,,,,,,,,,,,,
,,,,,,,,,,,,,,,,,,,,,,,,,,,,
,,,,,,,,,,,,,,,,,,,,,,,,,,,,
,,,,,,,,,,,,,,,,,,,,,,,,,,,,
,,,,,,,,,,,,,,,,,,,,,,,,,,,,
,,,,,,,,,,,,,,,,,,,,,,,,,,,,
,,,,,,,,,,,,,,,,,,,,,,,,,,,,
,,,,,,,,,,,,,,,,,,,,,,,,,,,,
,,,,,,,,,,,,,,,,,,,,,,,,,,,,
,,,,,,,,,,,,,,,,,,,,,,,,,,,,
,,,,,,,,,,,,,,,,,,,,,,,,,,,,
,,,,,,,,,,,,,,,,,,,,,,,,,,,,
,,,,,,,,,,,,,,,,,,,,,,,,,,,,
,,,,,,,,,,,,,,,,,,,,,,,,,,,,
,,,,,,,,,,,,,,,,,,,,,,,,,,,,
,,,,,,,,,,,,,,,,,,,,,,,,,,,,
,,,,,,,,,,,,,,,,,,,,,,,,,,,,
,,,,,,,,,,,,,,,,,,,,,,,,,,,,
,,,,,,,,,,,,,,,,,,,,,,,,,,,,
,,,,,,,,,,,,,,,,,,,,,,,,,,,,
,,,,,,,,,,,,,,,,,,,,,,,,,,,,
,,,,,,,,,,,,,,,,,,,,,,,,,,,,
,,,,,,,,,,,,,,,,,,,,,,,,,,,,
,,,,,,,,,,,,,,,,,,,,,,,,,,,,
,,,,,,,,,,,,,,,,,,,,,,,,,,,,
,,,,,,,,,,,,,,,,,,,,,,,,,,,,
,,,,,,,,,,,,,,,,,,,,,,,,,,,,
,,,,,,,,,,,,,,,,,,,,,,,,,,,,
,,,,,,,,,,,,,,,,,,,,,,,,,,,,
,,,,,,,,,,,,,,,,,,,,,,,,,,,,
,,,,,,,,,,,,,,,,,,,,,,,,,,,,
,,,,,,,,,,,,,,,,,,,,,,,,,,,,
,,,,,,,,,,,,,,,,,,,,,,,,,,,,
,,,,,,,,,,,,,,,,,,,,,,,,,,,,
,,,,,,,,,,,,,,,,,,,,,,,,,,,,
,,,,,,,,,,,,,,,,,,,,,,,,,,,,
,,,,,,,,,,,,,,,,,,,,,,,,,,,,
,,,,,,,,,,,,,,,,,,,,,,,,,,,,
,,,,,,,,,,,,,,,,,,,,,,,,,,,,
,,,,,,,,,,,,,,,,,,,,,,,,,,,,
,,,,,,,,,,,,,,,,,,,,,,,,,,,,
,,,,,,,,,,,,,,,,,,,,,,,,,,,,
,,,,,,,,,,,,,,,,,,,,,,,,,,,,
,,,,,,,,,,,,,,,,,,,,,,,,,,,,
,,,,,,,,,,,,,,,,,,,,,,,,,,,,
,,,,,,,,,,,,,,,,,,,,,,,,,,,,
,,,,,,,,,,,,,,,,,,,,,,,,,,,,
,,,,,,,,,,,,,,,,,,,,,,,,,,,,
,,,,,,,,,,,,,,,,,,,,,,,,,,,,
,,,,,,,,,,,,,,,,,,,,,,,,,,,,
,,,,,,,,,,,,,,,,,,,,,,,,,,,,
,,,,,,,,,,,,,,,,,,,,,,,,,,,,
,,,,,,,,,,,,,,,,,,,,,,,,,,,,
,,,,,,,,,,,,,,,,,,,,,,,,,,,,
,,,,,,,,,,,,,,,,,,,,,,,,,,,,
,,,,,,,,,,,,,,,,,,,,,,,,,,,,
,,,,,,,,,,,,,,,,,,,,,,,,,,,,
,,,,,,,,,,,,,,,,,,,,,,,,,,,,
,,,,,,,,,,,,,,,,,,,,,,,,,,,,
,,,,,,,,,,,,,,,,,,,,,,,,,,,,
,,,,,,,,,,,,,,,,,,,,,,,,,,,,
,,,,,,,,,,,,,,,,,,,,,,,,,,,,
,,,,,,,,,,,,,,,,,,,,,,,,,,,,
,,,,,,,,,,,,,,,,,,,,,,,,,,,,
,,,,,,,,,,,,,,,,,,,,,,,,,,,,
,,,,,,,,,,,,,,,,,,,,,,,,,,,,
,,,,,,,,,,,,,,,,,,,,,,,,,,,,
,,,,,,,,,,,,,,,,,,,,,,,,,,,,
,,,,,,,,,,,,,,,,,,,,,,,,,,,,
,,,,,,,,,,,,,,,,,,,,,,,,,,,,
,,,,,,,,,,,,,,,,,,,,,,,,,,,,
,,,,,,,,,,,,,,,,,,,,,,,,,,,,
,,,,,,,,,,,,,,,,,,,,,,,,,,,,
,,,,,,,,,,,,,,,,,,,,,,,,,,,,
,,,,,,,,,,,,,,,,,,,,,,,,,,,,
,,,,,,,,,,,,,,,,,,,,,,,,,,,,
,,,,,,,,,,,,,,,,,,,,,,,,,,,,
,,,,,,,,,,,,,,,,,,,,,,,,,,,,
,,,,,,,,,,,,,,,,,,,,,,,,,,,,
,,,,,,,,,,,,,,,,,,,,,,,,,,,,
,,,,,,,,,,,,,,,,,,,,,,,,,,,,
,,,,,,,,,,,,,,,,,,,,,,,,,,,,
,,,,,,,,,,,,,,,,,,,,,,,,,,,,
,,,,,,,,,,,,,,,,,,,,,,,,,,,,
,,,,,,,,,,,,,,,,,,,,,,,,,,,,
,,,,,,,,,,,,,,,,,,,,,,,,,,,,
,,,,,,,,,,,,,,,,,,,,,,,,,,,,
,,,,,,,,,,,,,,,,,,,,,,,,,,,,
,,,,,,,,,,,,,,,,,,,,,,,,,,,,
,,,,,,,,,,,,,,,,,,,,,,,,,,,,
,,,,,,,,,,,,,,,,,,,,,,,,,,,,
,,,,,,,,,,,,,,,,,,,,,,,,,,,,
,,,,,,,,,,,,,,,,,,,,,,,,,,,,
,,,,,,,,,,,,,,,,,,,,,,,,,,,,
,,,,,,,,,,,,,,,,,,,,,,,,,,,,
,,,,,,,,,,,,,,,,,,,,,,,,,,,,
,,,,,,,,,,,,,,,,,,,,,,,,,,,,
,,,,,,,,,,,,,,,,,,,,,,,,,,,,
,,,,,,,,,,,,,,,,,,,,,,,,,,,,
,,,,,,,,,,,,,,,,,,,,,,,,,,,,
,,,,,,,,,,,,,,,,,,,,,,,,,,,,
,,,,,,,,,,,,,,,,,,,,,,,,,,,,
,,,,,,,,,,,,,,,,,,,,,,,,,,,,
,,,,,,,,,,,,,,,,,,,,,,,,,,,,
,,,,,,,,,,,,,,,,,,,,,,,,,,,,
,,,,,,,,,,,,,,,,,,,,,,,,,,,,
,,,,,,,,,,,,,,,,,,,,,,,,,,,,
,,,,,,,,,,,,,,,,,,,,,,,,,,,,
,,,,,,,,,,,,,,,,,,,,,,,,,,,,
,,,,,,,,,,,,,,,,,,,,,,,,,,,,
,,,,,,,,,,,,,,,,,,,,,,,,,,,,
,,,,,,,,,,,,,,,,,,,,,,,,,,,,
,,,,,,,,,,,,,,,,,,,,,,,,,,,,
,,,,,,,,,,,,,,,,,,,,,,,,,,,,
,,,,,,,,,,,,,,,,,,,,,,,,,,,,
,,,,,,,,,,,,,,,,,,,,,,,,,,,,
,,,,,,,,,,,,,,,,,,,,,,,,,,,,
,,,,,,,,,,,,,,,,,,,,,,,,,,,,
,,,,,,,,,,,,,,,,,,,,,,,,,,,,
,,,,,,,,,,,,,,,,,,,,,,,,,,,,
,,,,,,,,,,,,,,,,,,,,,,,,,,,,
,,,,,,,,,,,,,,,,,,,,,,,,,,,,
,,,,,,,,,,,,,,,,,,,,,,,,,,,,
,,,,,,,,,,,,,,,,,,,,,,,,,,,,
,,,,,,,,,,,,,,,,,,,,,,,,,,,,
,,,,,,,,,,,,,,,,,,,,,,,,,,,,
,,,,,,,,,,,,,,,,,,,,,,,,,,,,
,,,,,,,,,,,,,,,,,,,,,,,,,,,,
,,,,,,,,,,,,,,,,,,,,,,,,,,,,
,,,,,,,,,,,,,,,,,,,,,,,,,,,,
,,,,,,,,,,,,,,,,,,,,,,,,,,,,
,,,,,,,,,,,,,,,,,,,,,,,,,,,,
,,,,,,,,,,,,,,,,,,,,,,,,,,,,
,,,,,,,,,,,,,,,,,,,,,,,,,,,,
,,,,,,,,,,,,,,,,,,,,,,,,,,,,
,,,,,,,,,,,,,,,,,,,,,,,,,,,,
,,,,,,,,,,,,,,,,,,,,,,,,,,,,
,,,,,,,,,,,,,,,,,,,,,,,,,,,,
,,,,,,,,,,,,,,,,,,,,,,,,,,,,
,,,,,,,,,,,,,,,,,,,,,,,,,,,,
,,,,,,,,,,,,,,,,,,,,,,,,,,,,
,,,,,,,,,,,,,,,,,,,,,,,,,,,,
,,,,,,,,,,,,,,,,,,,,,,,,,,,,
,,,,,,,,,,,,,,,,,,,,,,,,,,,,
,,,,,,,,,,,,,,,,,,,,,,,,,,,,
,,,,,,,,,,,,,,,,,,,,,,,,,,,,
,,,,,,,,,,,,,,,,,,,,,,,,,,,,
,,,,,,,,,,,,,,,,,,,,,,,,,,,,
,,,,,,,,,,,,,,,,,,,,,,,,,,,,
,,,,,,,,,,,,,,,,,,,,,,,,,,,,
,,,,,,,,,,,,,,,,,,,,,,,,,,,,
,,,,,,,,,,,,,,,,,,,,,,,,,,,,
,,,,,,,,,,,,,,,,,,,,,,,,,,,,
,,,,,,,,,,,,,,,,,,,,,,,,,,,,
,,,,,,,,,,,,,,,,,,,,,,,,,,,,
,,,,,,,,,,,,,,,,,,,,,,,,,,,,
,,,,,,,,,,,,,,,,,,,,,,,,,,,,
,,,,,,,,,,,,,,,,,,,,,,,,,,,,
,,,,,,,,,,,,,,,,,,,,,,,,,,,,
,,,,,,,,,,,,,,,,,,,,,,,,,,,,
,,,,,,,,,,,,,,,,,,,,,,,,,,,,
,,,,,,,,,,,,,,,,,,,,,,,,,,,,
,,,,,,,,,,,,,,,,,,,,,,,,,,,,
,,,,,,,,,,,,,,,,,,,,,,,,,,,,
,,,,,,,,,,,,,,,,,,,,,,,,,,,,
,,,,,,,,,,,,,,,,,,,,,,,,,,,,
,,,,,,,,,,,,,,,,,,,,,,,,,,,,
,,,,,,,,,,,,,,,,,,,,,,,,,,,,
,,,,,,,,,,,,,,,,,,,,,,,,,,,,
,,,,,,,,,,,,,,,,,,,,,,,,,,,,
,,,,,,,,,,,,,,,,,,,,,,,,,,,,
,,,,,,,,,,,,,,,,,,,,,,,,,,,,
,,,,,,,,,,,,,,,,,,,,,,,,,,,,
,,,,,,,,,,,,,,,,,,,,,,,,,,,,
,,,,,,,,,,,,,,,,,,,,,,,,,,,,
,,,,,,,,,,,,,,,,,,,,,,,,,,,,
,,,,,,,,,,,,,,,,,,,,,,,,,,,,
,,,,,,,,,,,,,,,,,,,,,,,,,,,,
,,,,,,,,,,,,,,,,,,,,,,,,,,,,
,,,,,,,,,,,,,,,,,,,,,,,,,,,,
,,,,,,,,,,,,,,,,,,,,,,,,,,,,
,,,,,,,,,,,,,,,,,,,,,,,,,,,,
,,,,,,,,,,,,,,,,,,,,,,,,,,,,
,,,,,,,,,,,,,,,,,,,,,,,,,,,,
,,,,,,,,,,,,,,,,,,,,,,,,,,,,
,,,,,,,,,,,,,,,,,,,,,,,,,,,,
,,,,,,,,,,,,,,,,,,,,,,,,,,,,
,,,,,,,,,,,,,,,,,,,,,,,,,,,,
,,,,,,,,,,,,,,,,,,,,,,,,,,,,
,,,,,,,,,,,,,,,,,,,,,,,,,,,,
,,,,,,,,,,,,,,,,,,,,,,,,,,,,
,,,,,,,,,,,,,,,,,,,,,,,,,,,,
,,,,,,,,,,,,,,,,,,,,,,,,,,,,
,,,,,,,,,,,,,,,,,,,,,,,,,,,,
,,,,,,,,,,,,,,,,,,,,,,,,,,,,
,,,,,,,,,,,,,,,,,,,,,,,,,,,,
,,,,,,,,,,,,,,,,,,,,,,,,,,,,
,,,,,,,,,,,,,,,,,,,,,,,,,,,,
,,,,,,,,,,,,,,,,,,,,,,,,,,,,
,,,,,,,,,,,,,,,,,,,,,,,,,,,,
,,,,,,,,,,,,,,,,,,,,,,,,,,,,
,,,,,,,,,,,,,,,,,,,,,,,,,,,,
,,,,,,,,,,,,,,,,,,,,,,,,,,,,
,,,,,,,,,,,,,,,,,,,,,,,,,,,,
,,,,,,,,,,,,,,,,,,,,,,,,,,,,
,,,,,,,,,,,,,,,,,,,,,,,,,,,,
,,,,,,,,,,,,,,,,,,,,,,,,,,,,
,,,,,,,,,,,,,,,,,,,,,,,,,,,,
,,,,,,,,,,,,,,,,,,,,,,,,,,,,
,,,,,,,,,,,,,,,,,,,,,,,,,,,,
,,,,,,,,,,,,,,,,,,,,,,,,,,,,
,,,,,,,,,,,,,,,,,,,,,,,,,,,,
,,,,,,,,,,,,,,,,,,,,,,,,,,,,
,,,,,,,,,,,,,,,,,,,,,,,,,,,,
,,,,,,,,,,,,,,,,,,,,,,,,,,,,
,,,,,,,,,,,,,,,,,,,,,,,,,,,,
,,,,,,,,,,,,,,,,,,,,,,,,,,,,
,,,,,,,,,,,,,,,,,,,,,,,,,,,,
,,,,,,,,,,,,,,,,,,,,,,,,,,,,
,,,,,,,,,,,,,,,,,,,,,,,,,,,,
,,,,,,,,,,,,,,,,,,,,,,,,,,,,
,,,,,,,,,,,,,,,,,,,,,,,,,,,,
,,,,,,,,,,,,,,,,,,,,,,,,,,,,
,,,,,,,,,,,,,,,,,,,,,,,,,,,,
,,,,,,,,,,,,,,,,,,,,,,,,,,,,
,,,,,,,,,,,,,,,,,,,,,,,,,,,,
,,,,,,,,,,,,,,,,,,,,,,,,,,,,
,,,,,,,,,,,,,,,,,,,,,,,,,,,,
,,,,,,,,,,,,,,,,,,,,,,,,,,,,
,,,,,,,,,,,,,,,,,,,,,,,,,,,,
,,,,,,,,,,,,,,,,,,,,,,,,,,,,
,,,,,,,,,,,,,,,,,,,,,,,,,,,,
,,,,,,,,,,,,,,,,,,,,,,,,,,,,
,,,,,,,,,,,,,,,,,,,,,,,,,,,,
,,,,,,,,,,,,,,,,,,,,,,,,,,,,
,,,,,,,,,,,,,,,,,,,,,,,,,,,,
,,,,,,,,,,,,,,,,,,,,,,,,,,,,
,,,,,,,,,,,,,,,,,,,,,,,,,,,,
,,,,,,,,,,,,,,,,,,,,,,,,,,,,
,,,,,,,,,,,,,,,,,,,,,,,,,,,,
,,,,,,,,,,,,,,,,,,,,,,,,,,,,
,,,,,,,,,,,,,,,,,,,,,,,,,,,,
,,,,,,,,,,,,,,,,,,,,,,,,,,,,
,,,,,,,,,,,,,,,,,,,,,,,,,,,,
,,,,,,,,,,,,,,,,,,,,,,,,,,,,
,,,,,,,,,,,,,,,,,,,,,,,,,,,,
,,,,,,,,,,,,,,,,,,,,,,,,,,,,
,,,,,,,,,,,,,,,,,,,,,,,,,,,,
,,,,,,,,,,,,,,,,,,,,,,,,,,,,
,,,,,,,,,,,,,,,,,,,,,,,,,,,,
,,,,,,,,,,,,,,,,,,,,,,,,,,,,
,,,,,,,,,,,,,,,,,,,,,,,,,,,,
,,,,,,,,,,,,,,,,,,,,,,,,,,,,
,,,,,,,,,,,,,,,,,,,,,,,,,,,,
,,,,,,,,,,,,,,,,,,,,,,,,,,,,
,,,,,,,,,,,,,,,,,,,,,,,,,,,,
,,,,,,,,,,,,,,,,,,,,,,,,,,,,
,,,,,,,,,,,,,,,,,,,,,,,,,,,,
,,,,,,,,,,,,,,,,,,,,,,,,,,,,
,,,,,,,,,,,,,,,,,,,,,,,,,,,,
,,,,,,,,,,,,,,,,,,,,,,,,,,,,
,,,,,,,,,,,,,,,,,,,,,,,,,,,,
,,,,,,,,,,,,,,,,,,,,,,,,,,,,
,,,,,,,,,,,,,,,,,,,,,,,,,,,,
,,,,,,,,,,,,,,,,,,,,,,,,,,,,
,,,,,,,,,,,,,,,,,,,,,,,,,,,,
,,,,,,,,,,,,,,,,,,,,,,,,,,,,
,,,,,,,,,,,,,,,,,,,,,,,,,,,,
,,,,,,,,,,,,,,,,,,,,,,,,,,,,
,,,,,,,,,,,,,,,,,,,,,,,,,,,,
,,,,,,,,,,,,,,,,,,,,,,,,,,,,
,,,,,,,,,,,,,,,,,,,,,,,,,,,,
,,,,,,,,,,,,,,,,,,,,,,,,,,,,
,,,,,,,,,,,,,,,,,,,,,,,,,,,,
,,,,,,,,,,,,,,,,,,,,,,,,,,,,
,,,,,,,,,,,,,,,,,,,,,,,,,,,,
,,,,,,,,,,,,,,,,,,,,,,,,,,,,
,,,,,,,,,,,,,,,,,,,,,,,,,,,,
,,,,,,,,,,,,,,,,,,,,,,,,,,,,
,,,,,,,,,,,,,,,,,,,,,,,,,,,,
,,,,,,,,,,,,,,,,,,,,,,,,,,,,
,,,,,,,,,,,,,,,,,,,,,,,,,,,,
,,,,,,,,,,,,,,,,,,,,,,,,,,,,
,,,,,,,,,,,,,,,,,,,,,,,,,,,,
,,,,,,,,,,,,,,,,,,,,,,,,,,,,
,,,,,,,,,,,,,,,,,,,,,,,,,,,,
,,,,,,,,,,,,,,,,,,,,,,,,,,,,
,,,,,,,,,,,,,,,,,,,,,,,,,,,,
,,,,,,,,,,,,,,,,,,,,,,,,,,,,
,,,,,,,,,,,,,,,,,,,,,,,,,,,,
,,,,,,,,,,,,,,,,,,,,,,,,,,,,
,,,,,,,,,,,,,,,,,,,,,,,,,,,,
,,,,,,,,,,,,,,,,,,,,,,,,,,,,
,,,,,,,,,,,,,,,,,,,,,,,,,,,,
,,,,,,,,,,,,,,,,,,,,,,,,,,,,
,,,,,,,,,,,,,,,,,,,,,,,,,,,,
,,,,,,,,,,,,,,,,,,,,,,,,,,,,
,,,,,,,,,,,,,,,,,,,,,,,,,,,,
,,,,,,,,,,,,,,,,,,,,,,,,,,,,
,,,,,,,,,,,,,,,,,,,,,,,,,,,,
,,,,,,,,,,,,,,,,,,,,,,,,,,,,
,,,,,,,,,,,,,,,,,,,,,,,,,,,,
,,,,,,,,,,,,,,,,,,,,,,,,,,,,
,,,,,,,,,,,,,,,,,,,,,,,,,,,,
,,,,,,,,,,,,,,,,,,,,,,,,,,,,
,,,,,,,,,,,,,,,,,,,,,,,,,,,,
,,,,,,,,,,,,,,,,,,,,,,,,,,,,
,,,,,,,,,,,,,,,,,,,,,,,,,,,,
,,,,,,,,,,,,,,,,,,,,,,,,,,,,
,,,,,,,,,,,,,,,,,,,,,,,,,,,,
,,,,,,,,,,,,,,,,,,,,,,,,,,,,
,,,,,,,,,,,,,,,,,,,,,,,,,,,,
,,,,,,,,,,,,,,,,,,,,,,,,,,,,
,,,,,,,,,,,,,,,,,,,,,,,,,,,,
,,,,,,,,,,,,,,,,,,,,,,,,,,,,
,,,,,,,,,,,,,,,,,,,,,,,,,,,,
,,,,,,,,,,,,,,,,,,,,,,,,,,,,
,,,,,,,,,,,,,,,,,,,,,,,,,,,,
,,,,,,,,,,,,,,,,,,,,,,,,,,,,
,,,,,,,,,,,,,,,,,,,,,,,,,,,,
,,,,,,,,,,,,,,,,,,,,,,,,,,,,
,,,,,,,,,,,,,,,,,,,,,,,,,,,,
,,,,,,,,,,,,,,,,,,,,,,,,,,,,
,,,,,,,,,,,,,,,,,,,,,,,,,,,,
,,,,,,,,,,,,,,,,,,,,,,,,,,,,
,,,,,,,,,,,,,,,,,,,,,,,,,,,,
,,,,,,,,,,,,,,,,,,,,,,,,,,,,
,,,,,,,,,,,,,,,,,,,,,,,,,,,,
,,,,,,,,,,,,,,,,,,,,,,,,,,,,
,,,,,,,,,,,,,,,,,,,,,,,,,,,,
,,,,,,,,,,,,,,,,,,,,,,,,,,,,
,,,,,,,,,,,,,,,,,,,,,,,,,,,,
,,,,,,,,,,,,,,,,,,,,,,,,,,,,
,,,,,,,,,,,,,,,,,,,,,,,,,,,,
,,,,,,,,,,,,,,,,,,,,,,,,,,,,
,,,,,,,,,,,,,,,,,,,,,,,,,,,,
,,,,,,,,,,,,,,,,,,,,,,,,,,,,
,,,,,,,,,,,,,,,,,,,,,,,,,,,,
,,,,,,,,,,,,,,,,,,,,,,,,,,,,
,,,,,,,,,,,,,,,,,,,,,,,,,,,,
,,,,,,,,,,,,,,,,,,,,,,,,,,,,
,,,,,,,,,,,,,,,,,,,,,,,,,,,,
,,,,,,,,,,,,,,,,,,,,,,,,,,,,
,,,,,,,,,,,,,,,,,,,,,,,,,,,,
,,,,,,,,,,,,,,,,,,,,,,,,,,,,
,,,,,,,,,,,,,,,,,,,,,,,,,,,,
,,,,,,,,,,,,,,,,,,,,,,,,,,,,
,,,,,,,,,,,,,,,,,,,,,,,,,,,,
,,,,,,,,,,,,,,,,,,,,,,,,,,,,
,,,,,,,,,,,,,,,,,,,,,,,,,,,,
,,,,,,,,,,,,,,,,,,,,,,,,,,,,
,,,,,,,,,,,,,,,,,,,,,,,,,,,,
,,,,,,,,,,,,,,,,,,,,,,,,,,,,
,,,,,,,,,,,,,,,,,,,,,,,,,,,,
,,,,,,,,,,,,,,,,,,,,,,,,,,,,
,,,,,,,,,,,,,,,,,,,,,,,,,,,,
,,,,,,,,,,,,,,,,,,,,,,,,,,,,
,,,,,,,,,,,,,,,,,,,,,,,,,,,,
,,,,,,,,,,,,,,,,,,,,,,,,,,,,
,,,,,,,,,,,,,,,,,,,,,,,,,,,,
,,,,,,,,,,,,,,,,,,,,,,,,,,,,
,,,,,,,,,,,,,,,,,,,,,,,,,,,,
,,,,,,,,,,,,,,,,,,,,,,,,,,,,
,,,,,,,,,,,,,,,,,,,,,,,,,,,,
,,,,,,,,,,,,,,,,,,,,,,,,,,,,
,,,,,,,,,,,,,,,,,,,,,,,,,,,,
,,,,,,,,,,,,,,,,,,,,,,,,,,,,
,,,,,,,,,,,,,,,,,,,,,,,,,,,,
,,,,,,,,,,,,,,,,,,,,,,,,,,,,
,,,,,,,,,,,,,,,,,,,,,,,,,,,,
,,,,,,,,,,,,,,,,,,,,,,,,,,,,
,,,,,,,,,,,,,,,,,,,,,,,,,,,,
,,,,,,,,,,,,,,,,,,,,,,,,,,,,
,,,,,,,,,,,,,,,,,,,,,,,,,,,,
,,,,,,,,,,,,,,,,,,,,,,,,,,,,
,,,,,,,,,,,,,,,,,,,,,,,,,,,,
,,,,,,,,,,,,,,,,,,,,,,,,,,,,
,,,,,,,,,,,,,,,,,,,,,,,,,,,,
,,,,,,,,,,,,,,,,,,,,,,,,,,,,
,,,,,,,,,,,,,,,,,,,,,,,,,,,,
,,,,,,,,,,,,,,,,,,,,,,,,,,,,
,,,,,,,,,,,,,,,,,,,,,,,,,,,,
,,,,,,,,,,,,,,,,,,,,,,,,,,,,
,,,,,,,,,,,,,,,,,,,,,,,,,,,,
,,,,,,,,,,,,,,,,,,,,,,,,,,,,
,,,,,,,,,,,,,,,,,,,,,,,,,,,,
,,,,,,,,,,,,,,,,,,,,,,,,,,,,
,,,,,,,,,,,,,,,,,,,,,,,,,,,,
,,,,,,,,,,,,,,,,,,,,,,,,,,,,
,,,,,,,,,,,,,,,,,,,,,,,,,,,,
,,,,,,,,,,,,,,,,,,,,,,,,,,,,
,,,,,,,,,,,,,,,,,,,,,,,,,,,,
,,,,,,,,,,,,,,,,,,,,,,,,,,,,
,,,,,,,,,,,,,,,,,,,,,,,,,,,,
,,,,,,,,,,,,,,,,,,,,,,,,,,,,
,,,,,,,,,,,,,,,,,,,,,,,,,,,,
,,,,,,,,,,,,,,,,,,,,,,,,,,,,
,,,,,,,,,,,,,,,,,,,,,,,,,,,,
,,,,,,,,,,,,,,,,,,,,,,,,,,,,
,,,,,,,,,,,,,,,,,,,,,,,,,,,,
,,,,,,,,,,,,,,,,,,,,,,,,,,,,
,,,,,,,,,,,,,,,,,,,,,,,,,,,,
,,,,,,,,,,,,,,,,,,,,,,,,,,,,
,,,,,,,,,,,,,,,,,,,,,,,,,,,,
,,,,,,,,,,,,,,,,,,,,,,,,,,,,
,,,,,,,,,,,,,,,,,,,,,,,,,,,,
,,,,,,,,,,,,,,,,,,,,,,,,,,,,
,,,,,,,,,,,,,,,,,,,,,,,,,,,,
,,,,,,,,,,,,,,,,,,,,,,,,,,,,
,,,,,,,,,,,,,,,,,,,,,,,,,,,,
,,,,,,,,,,,,,,,,,,,,,,,,,,,,
,,,,,,,,,,,,,,,,,,,,,,,,,,,,
,,,,,,,,,,,,,,,,,,,,,,,,,,,,
,,,,,,,,,,,,,,,,,,,,,,,,,,,,
,,,,,,,,,,,,,,,,,,,,,,,,,,,,
,,,,,,,,,,,,,,,,,,,,,,,,,,,,
,,,,,,,,,,,,,,,,,,,,,,,,,,,,
,,,,,,,,,,,,,,,,,,,,,,,,,,,,
,,,,,,,,,,,,,,,,,,,,,,,,,,,,
,,,,,,,,,,,,,,,,,,,,,,,,,,,,
,,,,,,,,,,,,,,,,,,,,,,,,,,,,
,,,,,,,,,,,,,,,,,,,,,,,,,,,,
,,,,,,,,,,,,,,,,,,,,,,,,,,,,
,,,,,,,,,,,,,,,,,,,,,,,,,,,,
,,,,,,,,,,,,,,,,,,,,,,,,,,,,
,,,,,,,,,,,,,,,,,,,,,,,,,,,,
,,,,,,,,,,,,,,,,,,,,,,,,,,,,
,,,,,,,,,,,,,,,,,,,,,,,,,,,,
,,,,,,,,,,,,,,,,,,,,,,,,,,,,
,,,,,,,,,,,,,,,,,,,,,,,,,,,,
,,,,,,,,,,,,,,,,,,,,,,,,,,,,
,,,,,,,,,,,,,,,,,,,,,,,,,,,,
,,,,,,,,,,,,,,,,,,,,,,,,,,,,
,,,,,,,,,,,,,,,,,,,,,,,,,,,,
,,,,,,,,,,,,,,,,,,,,,,,,,,,,
,,,,,,,,,,,,,,,,,,,,,,,,,,,,
,,,,,,,,,,,,,,,,,,,,,,,,,,,,
,,,,,,,,,,,,,,,,,,,,,,,,,,,,
,,,,,,,,,,,,,,,,,,,,,,,,,,,,
,,,,,,,,,,,,,,,,,,,,,,,,,,,,
,,,,,,,,,,,,,,,,,,,,,,,,,,,,
,,,,,,,,,,,,,,,,,,,,,,,,,,,,
,,,,,,,,,,,,,,,,,,,,,,,,,,,,
,,,,,,,,,,,,,,,,,,,,,,,,,,,,
,,,,,,,,,,,,,,,,,,,,,,,,,,,,
,,,,,,,,,,,,,,,,,,,,,,,,,,,,
,,,,,,,,,,,,,,,,,,,,,,,,,,,,
,,,,,,,,,,,,,,,,,,,,,,,,,,,,
,,,,,,,,,,,,,,,,,,,,,,,,,,,,
,,,,,,,,,,,,,,,,,,,,,,,,,,,,
,,,,,,,,,,,,,,,,,,,,,,,,,,,,
,,,,,,,,,,,,,,,,,,,,,,,,,,,,
,,,,,,,,,,,,,,,,,,,,,,,,,,,,
,,,,,,,,,,,,,,,,,,,,,,,,,,,,
,,,,,,,,,,,,,,,,,,,,,,,,,,,,
,,,,,,,,,,,,,,,,,,,,,,,,,,,,
,,,,,,,,,,,,,,,,,,,,,,,,,,,,
,,,,,,,,,,,,,,,,,,,,,,,,,,,,
,,,,,,,,,,,,,,,,,,,,,,,,,,,,
,,,,,,,,,,,,,,,,,,,,,,,,,,,,
,,,,,,,,,,,,,,,,,,,,,,,,,,,,
,,,,,,,,,,,,,,,,,,,,,,,,,,,,
,,,,,,,,,,,,,,,,,,,,,,,,,,,,
,,,,,,,,,,,,,,,,,,,,,,,,,,,,
,,,,,,,,,,,,,,,,,,,,,,,,,,,,
,,,,,,,,,,,,,,,,,,,,,,,,,,,,
,,,,,,,,,,,,,,,,,,,,,,,,,,,,
,,,,,,,,,,,,,,,,,,,,,,,,,,,,
,,,,,,,,,,,,,,,,,,,,,,,,,,,,
,,,,,,,,,,,,,,,,,,,,,,,,,,,,
,,,,,,,,,,,,,,,,,,,,,,,,,,,,
,,,,,,,,,,,,,,,,,,,,,,,,,,,,
,,,,,,,,,,,,,,,,,,,,,,,,,,,,
,,,,,,,,,,,,,,,,,,,,,,,,,,,,
,,,,,,,,,,,,,,,,,,,,,,,,,,,,
,,,,,,,,,,,,,,,,,,,,,,,,,,,,
,,,,,,,,,,,,,,,,,,,,,,,,,,,,
,,,,,,,,,,,,,,,,,,,,,,,,,,,,
,,,,,,,,,,,,,,,,,,,,,,,,,,,,
,,,,,,,,,,,,,,,,,,,,,,,,,,,,
,,,,,,,,,,,,,,,,,,,,,,,,,,,,
,,,,,,,,,,,,,,,,,,,,,,,,,,,,
,,,,,,,,,,,,,,,,,,,,,,,,,,,,
,,,,,,,,,,,,,,,,,,,,,,,,,,,,
,,,,,,,,,,,,,,,,,,,,,,,,,,,,
,,,,,,,,,,,,,,,,,,,,,,,,,,,,
,,,,,,,,,,,,,,,,,,,,,,,,,,,,
,,,,,,,,,,,,,,,,,,,,,,,,,,,,
,,,,,,,,,,,,,,,,,,,,,,,,,,,,
,,,,,,,,,,,,,,,,,,,,,,,,,,,,
,,,,,,,,,,,,,,,,,,,,,,,,,,,,
,,,,,,,,,,,,,,,,,,,,,,,,,,,,
,,,,,,,,,,,,,,,,,,,,,,,,,,,,
,,,,,,,,,,,,,,,,,,,,,,,,,,,,
,,,,,,,,,,,,,,,,,,,,,,,,,,,,
,,,,,,,,,,,,,,,,,,,,,,,,,,,,
,,,,,,,,,,,,,,,,,,,,,,,,,,,,
,,,,,,,,,,,,,,,,,,,,,,,,,,,,
,,,,,,,,,,,,,,,,,,,,,,,,,,,,
,,,,,,,,,,,,,,,,,,,,,,,,,,,,