"","PARTY WALLS","","","","","","","","","","","",""
"","PROJECT NAME:    Sample Project DOE Prototype
SCENARIO:              Baseline
BEAM VERSION:     V1.1","","FALSE","","","","","","","","","","T05"
"CATEGORY","MATERIAL","","UNITS","","","","","","","","","FOOTNOTE","ID"
"LIGHT STEEL FRAME WALLS","","","","","","","","","","","","","T05|C01"
"LIGHT STEEL FRAMING – 16 GAUGE (2X6)","","","","","","","","","","","","","T05|C01|S01"
"","Steel studs - Load bearing / Steel Framing Industry Assn / 600-S-137-54, 16 gauge [Industry Avg, US & CA]","0.0","m²","100%","","FALSE","0","0","0","0","","","T05|C01|S01|SSS005"
"","Steel studs - Load bearing / Scafco / 600-S-137-54, 16 gauge","0.0","m²","100%","","FALSE","0","0","0","0","","Expired 2024","T05|C01|S01|3a1205"
"","Steel studs - Load bearing / MarinoWARE / Structural stud and track / 600-S-137-54, 16 gauge","0.0","m²","100%","","FALSE","0","0","0","0","","","T05|C01|S01|SSS001"
"","Steel studs - Load bearing / ClarkDietrich / 600-S-137-54, 16 gauge","0.0","m²","100%","","FALSE","0","0","0","0","","","T05|C01|S01|SSS000"
"LIGHT STEEL FRAMING – 20 GAUGE (2X4)","","","","","","","","","","","","","T05|C01|S02"
"","Steel studs - Non-loadbearing / Steel Framing Industry Assn / 362-S-137-54 20EQ gauge [Industry Avg, US+Can]","0.0","m²","100%","","FALSE","0","0","0","0","","","T05|C01|S02|SSS006"
"","Steel studs - Non-loadbearing / Scafco / 362VS125-18, 20EQ gauge","0.0","m²","100%","","FALSE","0","0","0","0","","Expired 2024","T05|C01|S02|58154c"
"","Steel studs - Non-loadbearing / MarinoWARE / Viper Stud Viper 20 / 20EQ gauge","0.0","m²","100%","","FALSE","0","0","0","0","","","T05|C01|S02|SSS003"
"","Steel studs - Non-loadbearing / ClarkDietrich / 362-S-125-18, 20EQ gauge","0.0","m²","100%","","FALSE","0","0","0","0","","","T05|C01|S02|SSS002"
"LIGHT WOOD FRAME WALLS","","","","","","","","","","","","","T05|C02"
"FRAMING LUMBER – SPRUCE-PINE-FIR","","","","","","","","","","","","","T05|C02|S01"
"","Wood / SPF / 2x8 Lumber / AWC & CWC [Industry Avg | US & CA]","0.0","m²","100%","","FALSE","0","0","0","0","FALSE","Expired 2025; BfCA BioC calc by mass","T05|C02|S01|4lv9wd"
"","Wood / SPF / 2x8 Lumber / Surfaced Dry Softwood Lumber Produced in British Columbia","0.0","m²","100%","","FALSE","0","0","0","0","FALSE","","T05|C02|S01|spf002"
"","Wood / SPF / 2x6 Lumber / AWC & CWC [Industry Avg | US & CA]","0.0","m²","100%","","FALSE","0","0","0","0","FALSE","Expired 2025; BfCA BioC calc by mass","T05|C02|S01|c309dk"
"","Wood / SPF / 2x6 Lumber / Surfaced Dry Softwood Lumber Produced in British Columbia","0.0","m²","100%","","FALSE","0","0","0","0","FALSE","","T05|C02|S01|spf001"
"","Wood / SPF / 2x4 Lumber / AWC & CWC [Industry Avg | US & CA]","0.0","m²","100%","","FALSE","0","0","0","0","FALSE","Expired 2025; BfCA BioC calc by mass","T05|C02|S01|2m3nf4"
"","Wood / SPF / 2x4 Lumber / Surfaced Dry Softwood Lumber Produced in British Columbia","0.0","m²","100%","","FALSE","0","0","0","0","FALSE","","T05|C02|S01|spf000"
"","Wood / SPF / 2x3 Lumber / AWC & CWC [Industry Avg | US & CA]","0.0","m²","100%","","FALSE","0","0","0","0","FALSE","Expired 2025; BfCA BioC calc by mass","T05|C02|S01|12dc8t"
"CONCRETE MASONRY UNIT (CMU) WALLS","","","","","","","","","","","","","T05|C03"
"CMU – NORMAL WEIGHT","","","","","","","","","","","","","T05|C03|S01"
"","CMU - Light weight / 8"" Light weight blocks / 15 MPa, 390 x 190 x 190 mm / CCMPA West Region [Industry Avg | CA]","0.0","m²","100%","","FALSE","0","0","0","0","","","T05|C03|S01|CMU001"
"","CMU - Light weight / 8"" Light weight blocks / 15 MPa, 390 x 190 x 190 mm / CCMPA East Region [Industry Avg | CA]","0.0","m²","100%","","FALSE","0","0","0","0","","","T05|C03|S01|cmu000"
"","CMU - Light weight / Brampton Brick (Boehmers) / 8"" CarboClave Block  / 8 x 8 x 16 ","0.0","m²","100%","","FALSE","0","0","0","0","","","T05|C03|S01|CMU004"
"CMU – LIGHT WEIGHT","","","","","","","","","","","","","T05|C03|S02"
"","CMU - Normal weight / 8"" Normal weight blocks / 15 MPa, 390 x 190 x 190 mm / CCMPA West Region [Industry Avg | CA]","0.0","m²","100%","","FALSE","0","0","0","0","","","T05|C03|S02|CMU003"
"","CMU - Normal weight / 8"" Normal weight blocks / 15 MPa, 390 x 190 x 190 mm / CCMPA East Region [Industry Avg | CA]","0.0","m²","100%","","FALSE","0","0","0","0","","","T05|C03|S02|CMU002"
"","CMU - Normal weight / Brampton Brick (Boehmers) / 8"" CarboClave Block  / 8 x 8 x 16 ","0.0","m²","100%","","FALSE","0","0","0","0","","","T05|C03|S02|CMU005"
"CONCRETE FILL FOR CMU WALL","","","","","","","","","","","","","T05|C04"
"CONCRETE – <= 2500 PSI – N.AMERICA","","","","","","","","","","","","","T05|C04|S04"
"","Concrete - 0-2500 psi, Standard mix / NRMCA [Industry Avg | US & CA]","0.0","m³","100%","","FALSE","0","0","0","0","","Expired 2024","T05|C04|S04|949348"
"","Concrete - 0-2500 psi, 20-29% Fly Ash / NRMCA [Industry Avg | US & CA]","0.0","m³","100%","","FALSE","0","0","0","0","","Expired 2024","T05|C04|S04|b7e1fe"
"","Concrete - 0-2500 psi, 30-39% FA/SL / NRMCA [Industry Avg | US & CA]","0.0","m³","100%","","FALSE","0","0","0","0","","Expired 2024","T05|C04|S04|d6132a"
"","Concrete - 0-2500 psi, 40-49% FA/SL mix / NRMCA [Industry Avg | US & CA]","0.0","m³","100%","","FALSE","0","0","0","0","","Expired 2024","T05|C04|S04|921b8b"
"","Concrete - 0-2500 psi, >50% SCM mix / NRMCA [Industry Avg | US & CA]","0.0","m³","100%","","FALSE","0","0","0","0","","Expired 2024","T05|C04|S04|1a5a48"
"CONCRETE – <= 2500 PSI – N.AMERICA","","","","","","","","","","","","","T05|C04|S05"
"","Concrete - 2501-3000 psi, Standard mix / NRMCA [Industry Avg | US & CA]","0.0","m³","100%","","FALSE","0","0","0","0","","Expired 2024","T05|C04|S05|43fe24"
"","Concrete - 2501-3000 psi, 20-29% Fly Ash / NRMCA [Industry Avg | US & CA]","0.0","m³","100%","","FALSE","0","0","0","0","","Expired 2024","T05|C04|S05|a7c43b"
"","Concrete - 2501-3000 psi, 30-39% FA/SL / NRMCA [Industry Avg | US & CA]","0.0","m³","100%","","FALSE","0","0","0","0","","Expired 2024","T05|C04|S05|809f93"
"","Concrete - 2501-3000 psi, 40-49% FA/SL mix / NRMCA [Industry Avg | US & CA]","0.0","m³","100%","","FALSE","0","0","0","0","","Expired 2024","T05|C04|S05|c50635"
"","Concrete - 2501-3000 psi, >50% SCM mix / NRMCA [Industry Avg | US & CA]","0.0","m³","100%","","FALSE","0","0","0","0","","Expired 2024","T05|C04|S05|900b85"
"CONCRETE – 3001-4000 psi – N.AMERICA","","","","","","","","","","","","","T05|C04|S08"
"","Concrete - 3001-4000 psi, Standard mix / NRMCA [Industry Avg | US & CA]","0.0","m³","100%","","FALSE","0","0","0","0","","Expired 2024","T05|C04|S08|s33333"
"","Concrete - 3001-4000 psi, 20-29% Fly Ash / NRMCA [Industry Avg | US & CA]","0.0","m³","100%","","FALSE","0","0","0","0","","Expired 2024","T05|C04|S08|s33334"
"","Concrete - 3001-4000 psi, 30-39% FA/SL / NRMCA [Industry Avg | US & CA]","0.0","m³","100%","","FALSE","0","0","0","0","","Expired 2024","T05|C04|S08|s33335"
"","Concrete - 3001-4000 psi, 40-49% FA/SL mix / NRMCA [Industry Avg | US & CA]","0.0","m³","100%","","FALSE","0","0","0","0","","Expired 2024","T05|C04|S08|s33336"
"","Concrete - 3001-4000 psi, >50% SCM mix / NRMCA [Industry Avg | US & CA]","0.0","m³","100%","","FALSE","0","0","0","0","","Expired 2024","T05|C04|S08|s33337"
"CONCRETE – 4001-5000 psi – N.AMERICA","","","","","","","","","","","","","T05|C04|S09"
"","Concrete - 4001-5000 psi, Standard mix / NRMCA [Industry Avg | US & CA]","0.0","m³","100%","","FALSE","0","0","0","0","","Expired 2024","T05|C04|S09|s33338"
"","Concrete - 4001-5000 psi, 20-29% Fly Ash / NRMCA [Industry Avg | US & CA]","0.0","m³","100%","","FALSE","0","0","0","0","","Expired 2024","T05|C04|S09|s33339"
"","Concrete - 4001-5000 psi, 30-39% FA/SL / NRMCA [Industry Avg | US & CA]","0.0","m³","100%","","FALSE","0","0","0","0","","Expired 2024","T05|C04|S09|s33340"
"","Concrete - 4001-5000 psi, 40-49% FA/SL mix / NRMCA [Industry Avg | US & CA]","0.0","m³","100%","","FALSE","0","0","0","0","","Expired 2024","T05|C04|S09|s33341"
"","Concrete - 4001-5000 psi, >50% SCM mix / NRMCA [Industry Avg | US & CA]","0.0","m³","100%","","FALSE","0","0","0","0","","Expired 2024","T05|C04|S09|s33342"
"BARRIERS AND MEMBRANES","","","","","","","","","","","","","T05|C16"
"SHEET BARRIER PERMEABLE","","","","","","","","","","","","","T05|C16|S01"
"","Sheet Barrier Permeable / [BEAM Avg]","0.0","m²","100%","","FALSE","0","0","0","0","","","T05|C16|S01|SBP00x"
"","Ext. Roof Barrier, sheet / Rothoblaas / Traspir Weld EVO 360 / 17.5 Perms / 1.0 mm / EU","0.0","m²","100%","","FALSE","0","0","0","0","","","T05|C16|S01|bbb006"
"","Ext. & Int. Wall Barrier, sheet / Rothoblaas / Traspir EVO UV 210 / 41.7 Perms / 0.3 mm / EU","0.0","m²","100%","","FALSE","0","0","0","0","","","T05|C16|S01|bbb005"
"","Ext. & Int. Wall & Roof Barrier, sheet / Rothoblaas / Traspir EVO 160 / 12.3 Perms / 0.5 mm / EU","0.0","m²","100%","","FALSE","0","0","0","0","","","T05|C16|S01|bbb002"
"","Ext. Wall & Roof Barrier, sheet / Partel / Exoperm Mono 150 / Permeable / EU","0.0","m²","100%","","FALSE","0","0","0","0","","","T05|C16|S01|bbb010"
"","Ext. Wall Barrier, sheet / Building Product Design / Glidevale Protect TF200 / Permeable","0.0","m²","100%","","FALSE","0","0","0","0","","","T05|C16|S01|bbb022"
"","Ext. & Int. Wall Barrier, sheet / Rothoblaas / Traspir 110 / 101 Perms / 0.4 mm / EU","0.0","m²","100%","","FALSE","0","0","0","0","","","T05|C16|S01|bbb004"
"","Ext. Wall & Roof Barrier, sheet / Dupont / Tyvek Monolayer 60 / Permeable / EU","0.0","m²","100%","","FALSE","0","0","0","0","","","T05|C16|S01|bbb009"
"SHEET BARRIER MOISTURE-VARIABLE","","","","","","","","","","","","","T05|C16|S04"
"","Sheet Barrier Moisture-Variable / [BEAM Avg]","0.0","m²","100%","","FALSE","0","0","0","0","","","T05|C16|S04|SBM00x"
"","Int. Wall & Ceiling Barrier, sheet / SIGA / Majrex 200 / Moisture-variable / EU","0.0","m²","100%","","FALSE","0","0","0","0","","","T05|C16|S04|bbb031"
"","Ext. & Int. Wall & Roof Barrier, sheet / Rothoblaas / Clima Control Net 160 / Moisture-variable / 0.5 mm / EU","0.0","m²","100%","","FALSE","0","0","0","0","","","T05|C16|S04|bbb001"
"","Int. Wall & Ceiling Barrier, sheet / Rothoblaas / Clima Control 80 / Moisture-variable / 0.22 mm / EU","0.0","m²","100%","","FALSE","0","0","0","0","","","T05|C16|S04|bbb029"
"","Int. Wall barrier, sheet / Isover / Vario KM Duplex / Moisture-variable / EU","0.0","m²","100%","","FALSE","0","0","0","0","","","T05|C16|S04|bbb025"
"","Int. Wall & Ceiling Barrier, sheet / Synwer / Syn U 120 Sd 2 / Moisture-variable / EU","0.0","m²","100%","","FALSE","0","0","0","0","","","T05|C16|S04|bbb032"
"","Int. Wall barrier, sheet / Isover / Vario XTRA / Moisture-variable / EU","0.0","m²","100%","","FALSE","0","0","0","0","","","T05|C16|S04|bbb026"
"","Int. Wall & Ceiling Barrier, sheet / Partel / VARA PLUS / Moisture-variable / EU","0.0","m²","100%","","FALSE","0","0","0","0","","","T05|C16|S05|bbb028"
"SHEET BARRIER NON-PERMEABLE","","","","","","","","","","","","","T05|C16|S05"
"","Sheet barrier Non-Permeable / [BEAM Avg]","0.0","m²","100%","","FALSE","0","0","0","0","","","T05|C16|S05|SBNP0X"
"","Ext. Wall barrier, sheet / GCP / Perm-a-Barrier NPS / Non-permeable, 0.46 mm","0.0","m²","100%","","FALSE","0","0","0","0","","","T05|C16|S05|bbb019"
"","Ext. & Int. Wall & Roof Barrier, sheet / Rothoblaas / Traspir Vapor 225 / Non-permeable / 0.8 mm / EU","0.0","m²","100%","","FALSE","0","0","0","0","","","T05|C16|S05|bbb003"
"","Barrier, sheet / Polyethylene sheet / 10 mil","0.0","m²","100%","","FALSE","0","0","0","0","","From ICE Database V3","T05|C16|S05|bbb033"
"","Int. Wall & Ceiling Barrier, sheet / Rothoblaas / Vapor In NET 140 / Non-permeable / 0.15 mm / EU","0.0","m²","100%","","FALSE","0","0","0","0","","","T05|C16|S05|bbb030"
"","Int. Wall & Ceiling Barrier, sheet / Partel / IZOPERM PLUS / Non-permeable / EU","0.0","m²","100%","","FALSE","0","0","0","0","","","T05|C16|S05|bbb027"
"","Barrier, sheet / Polyethylene sheet / 6 mil","0.0","m²","100%","","FALSE","0","0","0","0","","From ICE Database V3","T05|C16|S05|bbb034"
"","Int. Wall & Ceiling Barrier, sheet / Rothoblaas / Vapor In Green 200 / Non-permeable / 0.35 mm / EU","0.0","m²","100%","","FALSE","0","0","0","0","","","T05|C16|S05|bbb000"
"LIQUID APPLIED BARRIER","","","","","","","","","","","","","T05|C16|S02"
"","Liquid Applied Barrier / [BEAM Avg]","0.0","m²","100%","","FALSE","0","0","0","0","","","T05|C16|S02|LAB00X"
"","Ext. Wall Barrier, liquid applied / Soprema / SOPRASEAL LM 200 S / 0.6 Perm","0.0","m²","100%","","FALSE","0","0","0","0","","","T05|C16|S02|bbb020"
"","Ext. Waterproofing Barrier, liquid applied / Carlisle / MiraSEAL & MiraTITE  ","0.0","m²","100%","","FALSE","0","0","0","0","","","T05|C16|S02|bbb024"
"","Ext. Wall & Roof Barrier, liquid applied / Carlisle / Barrithane VP / 11.1 Perms, 40 mils","0.0","m²","100%","","FALSE","0","0","0","0","","","T05|C16|S02|bbb008"
"","Ext. Wall barrier, liquid applied / GCP / Perm-a-Barrier NPL 10 (fire-resistant) / Non-permeable, 1 mm","0.0","m²","100%","","FALSE","0","0","0","0","","","T05|C16|S02|bbb016"
"","Ext. Wall barrier, liquid applied / GCP / Perm-a-Barrier VPL / 20 Perms, 0.64 mm","0.0","m²","100%","","FALSE","0","0","0","0","","","T05|C16|S02|bbb017"
"","Ext. Wall Barrier, liquid applied / Soprema / SOPRASEAL LM 204 VP / 10-17 Perms / 0.6 mm","0.0","m²","100%","","FALSE","0","0","0","0","","","T05|C16|S02|bbb021"
"","Ext. Wall barrier, liquid applied / GCP / Perm-a-Barrier VPL 50RS UV stable / 13 Perms, 0.51 mm","0.0","m²","100%","","FALSE","0","0","0","0","","","T05|C16|S02|bbb018"
"SELF-ADHERED BARRIER","","","","","","","","","","","","","T05|C16|S03"
"","Self-Adhered Barrier / [BEAM Avg]","0.0","m²","100%","","FALSE","0","0","0","0","","","T05|C16|S03|SAB00X"
"","Ext. Waterproofing Barrier, adhesive / Carlisle / MiraPLY V  ","0.0","m²","100%","","FALSE","0","0","0","0","","","T05|C16|S03|bbb023"
"","Ext. Wall barrier, adhesive / GCP / Perm-a-Barrier / Non-permeable, 1 mm","0.0","m²","100%","","FALSE","0","0","0","0","","","T05|C16|S03|bbb011"
"","Ext. Wall Barrier, adhesive / Soprema / SOPRASEAL STICK 1100 T / Non-permeable / 1.0 mm","0.0","m²","100%","","FALSE","0","0","0","0","","","T05|C16|S03|bbb012"
"","Ext. Wall Barrier, adhesive / Soprema / SOPRASOLIN HD (aluminum foil) / Non-permeable / 1.0 mm","0.0","m²","100%","","FALSE","0","0","0","0","","","T05|C16|S03|bbb014"
"","Ext. Wall Barrier, adhesive / Soprema / SOPRAVAP'R / Non-permeable / 0.8 mm","0.0","m²","100%","","FALSE","0","0","0","0","","","T05|C16|S03|bbb015"
"","Ext. Wall Barrier, adhesive / Soprema / SOPRASEAL STICK VP / 11-17 Perms / 0.6 mm","0.0","m²","100%","","FALSE","0","0","0","0","","","T05|C16|S03|bbb013"
"","Ext. Wall & Roof Barrier, adhesive / Partel / Exoperm Mono SA 250 / Permeable / EU","0.0","m²","100%","","FALSE","0","0","0","0","","","T05|C16|S03|bbb007"
"CAVITY INSULATION","","","","","","","","","","","","","T05|C05"
"HIGH R-VALUE CAVITY INSULATION","","","","","","","","","","","","","T05|C05|S01"
"","Aerogel blanket / Aspen Aerogels / R9.6-inch","0.0","m²","100%","","FALSE","0","0","0","0","","Expired 2020","T05|C05|S01|199253"
"SPRAY POLYURETHANE FOAM – HIGH DENSITY","","","","","","","","","","","","","T05|C05|S02"
"","Spray polyurethane foam - High Density (HFC gas) / R 6.3-inch / SPFA [Industry Avg | US & CA]","0.0","m²","100%","","FALSE","0","0","0","0","","A1-B1","T05|C05|S02|dc197c"
"","Spray polyurethane foam - High Density (HFO gas) / R 6.5-inch / SPFA [Industry Avg | US & CA]","0.0","m²","100%","","FALSE","0","0","0","0","","A1-A3 + B1","T05|C05|S02|ins045"
"","Spray polyurethane foam - High Density  (HFC gas) / Carlisle CSFI / PremiSEAL / R 6.5-inch","0.0","m²","100%","","FALSE","0","0","0","0","","A1-A3 + B1","T05|C05|S02|ins046"
"","Spray polyurethane foam - High Density  (HFO gas) / Carlisle CSFI / PremiR + EVO / R 6.5-inch","0.0","m²","100%","","FALSE","0","0","0","0","","A1-A3 + B1","T05|C05|S02|ins047"
"SPRAY POLYURETHANE FOAM – CLOSED CELL","","","","","","","","","","","","","T05|C05|S03"
"","Spray polyurethane foam - Closed Cell (HFC gas) / R 6.6-inch / SPFA [Industry Avg | US & CA]","0.0","m²","100%","","FALSE","0","0","0","0","","A1-B1","T05|C05|S03|8ded24"
"","Spray polyurethane foam - Closed Cell (HFO gas) / R 6.6-inch / SPFA [Industry Avg | US & CA]","0.0","m²","100%","","FALSE","0","0","0","0","","A1-A3 + B1","T05|C05|S03|ins040"
"","Spray polyurethane foam - Closed Cell (HFC gas) / Carlisle CSFI / SealTite PRO Closed Cell (HFC) / R 7.0-inch","0.0","m²","100%","","FALSE","0","0","0","0","","A1-A3 + B1","T05|C05|S03|ins041"
"","Spray polyurethane foam - Closed Cell (HFO gas) / Carlisle CSFI / SealTite PRO HFO, SealTite One / R 7.0-inch","0.0","m²","100%","","FALSE","0","0","0","0","","A1-A3 + B1","T05|C05|S03|ins042"
"","Spray polyurethane foam - Closed Cell (HFO gas) / Huntsman / Heatlok Soya HFO & Heatlok HFO / R 6.5-inch","0.0","m²","100%","","FALSE","0","0","0","0","","A1-B1","T05|C05|S03|rnd601"
"SPRAY POLYURETHANE FOAM – OPEN CELL","","","","","","","","","","","","","T05|C05|S04"
"","Spray polyurethane foam - Open Cell / R 4.1-inch / SPFA [Industry Avg | US & CA]","0.0","m²","100%","","FALSE","0","0","0","0","","A1-A3 + B1","T05|C05|S04|ins043"
"","Spray polyurethane foam - Open Cell / Carlisle CSFI / SealTite PRO Open Cell, SealTite PRO High Yield, SealTite PRO No Mix, SealTite PRO OCX / R 3.7-inch","0.0","m²","100%","","FALSE","0","0","0","0","","A1-A3 + B1","T05|C05|S04|ins044"
"CEMENTITIOUS FOAM INSULATION","","","","","","","","","","","","","T05|C05|S15"
"","Cementitious Foam / R 3.5-inch [BEAM Avg] ","0.0","m²","100%","","FALSE","0","0","0","0","","","T05|C05|S15|CCF00X"
"","Cementitious Foam / Holcim / Airium Spray / R3.35/inch / 100 kg/m3 [EU]","0.0","m²","100%","","FALSE","0","0","0","0","","","T05|C05|S15|CCF000"
"","Cementitious Foam /Master Builders Solutions / MasterProtect NFF / R3.8/inch / 70 kg/m3 [EU]","0.0","m²","100%","","FALSE","0","0","0","0","","","T05|C05|S15|CCF002"
"","Cementitious Foam / Perlmooser / Airium Spray / R3.43/inch / 70 kg/m3 [EU]","0.0","m²","100%","","FALSE","0","0","0","0","","","T05|C05|S15|CCF001"
"MINERAL WOOL BATT INSULATION ","","","","","","","","","","","","","T05|C05|S06"
"","Mineral wool batt (Sound and Fire application)  / [BEAM Avg] ","0.0","m²","100%","","FALSE","0","0","0","0","","","T05|C05|S06|mwb0iw"
"","Mineral wool batt / Rockwool / Safe'n'Sound / R 4.0-inch","0.0","m²","100%","","FALSE","0","0","0","0","","Expired 2024","T05|C05|S06|mwb006"
"","Mineral wool batt / Owens Corning / Thermafiber SAFB (4 pcf) (Plant Avg) / R3.7/inch","0.0","m²","100%","","FALSE","0","0","0","0","","","T05|C05|S06|mwb001"
"MINERAL WOOL LOOSE FILL INSULATION","","","","","","","","","","","","","T05|C05|S07"
"","Mineral wool loose fill / NAIMA / R 3-inch [Industry Avg | N.America]","0.0","m²","100%","","FALSE","0","0","0","0","","","T05|C05|S07|INS020"
"FIBERGLASS LOOSE FILL INSULATION","","","","","","","","","","","","","T05|C05|S08"
"","Fiberglass loose fill / NAIMA /  R 2.2-inch [Industry Avg | N.America]","0.0","m²","100%","","FALSE","0","0","0","0","","","T05|C05|S08|INS008"
"","Fiberglass loose fill / CertainTeed / InsulSafe, Optima, TruComfort / R 2.6-inch","0.0","m²","100%","","FALSE","0","0","0","0","","Expired 2024","T05|C05|S08|f33e5e"
"","Fiberglass loose fill / Owens Corning / AttiCat, ProCat, ProPink / R 3.28-inch","0.0","m²","100%","","FALSE","0","0","0","0","","","T05|C05|S08|INs049"
"","Fiberglass loose fill / Johns Manville / Climate Pro, Attic Protector, JM Spider PLUS (Canada) / R 2.8-inch","0.0","m²","100%","","FALSE","0","0","0","0","","","T05|C05|S08|INS009"
"FIBERGLASS BATT INSULATION","","","","","","","","","","","","","T05|C05|S09"
"","Fiberglass batt / NAIMA /  R 4.4-inch [Industry Avg | N.America]","0.0","m²","100%","","FALSE","0","0","0","0","","","T05|C05|S09|INS005"
"","Fiberglass batt / Johns Manville / Unfaced, ComfortTherm, Cavity-SHIELD, FSK-25 / R 3.4-inch","0.0","m²","100%","","FALSE","0","0","0","0","","","T05|C05|S09|INS006"
"","Fiberglass batt / CertainTeed / Sustainable Insulation / R 3.6-inch","0.0","m²","100%","","FALSE","0","0","0","0","","Expired 2024","T05|C05|S09|1f3cc3"
"","Fiberglass batt & roll / Owens Corning / Unfaced, PINK Next Gen Fiberglas / R 3.6-inch avg.","0.0","m²","100%","","FALSE","0","0","0","0","","","T05|C05|S09|ins048"
"SHEEP WOOL INSULATION","","","","","","","","","","","","","T05|C05|S05"
"","Wool batt / R 3.8 /inch [BEAM Avg ]","0.0","m²","100%","","FALSE","0","0","0","0","","","T05|C05|S05|WB000X"
"","Wool batt / Havelock Wool / Batts / R 3.6-inch","0.0","m²","100%","","FALSE","0","0","0","0","","Expired 2025-06-05; BfCA BioC calc by mass","T05|C05|S05|be49e2"
"","Wool Loose-fill / Havelock Wool / Loose-fill / R 4.4-inch","0.0","m²","100%","","FALSE","0","0","0","0","","Expired 2025-06-05; BfCA BioC calc by mass","T05|C05|S05|840925"
"","Wool batt / Thermafleece / Cosywool Slab / R3.8-inch [EU]","0.0","m²","100%","","FALSE","0","0","0","0","","","T05|C05|S05|INS022"
"","Wool batt / Thermafleece / Cosywool Roll / R3.7-inch [EU]","0.0","m²","100%","","FALSE","0","0","0","0","","","T05|C05|S05|INS023"
"","Wool batt / Thermafleece / UltraWool Slab / R4.1-inch [EU]","0.0","m²","100%","","FALSE","0","0","0","0","","","T05|C05|S05|INS024"
"","Wool batt / ISOLENA / Optimal batt / 5.5 inch / R 3.8-inch [EU]","0.0","m²","100%","","FALSE","0","0","0","0","","","T05|C05|S05|INS025"
"HEMP FIBER WOOL INSULATION","","","","","","","","","","","","","T05|C05|S10"
"","Hemp Fiber Batt / R 3.6-inch [BEAM Avg] ","0.0","m²","100%","","FALSE","0","0","0","0","","","T05|C05|S10|HEMP0X"
"","Hemp fiber batt / NaturFibre / Hemp Wool / R 3.7-inch","0.0","m²","100%","","FALSE","0","0","0","0","","","T05|C05|S10|2fe063"
"","Hemp fiber batt / Ekolution / Hemp fiber insulation / R 3.6-inch [EU]","0.0","m²","100%","","FALSE","0","0","0","0","","","T05|C05|S10|INS011"
"","Hemp fiber batt / KOBE-cz / ECO HempFlex insulation / R 3.6-inch [EU]","0.0","m²","100%","","FALSE","0","0","0","0","","","T05|C05|S10|INS012"
"CELLULOSE INSULATION","","","","","","","","","","","","","T05|C05|S11"
"","Cellulose / dense pack / CIMA / R 3.7-inch / [Industry Avg | US & CA]","0.0","m²","100%","","FALSE","0","0","0","0","","Expired 2024-12-23; BfCA BioC calc by mass","T05|C05|S11|fc7d3a"
"","Cellulose / dense pack / Advanced Fiber Technology / AFT Carbon Smart / 56 kg/m3 / R3.8-inch ","0.0","m²","100%","","FALSE","0","0","0","0","","Expired 2025; BfCA BioC calc by mass","T05|C05|S11|Cel001"
"","Cellulose / dense pack / Greenfiber / Sanctuary / Avg of all facilties / 56.1 kg/m3 / R3.8-inch ","0.0","m²","100%","","FALSE","0","0","0","0","","BfCA BioC calc by mass","T05|C05|S11|Cel002"
"","Cellulose / batt / CMS / EcoCell / R 3.6-inch","0.0","m²","100%","","FALSE","0","0","0","0","","Expired 2024; BfCA BioC calc by mass","T05|C05|S11|967ad6"
"","Cellulose / batt / Ekovilla / Ekovilla Slab / R3.7-inch [EU]","0.0","m²","100%","","FALSE","0","0","0","0","","","T05|C05|S11|Cel000"
"","Cellulose / loose fill / CIMA / R 3.7-inch / [Industry Avg | US & CA] ","0.0","m²","100%","","FALSE","0","0","0","0","","Expired 2024-12-23; BfCA BioC calc by mass","T05|C05|S11|1ca576"
"","Cellulose / loose fill / Advanced Fiber Technology / AFT Carbon Smart / 25.2 kg/m3 / R3.8-inch","0.0","m²","100%","","FALSE","0","0","0","0","","Expired 2025; BfCA BioC calc by mass","T05|C05|S11|Cel003"
"","Cellulose / loose fill / Greenfiber / Sanctuary / Avg of all facilties / 17.1 kg/m3 / R3.8-inch ","0.0","m²","100%","","FALSE","0","0","0","0","","BfCA BioC calc by mass","T05|C05|S11|Cel004"
"","Cellulose / spray applied / International Cellulose Corp. / K-13, ThermoCon / R 3.75-inch","0.0","m²","100%","","FALSE","0","0","0","0","","Expired 2025; BfCA BioC calc by mass","T05|C05|S11|5231c8"
"WOOD FIBER INSULATION","","","","","","","","","","","","","T05|C05|S12"
"","Wood fiber batt / [BEAM Avg | EU]","0.0","m²","100%","","FALSE","0","0","0","0","","BfCA BioC calc by mass","T05|C05|S12|g692me"
"","Wood fiber batt / Steico / SteicoFlex / R 3.8-inch [EU]","0.0","m²","100%","","FALSE","0","0","0","0","","Expired 2025; BfCA BioC calc by mass","T05|C05|S12|ins034"
"","Wood fiber loose fill / GUTEX / ThermoFiber / R 3.8-inch [EU]","0.0","m²","100%","","FALSE","0","0","0","0","","Expired 2024; BfCA BioC calc by mass","T05|C05|S12|ins035"
"","Wood fiber batt / GUTEX / ThermoFlex / R 4-inch [EU]","0.0","m²","100%","","FALSE","0","0","0","0","","Expired 2023; BfCA BioC calc by mass","T05|C05|S12|be052f"
"GRASS INSULATION","","","","","","","","","","","","","T05|C05|S16"
"","Grass Insulation / Gramitherm 100 batt / R3.5-inch [EU]","0.0","m²","100%","","FALSE","0","0","0","0","","","T05|C05|S16|INS010"
"HEMPCRETE INSULATION","","","","","","","","","","","","","T05|C05|S13"
"","Hempcrete / R 2.4-inch [BEAM Avg] ","0.0","m²","100%","","FALSE","0","0","0","0","","","T05|C05|S13|HEMPCX"
"","Hempcrete / Cast in-situ / Avg. mix using NHL & PHL / R 2.2-inch / USA","0.0","m²","100%","","FALSE","0","0","0","0","","LCA, 2020; BfCA BioC calc by mass","T05|C05|S13|5731ae"
"","Hempcrete cast in place / Senini / Bio Beton Jet / R2.7-inch / 230 kg/m3 [EU]","0.0","m²","100%","","FALSE","0","0","0","0","","","T05|C05|S13|INS013"
"","Hempcrete dry fill / Senini / Bio Beton Pronto / R2.7-inch / 190 kg/m3 [EU]","0.0","m²","100%","","FALSE","0","0","0","0","","","T05|C05|S13|INS014"
"","Hempcrete / Cast in-situ / IsoHemp / R 2.2-inch / [EU]","0.0","m²","100%","","FALSE","0","0","0","0","","Expired 2023; BfCA BioC calc by mass","T05|C05|S13|7d79df"
"STRAW BALE INSULATION","","","","","","","","","","","","","T05|C05|S14"
"","Straw Bale / Wheat & barley straw / SNaB (UK) / R 2.8/inch [Industry Avg | EU]","0.0","m²","100%","","FALSE","0","0","0","0","","","T05|C05|S14|b4T02m"
"","Straw Bale / Wheat & rye straw / FASBA (Germany) / R 2.8-inch [Industry Avg | EU]","0.0","m²","100%","","FALSE","0","0","0","0","","","T05|C05|S14|INS021"
"CONTINUOUS INSULATION","","","","","","","","","","","","","T05|C06"
"XPS FOAM BOARD (LEGACY FORMULAS)","","","","","","","","","","","","","T05|C06|S01"
"","XPS foam board / DuPont / Styrofoam / HFC-filled / R 5.6-inch, 25 psi","0.0","m²","100%","","FALSE","0","0","0","0","","A1-A3, B1","T05|C06|S01|19e71c"
"","XPS foam board / Owens Corning / Foamular 250 / HFC-filled / R 5.0-inch, 25 psi [MEXICO]","0.0","m²","100%","","FALSE","0","0","0","0","","A1-A3, B1","T05|C06|S01|9cd566"
"XPS FOAM BOARD (REDUCED GWP)","","","","","","","","","","","","","T05|C06|S02"
"","XPS foam board / DuPont / Styrofoam / Reduced GWP / R 5.6-inch, 25 psi","0.0","m²","100%","","FALSE","0","0","0","0","","A1-A3, B1","T05|C06|S02|175f1a"
"XPS FOAM BOARD","","","","","","","","","","","","","T05|C06|S05"
"","XPS foam board / R 5.0/inch [BEAM Avg | US & CA]","0.0","m²","100%","","FALSE","0","0","0","0","","A1-A3, B1","T05|C06|S05|a94mfe"
"","XPS foam board / Owens Corning / Foamular NGX CodeBord/C200 / R 5/inch, 20 psi","0.0","m²","100%","","FALSE","0","0","0","0","","A1-A3, B1","T05|C06|S05|XPS002"
"","XPS foam board / Owens Corning / Foamular NGX 250 / R 5.0/inch, 25 psi","0.0","m²","100%","","FALSE","0","0","0","0","","A1-A3, B1","T05|C06|S05|95e2e7"
"","XPS foam board / DuPont / Styrofoam ST-100 / R 5.0-inch, 25 psi","0.0","m²","100%","","FALSE","0","0","0","0","","A1-A3, B1","T05|C06|S05|1a16ad"
"","XPS foam board / Kingspan / GreenGuard Type IV, Low GWP / R 5.0-inch, 25 psi","0.0","m²","100%","","FALSE","0","0","0","0","","Module B1 not declared","T05|C06|S05|XPS001"
"","XPS foam board / SOPREMA / SOPRA-XPS (entire product line) / R 5.0-inch","0.0","m²","100%","","FALSE","0","0","0","0","","A1-A3, B1","T05|C06|S05|3kglse"
"SPRAY POLYURETHANE FOAM – HIGH DENSITY","","","","","","","","","","","","","T05|C06|S03"
"","Spray polyurethane foam - High Density (HFC gas) / R 6.3-inch / SPFA [Industry Avg | US & CA]","0.0","m²","100%","","FALSE","0","0","0","0","","A1-B1","T05|C06|S03|dc197c"
"","Spray polyurethane foam - High Density (HFO gas) / R 6.5-inch / SPFA [Industry Avg | US & CA]","0.0","m²","100%","","FALSE","0","0","0","0","","A1-A3 + B1","T05|C06|S03|ins045"
"","Spray polyurethane foam - High Density  (HFC gas) / Carlisle CSFI / PremiSEAL / R 6.5-inch","0.0","m²","100%","","FALSE","0","0","0","0","","A1-A3 + B1","T05|C06|S03|ins046"
"","Spray polyurethane foam - High Density  (HFO gas) / Carlisle CSFI / PremiR + EVO / R 6.5-inch","0.0","m²","100%","","FALSE","0","0","0","0","","A1-A3 + B1","T05|C06|S03|ins047"
"SPRAY POLYURETHANE FOAM – CLOSED CELL","","","","","","","","","","","","","T05|C06|S04"
"","Spray polyurethane foam - Closed Cell (HFC gas) / R 6.6-inch / SPFA [Industry Avg | US & CA]","0.0","m²","100%","","FALSE","0","0","0","0","","A1-B1","T05|C06|S04|8ded24"
"","Spray polyurethane foam - Closed Cell (HFO gas) / R 6.6-inch / SPFA [Industry Avg | US & CA]","0.0","m²","100%","","FALSE","0","0","0","0","","A1-A3 + B1","T05|C06|S04|ins040"
"","Spray polyurethane foam - Closed Cell (HFC gas) / Carlisle CSFI / SealTite PRO Closed Cell (HFC) / R 7.0-inch","0.0","m²","100%","","FALSE","0","0","0","0","","A1-A3 + B1","T05|C06|S04|ins041"
"","Spray polyurethane foam - Closed Cell (HFO gas) / Carlisle CSFI / SealTite PRO HFO, SealTite One / R 7.0-inch","0.0","m²","100%","","FALSE","0","0","0","0","","A1-A3 + B1","T05|C06|S04|ins042"
"","Spray polyurethane foam - Closed Cell (HFO gas) / Huntsman / Heatlok Soya HFO & Heatlok HFO / R 6.5-inch","0.0","m²","100%","","FALSE","0","0","0","0","","A1-B1","T05|C06|S04|rnd601"
"MINERAL WOOL BOARD","","","","","","","","","","","","","T05|C06|S06"
"","Mineral wool board - light density / NAIMA / R 3.9-inch [Industry Avg | N.America]","0.0","m²","100%","","FALSE","0","0","0","0","","","T05|C06|S06|INS019"
"","Mineral wool board / Owens Corning / Thermafiber RainBarrier HD (Plant Avg) / R 4.3-inch","0.0","m²","100%","","FALSE","0","0","0","0","","","T05|C06|S06|MWB003"
"","Mineral wool board  / Rockwool / Cavityrock / R 4.3-inch","0.0","m²","100%","","FALSE","0","0","0","0","","Expired 2024","T05|C06|S06|MWB008"
"HIGH R-VALUE CONTINUOUS INSULATION","","","","","","","","","","","","","T05|C06|S07"
"","Vacuum Insulated Panel / Porextherm  / Vacupor / Fumed silica core / R 30/inch [EU]","0.0","m²","100%","","FALSE","0","0","0","0","","Expired 2019","T05|C06|S07|3fc60e"
"EPS FOAM BOARD","","","","","","","","","","","","","T05|C06|S08"
"","EPS foam board / Type XV / R 4.3-inch, 60 psi / EPS Industry Alliance [Industry Avg | US & CA]","0.0","m²","100%","","FALSE","0","0","0","0","","","T05|C06|S08|EPS000"
"","EPS foam board / Type IX / R 4.2-inch, 25 psi / EPS Industry Alliance [Industry Avg | US & CA]","0.0","m²","100%","","FALSE","0","0","0","0","","","T05|C06|S08|EPS001"
"","EPS foam board / Type II / R 4.0-inch, 15 psi / EPS Industry Alliance [Industry Avg | US & CA]","0.0","m²","100%","","FALSE","0","0","0","0","","","T05|C06|S08|EPS002"
"","EPS foam board / Type I / R 3.6-inch, 10 psi / EPS Industry Alliance [Industry Avg | US & CA]","0.0","m²","100%","","FALSE","0","0","0","0","","","T05|C06|S08|EPS003"
"EPS FOAM BOARD WITH GRAPHITE","","","","","","","","","","","","","T05|C06|S09"
"","EPS foam board with graphite / BASF / Neopor F 5200 & F 5300 Plus BMB / R 4.7-inch, Type IX, 25 psi (Type 9, 175 kPa)","0.0","m²","100%","","FALSE","0","0","0","0","","","T05|C06|S09|EPS006"
"","EPS foam board with graphite / BASF  / Neopor F 5200 Plus / R 4.7-inch, Type IX, 25 psi","0.0","m²","100%","","FALSE","0","0","0","0","","","T05|C06|S09|EPS004"
"","EPS foam board with graphite / BASF / Neopor F 5200 & F 5300 Plus BMB  / R 4.7-inch, Type II, 15 psi (Type 2, 110 kPa)","0.0","m²","100%","","FALSE","0","0","0","0","","","T05|C06|S09|EPS007"
"","EPS foam board with graphite / BASF / Neopor F 5200 Plus / R 4.7-inch, Type II, 15 psi (Type 2, 110 kPa)","0.0","m²","100%","","FALSE","0","0","0","0","","","T05|C06|S09|EPS005"
"POLYISOCYANURATE FOAM BOARD","","","","","","","","","","","","","T05|C06|S10"
"","Polyisocyanurate / Wall Boards / R 6.5/inch / PIMA [Industry Avg | US & CA]","0.0","m²","100%","","FALSE","0","0","0","0","","Expired 2025-11-04","T05|C06|S10|n9cx2a"
"","Polyisocyanurate / Wall Boards / Carlisle / R2+ Silver / R6.3-inch, 20 psi","0.0","m²","100%","","FALSE","0","0","0","0","","","T05|C06|S10|poly09"
"","Polyisocyanurate / Wall Boards / Hunter / Xci / R 6.3-inch, 20 psi","0.0","m²","100%","","FALSE","0","0","0","0","","","T05|C06|S10|poly10"
"","Polyisocyanurate / Wall Boards / DuPont / Thermax / R 6.5/inch","0.0","m²","100%","","FALSE","0","0","0","0","","Expired 2026-01-01","T05|C06|S10|c630d2"
"FIBERGLASS BOARD","","","","","","","","","","","","","T05|C06|S15"
"","Fiberglass board / NAIMA / R-3.2-inch  [Industry Avg | N.America]","0.0","m²","100%","","FALSE","0","0","0","0","","","T05|C06|S15|INS004"
"CORK BOARD","","","","","","","","","","","","","T05|C06|S11"
"","Cork board insulation / Amorim  / Expanded Insulation Corkboard (ICB) / R3.6-inch, 115 kg/m3 [EU]","0.0","m²","100%","","FALSE","0","0","0","0","","","T05|C06|S11|CBI000"
"WOOD FIBER BOARD","","","","","","","","","","","","","T05|C06|S12"
"","Wood fiber board / R 2.7-inch / NAFA [Industry Avg | US & CA]","0.0","m²","100%","","FALSE","0","0","0","0","","","T05|C06|S12|f4l2kx"
"","Wood fiber board / Pavatex / Pavatherm / R 3.3-inch / 110 kg/m3 [EU]","0.0","m²","100%","","FALSE","0","0","0","0","","Expired 2025; BfCA BioC calc by mass","T05|C06|S12|ins033"
"","Wood fiber board / Steico / STEICOprotect S dry, STEICOsafe 40, STEICOuniversal dry / R 3.6-inch, 210 kg/m3 [EU]","0.0","m²","100%","","FALSE","0","0","0","0","","Expired 2025; BfCA BioC calc by mass","T05|C06|S12|ins026"
"","Wood fiber board / Steico / STEICOprotect M dry, STEICOroof dry, STEICOspecial dry, STEICOtop / R 3.6-inch, 140 kg/m3 [EU]","0.0","m²","100%","","FALSE","0","0","0","0","","Expired 2025; BfCA BioC calc by mass","T05|C06|S12|ins027"
"","Wood fiber board / Steico / STEICOtherm dry, STEICOprotect L dry, STEICOsafe / R 3.6-inch, 110 kg/m3 [EU]","0.0","m²","100%","","FALSE","0","0","0","0","","Expired 2025; BfCA BioC calc by mass","T05|C06|S12|ins028"
"","Wood fiber board / Pavatex / Pavawall Smart, Pavawall Light, Pavawall FW / R 3.3-inch / 115 kg/m3 [EU]","0.0","m²","100%","","FALSE","0","0","0","0","","Expired 2025; BfCA BioC calc by mass","T05|C06|S12|ins032"
"","Wood fiber board / GUTEX / Multi-Therm / R 3.6-inch, 40-200 mm [EU]","0.0","m²","100%","","FALSE","0","0","0","0","","Expired 2025-10-08; BfCA BioC calc by mass","T05|C06|S12|ins030"
"","Wood fiber board / Pavatex / Pavawall GF, Pavawall Bloc, Pavawall GF XL / R 3.3-inch / 130 kg/m3 [EU]","0.0","m²","100%","","FALSE","0","0","0","0","","Expired 2025; BfCA BioC calc by mass","T05|C06|S12|ins031"
"","Wood fiber board / Pavatex / Isolair, Isoroof, Isolair Multi / R 3.3-inch / 200 kg/m3, 30-80 mm [EU]","0.0","m²","100%","","FALSE","0","0","0","0","","Expired 2025; BfCA BioC calc by mass","T05|C06|S12|ins029"
"HEMPCRETE BLOCK","","","","","","","","","","","","","T05|C06|S14"
"","Hempcrete block / Senini / Blocco Ambiente / 20x50x30 / R2.1-inch / 330 kg/m3 [EU]","0.0","m²","100%","","FALSE","0","0","0","0","","","T05|C06|S14|INS015"
"","Hempcrete block / Isohemp / Hemp Block PAL36EX  including mortar / 600 x 300 x 150-360 mm / R 2.0-inch [EU]","0.0","m²","100%","","FALSE","0","0","0","0","","A1-A3, A5","T05|C06|S14|INS016"
"STRAW BOARD","","","","","","","","","","","","","T05|C06|S13"
"","Straw Board / R 2.0-inch [BEAM Avg] ","0.0","m²","100%","","FALSE","0","0","0","0","","","T05|C06|S13|STRABX"
"","Straw board / VestaEco Straw Insulation Boards 140 / R 4-inch  [EU]","0.0","m²","100%","","FALSE","0","0","0","0","","","T05|C06|S13|INS000"
"","Compressed straw board / Durra Panel / Durra Wall & Ceiling Panels / 50 mm / R1.8-inch","0.0","m²","100%","","FALSE","0","0","0","0","","","T05|C06|S13|INS003"
"","Compressed straw board / Ekopanely / Ekopanel E60-1200 / 60 mm / R1.45-inch [EU]","0.0","m²","100%","","FALSE","0","0","0","0","","","T05|C06|S13|INS001"
"","Compressed straw board/ Ekopanely / Ekopanel E40-800 / 40 mm / R1.45-inch [EU]","0.0","m²","100%","","FALSE","0","0","0","0","","","T05|C06|S13|INS002"
"INTERIOR CLADDING FOR PARTY WALLS","","","","","","","","","","","","","T05|C07"
"DRYWALL – 1/2""","","","","","","","","","","","","","T05|C07|S01"
"","Drywall 1/2"" [BEAM Avg | US & CA]","0.0","m²","100%","","FALSE","0","0","0","0","","","T05|C07|S01|d7w02l"
"","Drywall 1/2"" / Pabco / QuietRock / QuietRock 1/2""","0.0","m²","100%","","FALSE","0","0","0","0","","Expired 2025","T05|C07|S01|bc703d"
"","Drywall 1/2"" / National Gypsum / Gold Bond XP Gypsum Board / 1/2""","0.0","m²","100%","","FALSE","0","0","0","0","","","T05|C07|S01|INT000"
"","Drywall 1/2""/ Georgia-Pacific / ToughRock Mold-Guard / ","0.0","m²","100%","","FALSE","0","0","0","0","","Expired 2025","T05|C07|S01|INT003"
"","Drywall 1/2"" / USG / Sheetrock Ultralight Panels ","0.0","m²","100%","","FALSE","0","0","0","0","","","T05|C07|S01|INT002"
"","Drywall 1/2"" / USG / Sheetrock Brand UltraLight Sag-Resistant Ceilling Board ","0.0","m²","100%","","FALSE","0","0","0","0","","","T05|C07|S01|INT001"
"DRYWALL – 1/2"" TYPE C","","","","","","","","","","","","","T05|C07|S02"
"","Drywall 1/2"" Type C / Georgia-Pacific / ToughRock Fireguard C / ","0.0","m²","100%","","FALSE","0","0","0","0","","Expired 2024","T05|C07|S02|1742d8"
"DRYWALL – 5/8"" TYPE X","","","","","","","","","","","","","T05|C07|S03"
"","Drywall 5/8"" Type X / Gypsum Association [Industry Avg | US & CA]","0.0","m²","100%","","FALSE","0","0","0","0","","Expired 2025-04-27","T05|C07|S03|ba3064"
"","Drywall 5/8"" / National Gypsum / Gold Bond XP Fire-Shield Gypsum Board / 5/8"" type X","0.0","m²","100%","","FALSE","0","0","0","0","","","T05|C07|S03|INT005"
"","Drywall 5/8"" / USG / Sheetrock Brand EcoSmart Firecode X / 5/8""","0.0","m²","100%","","FALSE","0","0","0","0","","","T05|C07|S03|INT006"
"DRYWALL – 5/8"" TYPE C","","","","","","","","","","","","","T05|C07|S08"
"","Drywall 5/8"" / Georgia-Pacific / ToughRock Fireguard C/ ","0.0","m²","100%","","FALSE","0","0","0","0","","","T05|C07|S08|INT004"
"MAGNESIUM OXIDE BOARD","","","","","","","","","","","","","T05|C07|S04"
"","MgO board  1/2"" [BEAM Avg]","0.0","m²","100%","","FALSE","0","0","0","0","","","T05|C07|S04|MgoB0X"
"","MgO board 1/2"" / North American MgO / MagTech Ultra / 1/2""","0.0","m²","100%","","FALSE","0","0","0","0","","Expired 2023","T05|C07|S04|63d778"
"","MgO board 1/2"" / Sinh Build / MAGOXX boards / 1/2"" [EU]","0.0","m²","100%","","FALSE","0","0","0","0","","","T05|C07|S04|INT007"
"BIO-BASED CLADDING","","","","","","","","","","","","","T05|C07|S05"
"","Plywood / 3/4"" / AWC & CWC [Industry Avg | US & CA]","0.0","m²","100%","","FALSE","0","0","0","0","FALSE","Expired 2025; BfCA BioC calc by mass","T05|C07|S05|61a79e"
"","Plywood / 1/2"" / AWC & CWC [Industry Avg | US & CA]","0.0","m²","100%","","FALSE","0","0","0","0","FALSE","Expired 2025; BfCA BioC calc by mass","T05|C07|S05|c41283"
"","Cedar Siding / Western Red Cedar Lumber Assn / 1x6 Boards [Industry Avg | CA]","0.0","m²","100%","","FALSE","0","0","0","0","FALSE","Expired 2021","T05|C07|S05|1110de"
"","Wood / SPF / 3/4"" boards / AWC & CWC [Industry Avg | US & CA]","0.0","m²","100%","","FALSE","0","0","0","0","FALSE","Expired 2025; BfCA BioC calc by mass","T05|C07|S05|4scwf3"
"","Wood / Redwood / 3/4"" boards / AWC & CWC [Industry Avg | US & CA]","0.0","m²","100%","","FALSE","0","0","0","0","FALSE","Expired 2025; BfCA BioC calc by mass","T05|C07|S05|pd92mn"
"","Wood wool boards / Armstrong / Tectum ceiling & wall boards / 2"" ","0.0","m²","100%","","FALSE","0","0","0","0","","BfCA BioC calc by mass","T05|C07|S05|INT008"
"","Eelgrass accoustic board / Søuld ApS / Søuld Acoustic Mats / Flame retardant, NRC 0.90 [EU]","0.0","m²","100%","","FALSE","0","0","0","0","","Expired 2026-02-08; BfCA BioC calc by mass","T05|C07|S05|sl3g0r"
"","Straw board sheathing / VestaEco Straw Boards 280 / 30 mm [EU]","0.0","m²","100%","","FALSE","0","0","0","0","","","T05|C07|S05|INT009"
"","Bamboo plywood / Smith & Fong / Plyboo / 1/2"" (uncarved) ","0.0","m²","100%","","FALSE","0","0","0","0","","BfCA BioC calc by mass","T05|C07|S05|BAM002"
"","Bamboo plywood / Smith & Fong / Plyboo / 3/4"" (uncarved) ","0.0","m²","100%","","FALSE","0","0","0","0","","BfCA BioC calc by mass","T05|C07|S05|BAM003"
"INTERIOR FINISH PLASTER","","","","","","","","","","","","","T05|C07|S06"
"","Cement ""Stucco"" Plaster / 1:1:4 mix of Portland, masonry cement, sand @ 1/2"" [Industry Avg | US & CA]","0.0","m²","100%","","FALSE","0","0","0","0","","Custom BEAM assembly","T05|C07|S06|d201fq"
"","Lime Plaster, NHL 3.5 / Kerakoll / Biocalce Intonaco line @ 2 cm [EU]","0.0","m²","100%","","FALSE","0","0","0","0","","Expired 2024-07-26","T05|C07|S06|g1g2cs"
"","Cement ""Stucco"" Plaster / Sto SE / Pre-mixed rendering & plastering mortar with reinforcing fiber / 1/2"" [EU]","0.0","m²","100%","","FALSE","0","0","0","0","","","T05|C07|S06|STU000"
"","Cement ""Stucco"" Plaster / Beissier / Premixed Mortar @ 1/2"" [EU]","0.0","m²","100%","","FALSE","0","0","0","0","","Expired 2026-03-15","T05|C07|S06|p3m1f1"
"","Clay Plaster, site mixed / 15 mm (9/16"") [EU]","0.0","m²","100%","","FALSE","0","0","0","0","","LCA, 2014","T05|C07|S06|2ecd60"
"STRUCTURAL SHEATHING","","","","","","","","","","","","","T05|C08"
"GYPSUM PANELS","","","","","","","","","","","","","T05|C08|S01"
"","Gypsum panels - glass mat / 1/2"" / Gypsum Association [Industry Avg | N.America]","0.0","m²","100%","","FALSE","0","0","0","0","","","T05|C08|S01|155f0d"
"","Gypsum panels - glass mat / 1/2"" / Georiga Pacific / DensGlass Sheathing / 1/2"" ","0.0","m²","100%","","FALSE","0","0","0","0","","","T05|C08|S01|GYP001"
"","Gypsum panels - glass mat / 1/2"" / USG / Securock ExoAir 430 / 1/2""","0.0","m²","100%","","FALSE","0","0","0","0","","Expired 2024","T05|C08|S01|b8e3dc"
"","Gypsum panels - glass mat / 5/8"" Type X / Gypsum Association [Industry Avg | N.America]","0.0","m²","100%","","FALSE","0","0","0","0","","","T05|C08|S01|bf151b"
"","Gypsum panels - glass mat / 5/8"" / CertainTeed / GlasRoc Sheathing gypsum board / 5/8"" ","0.0","m²","100%","","FALSE","0","0","0","0","","","T05|C08|S01|GYP000"
"","Gypsum panels - glass mat / 5/8"" / Georiga Pacific / DensGlass Sheathing / 5/8"" ","0.0","m²","100%","","FALSE","0","0","0","0","","","T05|C08|S01|GYP002"
"ORIENTED STRAND BOARD","","","","","","","","","","","","","T05|C08|S02"
"","OSB sheathing / 1/2"" / AWC & CWC [Industry Avg | US & CA]","0.0","m²","100%","","FALSE","0","0","0","0","FALSE","Expired 2025; BfCA BioC calc by mass","T05|C08|S02|edcc0d"
"","OSB sheathing / 1/2"" / Huber  / AdvanTech / 1/2"" Sheathing","0.0","m²","100%","","FALSE","0","0","0","0","FALSE","Expired 2025-07-01; BfCA BioC calc by mass","T05|C08|S02|OSB000"
"","OSB sheathing / 5/8"" / AWC & CWC [Industry Avg | US & CA]","0.0","m²","100%","","FALSE","0","0","0","0","FALSE","Expired 2025; BfCA BioC calc by mass","T05|C08|S02|68328c"
"","OSB sheathing / 7/16"" / LP / FlameBlock® Fire-Rated / 7/16"", coated 1 side","0.0","m²","100%","","FALSE","0","0","0","0","FALSE","","T05|C08|S02|OSB002"
"","OSB sheathing / 7/16"" / LP / TopNotch® 350 / 7/16""","0.0","m²","100%","","FALSE","0","0","0","0","FALSE","","T05|C08|S02|OSB003"
"PLYWOOD","","","","","","","","","","","","","T05|C08|S03"
"","Plywood / 3/4"" / AWC & CWC [Industry Avg | US & CA]","0.0","m²","100%","","FALSE","0","0","0","0","FALSE","Expired 2025; BfCA BioC calc by mass","T05|C08|S03|61a79e"
"","Plywood / 3/4"" / British Columbia Average","0.0","m²","100%","","FALSE","0","0","0","0","FALSE","","T05|C08|S03|PLy001"
"","Plywood / 3/4"" / Roseburg / SkyPly / hardwood plywood, incl. walnut, alder, cherry, mahogany, oak, birch, maple faces ","0.0","m²","100%","","FALSE","0","0","0","0","FALSE","Expired 2024; BfCA BioC calc by mass","T05|C08|S03|PLy003"
"","Plywood / 3/4"" / Roseburg softwood plywood","0.0","m²","100%","","FALSE","0","0","0","0","FALSE","Expired 2024; BfCA BioC calc by mass","T05|C08|S03|PLy005"
"","Plywood / 5/8"" / AWC & CWC [Industry Avg | US & CA]","0.0","m²","100%","","FALSE","0","0","0","0","FALSE","Expired 2025; BfCA BioC calc by mass","T05|C08|S03|d88aad"
"","Plywood / 5/8"" / British Columbia Average","0.0","m²","100%","","FALSE","0","0","0","0","FALSE","","T05|C08|S03|PLy002"
"","Plywood / 1/2"" / AWC & CWC [Industry Avg | US & CA]","0.0","m²","100%","","FALSE","0","0","0","0","FALSE","Expired 2025; BfCA BioC calc by mass","T05|C08|S03|c41283"
"","Plywood / 1/2"" / British Columbia Average","0.0","m²","100%","","FALSE","0","0","0","0","FALSE","","T05|C08|S03|PLy000"
"","Plywood / 1/2"" / Roseburg softwood plywood / ","0.0","m²","100%","","FALSE","0","0","0","0","FALSE","Expired 2024; BfCA BioC calc by mass","T05|C08|S03|PLy004"
"WOOD BOARDS","","","","","","","","","","","","","T05|C08|S04"
"","Wood / SPF / 3/4"" boards / AWC & CWC [Industry Avg | US & CA]","0.0","m²","100%","","FALSE","0","0","0","0","FALSE","Expired 2025; BfCA BioC calc by mass","T05|C08|S04|4scwf3"
"COMPOSITE PANELS","","","","","","","","","","","","","T05|C08|S05"
"","Composite sheathing panel / James Hardie Europe / Fermacell / 12.5mm [EU]","0.0","m²","100%","","FALSE","0","0","0","0","","","T05|C08|S05|A23456"
"","Composite sheathing panel / Continuus Materials / Everboard / Fiberglass facing / 1/2-inch","0.0","m²","100%","","FALSE","0","0","0","0","","Expired 2025; BfCA BioC calc by mass","T05|C08|S05|A23458"
"","Composite sheathing panel / Continuus Materials / Everboard / Paper facing / 1/2-inch","0.0","m²","100%","","FALSE","0","0","0","0","","Expired 2025; BfCA BioC calc by mass","T05|C08|S05|A23459"
"","Composite sheathing panel / Honext / Fire resistant panel / 12 mm [EU]","0.0","m²","100%","","FALSE","0","0","0","0","","","T05|C08|S05|A23457"
"","Straw board sheathing / VestaEco Straw Boards 280 / 30 mm [EU]","0.0","m²","100%","","FALSE","0","0","0","0","","","T05|C08|S05|INT009"
"EPS FOAM ICF WALLS","","","","","","","","","","","","","T05|C09"
"(STEP 1) EPS FOAM ICF – HOLLOW SHELL","","","","","","","","","","","","","T05|C09|S01"
"","EPS FOAM ICF R-23, 2 Sheets of 2.75""@R4-in., includes webbing & 15M rebar (not incl. 6"" concrete core)","0.0","m²","100%","","FALSE","0","0","0","0","","Custom BEAM assembly (incl. LCA)","T05|C09|S01|e933b8"
"(STEP 2) EPS FOAM ICF – CONCRETE FILL","","","","","","","","","","","","","T05|C09|S02"
"CONCRETE – <= 2500 PSI – N.AMERICA","","","","","","","","","","","","","T05|C09|S06"
"","Concrete - 0-2500 psi, Standard mix / NRMCA [Industry Avg | US & CA]","0.0","m²","100%","","FALSE","0","0","0","0","","Expired 2024","T05|C09|S06|949348"
"","Concrete - 0-2500 psi, 20-29% Fly Ash / NRMCA [Industry Avg | US & CA]","0.0","m²","100%","","FALSE","0","0","0","0","","Expired 2024","T05|C09|S06|b7e1fe"
"","Concrete - 0-2500 psi, 30-39% FA/SL / NRMCA [Industry Avg | US & CA]","0.0","m²","100%","","FALSE","0","0","0","0","","Expired 2024","T05|C09|S06|d6132a"
"","Concrete - 0-2500 psi, 40-49% FA/SL mix / NRMCA [Industry Avg | US & CA]","0.0","m²","100%","","FALSE","0","0","0","0","","Expired 2024","T05|C09|S06|921b8b"
"","Concrete - 0-2500 psi, >50% SCM mix / NRMCA [Industry Avg | US & CA]","0.0","m²","100%","","FALSE","0","0","0","0","","Expired 2024","T05|C09|S06|1a5a48"
"CONCRETE – 2501-3000 PSI – N.AMERICA","","","","","","","","","","","","","T05|C09|S07"
"","Concrete - 2501-3000 psi, Standard mix / NRMCA [Industry Avg | US & CA]","0.0","m²","100%","","FALSE","0","0","0","0","","Expired 2024","T05|C09|S07|43fe24"
"","Concrete - 2501-3000 psi, 20-29% Fly Ash / NRMCA [Industry Avg | US & CA]","0.0","m²","100%","","FALSE","0","0","0","0","","Expired 2024","T05|C09|S07|a7c43b"
"","Concrete - 2501-3000 psi, 30-39% FA/SL / NRMCA [Industry Avg | US & CA]","0.0","m²","100%","","FALSE","0","0","0","0","","Expired 2024","T05|C09|S07|809f93"
"","Concrete - 2501-3000 psi, 40-49% FA/SL mix / NRMCA [Industry Avg | US & CA]","0.0","m²","100%","","FALSE","0","0","0","0","","Expired 2024","T05|C09|S07|c50635"
"","Concrete - 2501-3000 psi, >50% SCM mix / NRMCA [Industry Avg | US & CA]","0.0","m²","100%","","FALSE","0","0","0","0","","Expired 2024","T05|C09|S07|900b85"
"CONCRETE – 3001-4000 psi – N.AMERICA","","","","","","","","","","","","","T05|C09|S08"
"","Concrete - 3001-4000 psi, Standard mix / NRMCA [Industry Avg | US & CA]","0.0","m²","100%","","FALSE","0","0","0","0","","Expired 2024","T05|C09|S08|s33333"
"","Concrete - 3001-4000 psi, 20-29% Fly Ash / NRMCA [Industry Avg | US & CA]","0.0","m²","100%","","FALSE","0","0","0","0","","Expired 2024","T05|C09|S08|s33334"
"","Concrete - 3001-4000 psi, 30-39% FA/SL / NRMCA [Industry Avg | US & CA]","0.0","m²","100%","","FALSE","0","0","0","0","","Expired 2024","T05|C09|S08|s33335"
"","Concrete - 3001-4000 psi, 40-49% FA/SL mix / NRMCA [Industry Avg | US & CA]","0.0","m²","100%","","FALSE","0","0","0","0","","Expired 2024","T05|C09|S08|s33336"
"","Concrete - 3001-4000 psi, >50% SCM mix / NRMCA [Industry Avg | US & CA]","0.0","m²","100%","","FALSE","0","0","0","0","","Expired 2024","T05|C09|S08|s33337"
"CONCRETE – 4001-5000 psi – N.AMERICA","","","","","","","","","","","","","T05|C09|S09"
"","Concrete - 4001-5000 psi, Standard mix / NRMCA [Industry Avg | US & CA]","0.0","m²","100%","","FALSE","0","0","0","0","","Expired 2024","T05|C09|S09|s33338"
"","Concrete - 4001-5000 psi, 20-29% Fly Ash / NRMCA [Industry Avg | US & CA]","0.0","m²","100%","","FALSE","0","0","0","0","","Expired 2024","T05|C09|S09|s33339"
"","Concrete - 4001-5000 psi, 30-39% FA/SL / NRMCA [Industry Avg | US & CA]","0.0","m²","100%","","FALSE","0","0","0","0","","Expired 2024","T05|C09|S09|s33340"
"","Concrete - 4001-5000 psi, 40-49% FA/SL mix / NRMCA [Industry Avg | US & CA]","0.0","m²","100%","","FALSE","0","0","0","0","","Expired 2024","T05|C09|S09|s33341"
"","Concrete - 4001-5000 psi, >50% SCM mix / NRMCA [Industry Avg | US & CA]","0.0","m²","100%","","FALSE","0","0","0","0","","Expired 2024","T05|C09|S09|s33342"
"WOOD CHIP CEMENT ICF WALLS","","","","","","","","","","","","","T05|C10"
"(STEP 1) WOOD CHIP CEMENT ICF – HOLLOW SHELL","","","","","","","","","","","","","T05|C10|S01"
"","WOOD CHIP CEMENT ICF 14"" R-28 with MINERAL WOOL INSERTS (5 in. @ R4.2/in.), 15M REBAR","0.0","m²","100%","","FALSE","0","0","0","0","","Composite; BfCA BioC calc by mass","T05|C10|S01|707a65"
"","WOOD CHIP CEMENT ICF 12"" R-22 with MINERAL WOOL INSERTS, (3 in. @ R4.2/in.), 15M REBAR","0.0","m²","100%","","FALSE","0","0","0","0","","Composite; BfCA BioC calc by mass","T05|C10|S01|5712f2"
"","WOOD CHIP CEMENT ICF 14"" R-27 with CORK BOARD INSERTS (5 in. @ R4/in.), 15M REBAR","0.0","m²","100%","","FALSE","0","0","0","0","","Composite; BfCA BioC calc by mass","T05|C10|S01|ecd60d"
"","WOOD CHIP CEMENT ICF 12"" R-21 with CORK BOARD INSERTS (3 in. @ R4/in.), 15M REBAR","0.0","m²","100%","","FALSE","0","0","0","0","","Composite; BfCA BioC calc by mass","T05|C10|S01|c8fcb5"
"(STEP 2) WOOD CHIP CEMENT ICF – CONCRETE FILL","","","","","","","","","","","","","T05|C10|S02"
"CONCRETE – <= 2500 PSI – N.AMERICA","","","","","","","","","","","","","T05|C10|S06"
"","Concrete - 0-2500 psi, Standard mix / NRMCA [Industry Avg | US & CA]","0.0","m²","100%","","FALSE","0","0","0","0","","Expired 2024","T05|C10|S06|949348"
"","Concrete - 0-2500 psi, 20-29% Fly Ash / NRMCA [Industry Avg | US & CA]","0.0","m²","100%","","FALSE","0","0","0","0","","Expired 2024","T05|C10|S06|b7e1fe"
"","Concrete - 0-2500 psi, 30-39% FA/SL / NRMCA [Industry Avg | US & CA]","0.0","m²","100%","","FALSE","0","0","0","0","","Expired 2024","T05|C10|S06|d6132a"
"","Concrete - 0-2500 psi, 40-49% FA/SL mix / NRMCA [Industry Avg | US & CA]","0.0","m²","100%","","FALSE","0","0","0","0","","Expired 2024","T05|C10|S06|921b8b"
"","Concrete - 0-2500 psi, >50% SCM mix / NRMCA [Industry Avg | US & CA]","0.0","m²","100%","","FALSE","0","0","0","0","","Expired 2024","T05|C10|S06|1a5a48"
"CONCRETE – 2501-3000 PSI – N.AMERICA","","","","","","","","","","","","","T05|C10|S07"
"","Concrete - 2501-3000 psi, Standard mix / NRMCA [Industry Avg | US & CA]","0.0","m²","100%","","FALSE","0","0","0","0","","Expired 2024","T05|C10|S07|43fe24"
"","Concrete - 2501-3000 psi, 20-29% Fly Ash / NRMCA [Industry Avg | US & CA]","0.0","m²","100%","","FALSE","0","0","0","0","","Expired 2024","T05|C10|S07|a7c43b"
"","Concrete - 2501-3000 psi, 30-39% FA/SL / NRMCA [Industry Avg | US & CA]","0.0","m²","100%","","FALSE","0","0","0","0","","Expired 2024","T05|C10|S07|809f93"
"","Concrete - 2501-3000 psi, 40-49% FA/SL mix / NRMCA [Industry Avg | US & CA]","0.0","m²","100%","","FALSE","0","0","0","0","","Expired 2024","T05|C10|S07|c50635"
"","Concrete - 2501-3000 psi, >50% SCM mix / NRMCA [Industry Avg | US & CA]","0.0","m²","100%","","FALSE","0","0","0","0","","Expired 2024","T05|C10|S07|900b85"
"CONCRETE – 3001-4000 psi – N.AMERICA","","","","","","","","","","","","","T05|C10|S08"
"","Concrete - 3001-4000 psi, Standard mix / NRMCA [Industry Avg | US & CA]","0.0","m²","100%","","FALSE","0","0","0","0","","Expired 2024","T05|C10|S08|s33333"
"","Concrete - 3001-4000 psi, 20-29% Fly Ash / NRMCA [Industry Avg | US & CA]","0.0","m²","100%","","FALSE","0","0","0","0","","Expired 2024","T05|C10|S08|s33334"
"","Concrete - 3001-4000 psi, 30-39% FA/SL / NRMCA [Industry Avg | US & CA]","0.0","m²","100%","","FALSE","0","0","0","0","","Expired 2024","T05|C10|S08|s33335"
"","Concrete - 3001-4000 psi, 40-49% FA/SL mix / NRMCA [Industry Avg | US & CA]","0.0","m²","100%","","FALSE","0","0","0","0","","Expired 2024","T05|C10|S08|s33336"
"","Concrete - 3001-4000 psi, >50% SCM mix / NRMCA [Industry Avg | US & CA]","0.0","m²","100%","","FALSE","0","0","0","0","","Expired 2024","T05|C10|S08|s33337"
"CONCRETE – 4001-5000 psi – N.AMERICA","","","","","","","","","","","","","T05|C10|S09"
"","Concrete - 4001-5000 psi, Standard mix / NRMCA [Industry Avg | US & CA]","0.0","m²","100%","","FALSE","0","0","0","0","","Expired 2024","T05|C10|S09|s33338"
"","Concrete - 4001-5000 psi, 20-29% Fly Ash / NRMCA [Industry Avg | US & CA]","0.0","m²","100%","","FALSE","0","0","0","0","","Expired 2024","T05|C10|S09|s33339"
"","Concrete - 4001-5000 psi, 30-39% FA/SL / NRMCA [Industry Avg | US & CA]","0.0","m²","100%","","FALSE","0","0","0","0","","Expired 2024","T05|C10|S09|s33340"
"","Concrete - 4001-5000 psi, 40-49% FA/SL mix / NRMCA [Industry Avg | US & CA]","0.0","m²","100%","","FALSE","0","0","0","0","","Expired 2024","T05|C10|S09|s33341"
"","Concrete - 4001-5000 psi, >50% SCM mix / NRMCA [Industry Avg | US & CA]","0.0","m²","100%","","FALSE","0","0","0","0","","Expired 2024","T05|C10|S09|s33342"
"ADDITIONAL MATERIALS 🤚","","","","","","","","","","","","","T05|CAM"
"MATERIALS BY LENGTH","","","","","","","","","","","","","T05|CAM|SLE"
"","","","m","100%","","FALSE","0","","","","FALSE","","T05|CAM|SLE|000001"
"","","","m","100%","","FALSE","0","","","","FALSE","","T05|CAM|SLE|000002"
"","","","m","100%","","FALSE","0","","","","FALSE","","T05|CAM|SLE|000003"
"","","","m","100%","","FALSE","0","","","","FALSE","","T05|CAM|SLE|000004"
"","","","m","100%","","FALSE","0","","","","FALSE","","T05|CAM|SLE|000005"
"MATERIALS BY AREA","","","","","","","","","","","","","T05|CAM|SAR"
"","","","m²","100%","","FALSE","0","","","","FALSE","","T05|CAM|SAR|000001"
"","","","m²","100%","","FALSE","0","","","","FALSE","","T05|CAM|SAR|000002"
"","","","m²","100%","","FALSE","0","","","","FALSE","","T05|CAM|SAR|000003"
"","","","m²","100%","","FALSE","0","","","","FALSE","","T05|CAM|SAR|000004"
"","","","m²","100%","","FALSE","0","","","","FALSE","","T05|CAM|SAR|000005"
"MATERIALS BY R-VALUE & AREA","","","","","➜","","","","","","","","T05|CAM|SRV"
"","","","m²","1.0","","FALSE","0","","","","FALSE","","T05|CAM|SRV|000001"
"","","","m²","1.0","","FALSE","0","","","","FALSE","","T05|CAM|SRV|000002"
"","","","m²","1.0","","FALSE","0","","","","FALSE","","T05|CAM|SRV|000003"
"","","","m²","1.0","","FALSE","0","","","","FALSE","","T05|CAM|SRV|000004"
"","","","m²","1.0","","FALSE","0","","","","FALSE","","T05|CAM|SRV|000005"
"MATERIALS BY VOLUME","","","","","","","","","","","","","T05|CAM|SVO"
"","","","m³","100%","","FALSE","0","","","","FALSE","","T05|CAM|SVO|000001"
"","","","m³","100%","","FALSE","0","","","","FALSE","","T05|CAM|SVO|000002"
"","","","m³","100%","","FALSE","0","","","","FALSE","","T05|CAM|SVO|000003"
"","","","m³","100%","","FALSE","0","","","","FALSE","","T05|CAM|SVO|000004"
"","","","m³","100%","","FALSE","0","","","","FALSE","","T05|CAM|SVO|000005"
"ADD CUSTOM EPD VALUE 🤚","","","","","","","","","","","","","T05|CEP"
"","Material Description / EPD Owner / EPD ID number / EPD Program Operator / EPD Expired date","","UNITS","","","","","","","","","","T05|CEP|SMO"
"","","","","100%","","FALSE","0","","","","FALSE","","T05|CEP|SMO|000001"
"","","","","100%","","FALSE","0","","","","FALSE","","T05|CEP|SMO|000002"
"","","","","100%","","FALSE","0","","","","FALSE","","T05|CEP|SMO|000003"
"","","","","100%","","FALSE","0","","","","FALSE","","T05|CEP|SMO|000004"
"","","","","100%","","FALSE","0","","","","FALSE","","T05|CEP|SMO|000005"
"","","","","100%","","FALSE","0","","","","FALSE","","T05|CEP|SMO|000006"