"","","","","ID for →","Materials options by VOLUME – m³","ID for →","Material options by SURFACE AREA – m²","ID for →","Material options by Length - m","ID for →","Material options by R-VALUE & AREA - m²•RSI","","Province/State","Country","USER INPUT Building Type","Construction Type","Construction Stage","Purpose of Evaluation","List of countries","Province for Country Selected","","Sheet Name","Text Color","BG Color","Full Sheet Name"
"","","","","2c53be","Aggregate / NRMCA / US Average [Industry Avg]","6ab68b","ACQ wood treatment","541b20","Helical pier / Generic / 3"" Nominal Pipe, 3.5 x 3/16"" (89 x 5.5 mm), 10"" Helix, Sched 40 Galvanized steel [Industry Avg]","199253","Aerogel blanket / Aspen Aerogels / R9.6-inch","","Alberta","Canada","Single Detached House","New Construction","Pre-Design","Not specific / General curiosity","Canada","Alabama","","PROJECT","#ffffff","#3f3f3f","PROJECT"
"","","","","BAM001","Bamboo Glulam / Lamboo / Structural Grade Product Systems","STU00X","Synthetic Stucco (Acrylic) [BEAM Avg | US & CA]","S12345","Ground screw / American Ground Screw / AGS IM3316 / 76 x 1600 mm","967ad6","Cellulose / batt / CMS / EcoCell / R 3.6-inch","","British Columbia","Canada","Semi-Detached House","Off-site Prefabrication","Schematic Design","Project Design & Material Selection","United States","Alaska","","Footings & Slabs","#ffffff","#d2e790","FOOTINGS & SLABS"
"","","","","BAM006","Bamboo beams / MOSO / Bamboo Solid Beams / High Density","5caf85","Synthetic Stucco (Acrylic) / Sto / Stolit 1.0 & 1.0 Dark Colors (avg)","S12346","Ground screw / American Ground Screw / AGS IM4516 / 114 x 1600 mm","Cel000","Cellulose / batt / Ekovilla / Ekovilla Slab / R3.7-inch [EU]","","Manitoba","Canada","Townhouse (single unit)","Interior Renovation","Design Development","Research - Project-specific","Afghanistan","Arizona","","Foundation Walls","#3f3f3f","#bcdb59","FOUNDATION WALLS"
"","","","","7de1da","Concrete – 0-25 MPa, Canadian Benchmark Average / CRMCA [Industry Avg | CA]","f93xa0","Synthetic Stucco (Acrylic) / Sto / Stolit 1.5 & 1.5 Dark Colors (avg)","S12347","Ground screw / Krinner / E-Series E89x1000-E60 / 89 x 1000 mm [EU]","fc7d3a","Cellulose / dense pack / CIMA / R 3.7-inch / [Industry Avg | US & CA]","","New Brunswick","Canada","Townhouse (all units)","Shell Renovation","Construction Documents","Research - Multi-project Scope","Albania","Arkansas","","Structural Elements","#3f3f3f","#d2e790","STRUCTURAL ELEMENTS"
"","","","","4e0f8a","Concrete – 0-25 MPa, 0-14% FA/SL, GU / CRMCA [Industry Avg | CA]","21dw0f","Synthetic Stucco (Acrylic) / Sto / Stolit Freeform & Freeform Dark Colors (avg)","S12348","Ground screw / Krinner / E-Series E140x1600-E76-100 / 140 x 1600 mm [EU]","1ca576","Cellulose / loose fill / CIMA / R 3.7-inch / [Industry Avg | US & CA] ","","Newfoundland and Labrador","Canada","Apartment (single unit)","Energy Retrofit","Permits & Contracts","Research - other","Algeria","California","","Ext. Walls","#ffffff","#c67720","EXTERIOR WALLS"
"","","","","e72bcd","Concrete – 0-25 MPa, 15-29% Fly Ash, GU / CRMCA [Industry Avg | CA]","SBP00X","Sheet Barrier Permeable / [BEAM Avg]","REB000","Rebar / Concrete Reinforcing Steel Institute / 98% recycled, EAF / [Industry Avg | N.America] / 10M","Cel001","Cellulose / dense pack / Advanced Fiber Technology / AFT Carbon Smart / 56 kg/m3 / R3.8-inch ","","Northwest Territories","Canada","Apartment (all units)","Other","Materials Procurement","Project Certification","American Samoa","Colorado","","Party Walls","#ffffff","#946fbf","PARTY WALLS"
"","","","","6ed061","Concrete – 0-25 MPa, 25-34% Slag, GU / CRMCA [Industry Avg | CA]","SBM00X","Sheet Barrier Moisture-Variable / [BEAM Avg]","REB001","Rebar / Concrete Reinforcing Steel Institute / 98% recycled, EAF / [Industry Avg | N.America] / 15M","Cel003","Cellulose / loose fill / Advanced Fiber Technology / AFT Carbon Smart / 25.2 kg/m3 / R3.8-inch","","Nova Scotia","Canada","Office","","Construction in Progress","Education","Andorra","Connecticut","","Cladding","#3f3f3f","#7bc8d0","EXTERIOR WALL CLADDING"
"","","","","d873ca","Concrete – 0-25 MPa, 30-40% Fly Ash, GU / CRMCA [Industry Avg | CA]","SBNP0X","Sheet barrier Non-Permeable / [BEAM Avg]","REB002","Rebar / Concrete Reinforcing Steel Institute / 98% recycled, EAF / [Industry Avg | N.America] / 20M","Cel002","Cellulose / dense pack / Greenfiber / Sanctuary / Avg of all facilties / 56.1 kg/m3 / R3.8-inch ","","Nunavut","Canada","Educational","","Construction Complete","High School Education","Angola","Delaware","","Windows","#3f3f3f","#d3ecef","WINDOWS"
"","","","","b069b6","Concrete – 0-25 MPa, 35-50% Slag, GU / CRMCA [Industry Avg | CA]","LAB00X","Liquid Applied Barrier / [BEAM Avg]","REB003","Rebar / Concrete Reinforcing Steel Institute / 98% recycled, EAF / [Industry Avg | N.America] / #3","cel004","Cellulose / loose fill / Greenfiber / Sanctuary / Avg of all facilties / 17.1 kg/m3 / R3.8-inch ","","Ontario","Canada","Religious","","Other","University/College Education","Argentina","District of Columbia","","Int. Walls","#3f3f3f","#83cc9f","INTERIOR WALLS"
"","","","","897eab","Concrete – 26-30 MPa, Canadian Benchmark Average / CRMCA [Industry Avg | CA]","SAB00X","Self-Adhered Barrier / [BEAM Avg]","REB004","Rebar / Concrete Reinforcing Steel Institute / 98% recycled, EAF / [Industry Avg | N.America] / #4","5231c8","Cellulose / spray applied / International Cellulose Corp. / K-13, ThermoCon / R 3.75-inch","","Prince Edward Island","Canada","Institutional","","","Post-Graduate Education","Armenia","Florida","","Floors","#ffffff","#666666","FLOORS"
"","","","","be7b88","Concrete – 26-30 MPa, 0-14% FA/SL, GU / CRMCA [Industry Avg | CA]","RSB00X","Roof Deck Sheet Barrier / [BEAM Avg]","REB005","Rebar / Concrete Reinforcing Steel Institute / 98% recycled, EAF / [Industry Avg | N.America] / #5","STRABX","Straw Board / R 2.0-inch [BEAM Avg] ","","Quebec","Canada","Commercial","","","Workplace Education","Australia","Georgia","","Ceilings","#3f3f3f","#a5a5a5","CEILINGS"
"","","","","38d491","Concrete – 26-30 MPa, 15-29% Fly Ash, GU / CRMCA [Industry Avg | CA]","RLB00X","Roof Deck Liquid Applied Barrier / [BEAM Avg]","REB006","Rebar / Concrete Reinforcing Steel Institute / 98% recycled, EAF / [Industry Avg | N.America] / #6","INS001","Compressed straw board / Ekopanely / Ekopanel E60-1200 / 60 mm / R1.45-inch [EU]","","Saskatchewan","Canada","Hospitality","","","Other","Austria","Hawaii","","Roof","#3f3f3f","#dadada","ROOF"
"","","","","a6839d","Concrete – 26-30 MPa, 25-34% Slag, GU / CRMCA [Industry Avg | CA]","CSB00X","Ceiling Sheet Barrier / [BEAM Avg]","REB007","Rebar / Concrete Reinforcing Steel Institute / 98% recycled, EAF / [Industry Avg | N.America] / #7","INS002","Compressed straw board/ Ekopanely / Ekopanel E40-800 / 40 mm / R1.45-inch [EU]","","Yukon","Canada","Industrial","","","","Azerbaijan","Idaho","","Garage","#ffffff","#45818e","GARAGE"
"","","","","814de3","Concrete – 26-30 MPa, 30-40% Fly Ash, GU / CRMCA [Industry Avg | CA]","bbb000","Int. Wall & Ceiling Barrier, sheet / Rothoblaas / Vapor In Green 200 / Non-permeable / 0.35 mm / EU","REB008","Rebar / Concrete Reinforcing Steel Institute / 98% recycled, EAF / [Industry Avg | N.America] / #8","INS000","Straw board / VestaEco Straw Insulation Boards 140 / R 4-inch  [EU]","","Alabama","United States","Agricultural","","","","Bahamas","Illinois","","","","",""
"","","","","b1d6d5","Concrete – 26-30 MPa, 35-50% Slag, GU / CRMCA [Industry Avg | CA]","bbb001","Ext. & Int. Wall & Roof Barrier, sheet / Rothoblaas / Clima Control Net 160 / Moisture-variable / 0.5 mm / EU","l2jfis","Rebar / Nucor Corporation / 10M","CBI000","Cork board insulation / Amorim  / Expanded Insulation Corkboard (ICB) / R3.6-inch, 115 kg/m3 [EU]","","Alaska","United States","Data centre","","","","Bahrain","Indiana","","","","",""
"","","","","dad6dc","Concrete – 31-35 MPa, Canadian Benchmark Average / CRMCA [Industry Avg | CA]","bbb002","Ext. & Int. Wall & Roof Barrier, sheet / Rothoblaas / Traspir EVO 160 / 12.3 Perms / 0.5 mm / EU","a03cls","Rebar / Nucor Corporation / 15M","INS010","Grass Insulation / Gramitherm 100 batt / R3.5-inch [EU]","","Arizona","United States","Recreational","","","","Bangladesh","Iowa","","REVIEW","#3f3f3f","#ffff65","REVIEW"
"","","","","ad41fc","Concrete – 31-35 MPa, 0-14% FA/SL, GU / CRMCA [Industry Avg | CA]","bbb003","Ext. & Int. Wall & Roof Barrier, sheet / Rothoblaas / Traspir Vapor 225 / Non-permeable / 0.8 mm / EU","sdf38s","Rebar / Nucor Corporation / 20M","EPS003","EPS foam board / Type I / R 3.6-inch, 10 psi / EPS Industry Alliance [Industry Avg | US & CA]","","Arkansas","United States","Mixed use","","","","Barbados","Kansas","","RESULTS","#3f3f3f","#92d050","RESULTS"
"","","","","cfa664","Concrete – 31-35 MPa, 15-29% Fly Ash, GU / CRMCA [Industry Avg | CA]","bbb004","Ext. & Int. Wall Barrier, sheet / Rothoblaas / Traspir 110 / 101 Perms / 0.4 mm / EU","fdk49v","Rebar / Nucor Corporation / #3","EPS002","EPS foam board / Type II / R 4.0-inch, 15 psi / EPS Industry Alliance [Industry Avg | US & CA]","","California","United States","Other","","","","Belarus","Kentucky","","","","",""
"","","","","43fc51","Concrete – 31-35 MPa, 25-34% Slag, GU / CRMCA [Industry Avg | CA]","bbb005","Ext. & Int. Wall Barrier, sheet / Rothoblaas / Traspir EVO UV 210 / 41.7 Perms / 0.3 mm / EU","bomxc2","Rebar / Nucor Corporation / #4","EPS001","EPS foam board / Type IX / R 4.2-inch, 25 psi / EPS Industry Alliance [Industry Avg | US & CA]","","Colorado","United States","","","","","Belgium","Louisiana","","","","",""
"","","","","dac0ae","Concrete – 31-35 MPa, 30-40% Fly Ash, GU / CRMCA [Industry Avg | CA]","bbb006","Ext. Roof Barrier, sheet / Rothoblaas / Traspir Weld EVO 360 / 17.5 Perms / 1.0 mm / EU","1cgews","Rebar / Nucor Corporation / #5","EPS000","EPS foam board / Type XV / R 4.3-inch, 60 psi / EPS Industry Alliance [Industry Avg | US & CA]","","Connecticut","United States","","","","","Belize","Maine","","","","",""
"","","","","1ea5e4","Concrete – 31-35 MPa, 35-50% Slag, GU / CRMCA [Industry Avg | CA]","bbb007","Ext. Wall & Roof Barrier, adhesive / Partel / Exoperm Mono SA 250 / Permeable / EU","3vwqxf","Rebar / Nucor Corporation / #6","EPS004","EPS foam board with graphite / BASF  / Neopor F 5200 Plus / R 4.7-inch, Type IX, 25 psi","","Delaware","United States","","","","","Benin","Maryland","","","","",""
"","","","","949348","Concrete - 0-2500 psi, Standard mix / NRMCA [Industry Avg | US & CA]","bbb008","Ext. Wall & Roof Barrier, liquid applied / Carlisle / Barrithane VP / 11.1 Perms, 40 mils","g42xas","Rebar / Nucor Corporation / #7","EPS005","EPS foam board with graphite / BASF / Neopor F 5200 Plus / R 4.7-inch, Type II, 15 psi (Type 2, 110 kPa)","","District of Columbia","United States","","","","","Bermuda","Massachusetts","","","","",""
"","","","","b7e1fe","Concrete - 0-2500 psi, 20-29% Fly Ash / NRMCA [Industry Avg | US & CA]","bbb009","Ext. Wall & Roof Barrier, sheet / Dupont / Tyvek Monolayer 60 / Permeable / EU","3fxswa","Rebar / Nucor Corporation / #8","EPS006","EPS foam board with graphite / BASF / Neopor F 5200 & F 5300 Plus BMB / R 4.7-inch, Type IX, 25 psi (Type 9, 175 kPa)","","Florida","United States","","","","","Bhutan","Michigan","","","","",""
"","","","","d6132a","Concrete - 0-2500 psi, 30-39% FA/SL / NRMCA [Industry Avg | US & CA]","bbb010","Ext. Wall & Roof Barrier, sheet / Partel / Exoperm Mono 150 / Permeable / EU","b8ldec","Rebar / ArcelorMittal Long Products Canada / 10M","EPS007","EPS foam board with graphite / BASF / Neopor F 5200 & F 5300 Plus BMB  / R 4.7-inch, Type II, 15 psi (Type 2, 110 kPa)","","Georgia","United States","","","","","Bolivia","Minnesota","","","","",""
"","","","","921b8b","Concrete - 0-2500 psi, 40-49% FA/SL mix / NRMCA [Industry Avg | US & CA]","bbb011","Ext. Wall barrier, adhesive / GCP / Perm-a-Barrier / Non-permeable, 1 mm","kb2gox","Rebar / ArcelorMittal Long Products Canada / 15M","INS005","Fiberglass batt / NAIMA /  R 4.4-inch [Industry Avg | N.America]","","Hawaii","United States","","","","","Bosnia And Herzegovina","Mississippi","","","","",""
"","","","","1a5a48","Concrete - 0-2500 psi, >50% SCM mix / NRMCA [Industry Avg | US & CA]","bbb012","Ext. Wall Barrier, adhesive / Soprema / SOPRASEAL STICK 1100 T / Non-permeable / 1.0 mm","l29vks","Rebar / ArcelorMittal Long Products Canada / 20M","INS006","Fiberglass batt / Johns Manville / Unfaced, ComfortTherm, Cavity-SHIELD, FSK-25 / R 3.4-inch","","Idaho","United States","","","","","Botswana","Missouri","","","","",""
"","","","","43fe24","Concrete - 2501-3000 psi, Standard mix / NRMCA [Industry Avg | US & CA]","bbb013","Ext. Wall Barrier, adhesive / Soprema / SOPRASEAL STICK VP / 11-17 Perms / 0.6 mm","STR000","Structural Steel / L-Angle / L 3.5 x 3.5 x 1/4""/ AISC [Industry Avg | US]","INS048","Fiberglass batt & roll / Owens Corning / Unfaced, PINK Next Gen Fiberglas / R 3.6-inch avg.","","Illinois","United States","","","","","Brazil","Montana","","","","",""
"","","","","a7c43b","Concrete - 2501-3000 psi, 20-29% Fly Ash / NRMCA [Industry Avg | US & CA]","bbb014","Ext. Wall Barrier, adhesive / Soprema / SOPRASOLIN HD (aluminum foil) / Non-permeable / 1.0 mm","STR001","Structural Steel / Rectangular HSS / 8 x 6 x 5/16""/ AISC [Industry Avg | US]","1f3cc3","Fiberglass batt / CertainTeed / Sustainable Insulation / R 3.6-inch","","Indiana","United States","","","","","Bulgaria","Nebraska","","","","",""
"","","","","809f93","Concrete - 2501-3000 psi, 30-39% FA/SL / NRMCA [Industry Avg | US & CA]","bbb015","Ext. Wall Barrier, adhesive / Soprema / SOPRAVAP'R / Non-permeable / 0.8 mm","STR002","Structural Steel / Square HSS / 3 x 3 x 3/16""/ AISC [Industry Avg | US]","INS008","Fiberglass loose fill / NAIMA /  R 2.2-inch [Industry Avg | N.America]","","Iowa","United States","","","","","Burkina Faso","Nevada","","","","",""
"","","","","c50635","Concrete - 2501-3000 psi, 40-49% FA/SL mix / NRMCA [Industry Avg | US & CA]","bbb016","Ext. Wall barrier, liquid applied / GCP / Perm-a-Barrier NPL 10 (fire-resistant) / Non-permeable, 1 mm","STR003","Structural Steel / Square HSS / 4 x 4 x 1/4""/ AISC [Industry Avg | US]","INS009","Fiberglass loose fill / Johns Manville / Climate Pro, Attic Protector, JM Spider PLUS (Canada) / R 2.8-inch","","Kansas","United States","","","","","Burundi","New Hampshire","","","","",""
"","","","","900b85","Concrete - 2501-3000 psi, >50% SCM mix / NRMCA [Industry Avg | US & CA]","bbb017","Ext. Wall barrier, liquid applied / GCP / Perm-a-Barrier VPL / 20 Perms, 0.64 mm","STR004","Structural Steel / Square HSS / 5 x 5 x 1/4""/ AISC [Industry Avg | US]","f33e5e","Fiberglass loose fill / CertainTeed / InsulSafe, Optima, TruComfort / R 2.6-inch","","Kentucky","United States","","","","","Cambodia","New Jersey","","","","",""
"","","","","s33333","Concrete - 3001-4000 psi, Standard mix / NRMCA [Industry Avg | US & CA]","bbb018","Ext. Wall barrier, liquid applied / GCP / Perm-a-Barrier VPL 50RS UV stable / 13 Perms, 0.51 mm","STR005","Structural Steel / Square HSS / 5 x 5 x 1/2""/ AISC [Industry Avg | US]","INS049","Fiberglass loose fill / Owens Corning / AttiCat, ProCat, ProPink / R 3.28-inch","","Louisiana","United States","","","","","Cameroon","New Mexico","","","","",""
"","","","","s33334","Concrete - 3001-4000 psi, 20-29% Fly Ash / NRMCA [Industry Avg | US & CA]","bbb019","Ext. Wall barrier, sheet / GCP / Perm-a-Barrier NPS / Non-permeable, 0.46 mm","STR006","Structural Steel / Square HSS / 8 x 8 x 1/4""/ AISC [Industry Avg | US]","INS004","Fiberglass board / NAIMA / R-3.2-inch  [Industry Avg | N.America]","","Maine","United States","","","","","Cape Verde Islands","New York","","","","",""
"","","","","s33335","Concrete - 3001-4000 psi, 30-39% FA/SL / NRMCA [Industry Avg | US & CA]","bbb020","Ext. Wall Barrier, liquid applied / Soprema / SOPRASEAL LM 200 S / 0.6 Perm","STR007","Structural Steel / Wide Flange / W150x22 (US W6x15) / AISC [Industry Avg | US]","LEC000","Light expanded clay aggregate (LECA) / Leca Int'l / Leca Arlita 10-20 / R 1.3-inch, 10-20 mm [EU]","","Maryland","United States","","","","","Chad","North Carolina","","","","",""
"","","","","s33336","Concrete - 3001-4000 psi, 40-49% FA/SL mix / NRMCA [Industry Avg | US & CA]","bbb021","Ext. Wall Barrier, liquid applied / Soprema / SOPRASEAL LM 204 VP / 10-17 Perms / 0.6 mm","STR008","Structural Steel / Wide Flange / W150x30 (US W6x20) / AISC [Industry Avg | US]","LEC001","Light expanded clay aggregate (LECA) / Leca Int'l / Leca ISO 10-20 / R 1.35-inch, 10-20 mm [EU]","","Massachusetts","United States","","","","","Chile","North Dakota","","","","",""
"","","","","s33337","Concrete - 3001-4000 psi, >50% SCM mix / NRMCA [Industry Avg | US & CA]","bbb022","Ext. Wall Barrier, sheet / Building Product Design / Glidevale Protect TF200 / Permeable","STR009","Structural Steel / Wide Flange / W200x22 (US W8x15) / AISC [Industry Avg | US]","LEC002","Light expanded clay aggregate (LECA) / Leca Int'l / Leca-sora 4-32 / R 1.2-inch, 4-32 mm [EU]","","Michigan","United States","","","","","China","Ohio","","","","",""
"","","","","s33338","Concrete - 4001-5000 psi, Standard mix / NRMCA [Industry Avg | US & CA]","bbb023","Ext. Waterproofing Barrier, adhesive / Carlisle / MiraPLY V  ","STR010","Structural Steel / Wide Flange / W200x27 (US W8x18) / AISC [Industry Avg | US]","103ade","Foam glass aggregate / Glasopor AS / R 1.7-inch, 10-60 mm [EU]","","Minnesota","United States","","","","","Colombia","Oklahoma","","","","",""
"","","","","s33339","Concrete - 4001-5000 psi, 20-29% Fly Ash / NRMCA [Industry Avg | US & CA]","bbb024","Ext. Waterproofing Barrier, liquid applied / Carlisle / MiraSEAL & MiraTITE  ","STR011","Structural Steel / Wide Flange / W200x31 (US W8x21) / AISC [Industry Avg | US]","21cbc7","Foam glass aggregate / Hasopor / R 1.7-inch, 10-60 mm [EU]","","Mississippi","United States","","","","","Congo","Oregon","","","","",""
"","","","","s33340","Concrete - 4001-5000 psi, 30-39% FA/SL / NRMCA [Industry Avg | US & CA]","bbb025","Int. Wall barrier, sheet / Isover / Vario KM Duplex / Moisture-variable / EU","STR012","Structural Steel / Wide Flange / W200x36 (US W8x24) / AISC [Industry Avg | US]","a94jf2","Foam glass board / R 3.4-inch [BEAM Avg] ","","Missouri","United States","","","","","Costa Rica","Pennsylvania","","","","",""
"","","","","s33341","Concrete - 4001-5000 psi, 40-49% FA/SL mix / NRMCA [Industry Avg | US & CA]","bbb026","Int. Wall barrier, sheet / Isover / Vario XTRA / Moisture-variable / EU","STR013","Structural Steel / Wide Flange / W200x42 (US W8x28) / AISC [Industry Avg | US]","40c2ea","Foam glass board / Pittsburgh Corning Europe / FOAMGLAS F / R 2.9-inch / [EU]","","Montana","United States","","","","","Croatia","Rhode Island","","","","",""
"","","","","s33342","Concrete - 4001-5000 psi, >50% SCM mix / NRMCA [Industry Avg | US & CA]","bbb027","Int. Wall & Ceiling Barrier, sheet / Partel / IZOPERM PLUS / Non-permeable / EU","STR014","Structural Steel / Wide Flange / W200x59 (US W8x40) / AISC [Industry Avg | US]","8f8df3","Foam glass board / Pittsburgh Corning Europe / FOAMGLAS S3 / R 3.2-inch / [EU]","","Nebraska","United States","","","","","Cuba","South Carolina","","","","",""
"","","","","fdsj68","Concrete – 25 MPa, Quebec Baseline Average / ABQ [Industry Avg | CA]","bbb028","Int. Wall & Ceiling Barrier, sheet / Partel / VARA PLUS / Moisture-variable / EU","STR015","Structural Steel / Wide Flange / W200x71 (US W8x48) / AISC [Industry Avg | US]","ebf499","Foam glass board / Pittsburgh Corning Europe / FOAMGLAS T3+ / R 4.0-inch / [EU]","","Nevada","United States","","","","","Cyprus","South Dakota","","","","",""
"","","","","aaacc1","Concrete – 25 MPa, 10% SL, GU / ABQ [Industry Avg | CA]","bbb029","Int. Wall & Ceiling Barrier, sheet / Rothoblaas / Clima Control 80 / Moisture-variable / 0.22 mm / EU","STR016","Structural Steel / Wide Flange / W250x18 (US W10x12) / AISC [Industry Avg | US]","bb05fc","Foam glass board / Pittsburgh Corning Europe / FOAMGLAS T4+ / R 3.5-inch / [EU]","","New Hampshire","United States","","","","","Czech Republic","Tennessee","","","","",""
"","","","","aaacc2","Concrete – 25 MPa, 10% FA, GU / ABQ [Industry Avg | CA]","bbb030","Int. Wall & Ceiling Barrier, sheet / Rothoblaas / Vapor In NET 140 / Non-permeable / 0.15 mm / EU","STR017","Structural Steel / Wide Flange / W250x22 (US W10x15) / AISC [Industry Avg | US]","HEMP0X","Hemp Fiber Batt / R 3.6-inch [BEAM Avg] ","","New Jersey","United States","","","","","Denmark","Texas","","","","",""
"","","","","aaacc3","Concrete – 25 MPa, 20% SL, GU / ABQ [Industry Avg | CA]","bbb031","Int. Wall & Ceiling Barrier, sheet / SIGA / Majrex 200 / Moisture-variable / EU","STR018","Structural Steel / Wide Flange / W250x25 (US W10x17) / AISC [Industry Avg | US]","2fe063","Hemp fiber batt / NaturFibre / Hemp Wool / R 3.7-inch","","New Mexico","United States","","","","","Djibouti","Utah","","","","",""
"","","","","aaacc4","Concrete – 25 MPa, 20% FA, GU / ABQ [Industry Avg | CA]","bbb032","Int. Wall & Ceiling Barrier, sheet / Synwer / Syn U 120 Sd 2 / Moisture-variable / EU","STR019","Structural Steel / Wide Flange / W250x28 (US W10x19) / AISC [Industry Avg | US]","INS011","Hemp fiber batt / Ekolution / Hemp fiber insulation / R 3.6-inch [EU]","","New York","United States","","","","","Dominica","Vermont","","","","",""
"","","","","aaacc5","Concrete – 25 MPa, 30% SL, GU / ABQ [Industry Avg | CA]","bbb033","Barrier, sheet / Polyethylene sheet / 10 mil","STR020","Structural Steel / Wide Flange / W250x33 (US W10x22) / AISC [Industry Avg | US]","INS012","Hemp fiber batt / KOBE-cz / ECO HempFlex insulation / R 3.6-inch [EU]","","North Carolina","United States","","","","","Dominican Republic","Virginia","","","","",""
"","","","","aaacc6","Concrete – 25 MPa, 30% FA, GU / ABQ [Industry Avg | CA]","bbb034","Barrier, sheet / Polyethylene sheet / 6 mil","STR021","Structural Steel / Wide Flange / W250x39 (US W10x26) / AISC [Industry Avg | US]","HEMPCX","Hempcrete / R 2.4-inch [BEAM Avg] ","","North Dakota","United States","","","","","Ecuador","Washington","","","","",""
"","","","","A12345","Concrete – 25 MPa, 30% FA, GUL / ABQ [Industry Avg | CA]","2b19ae","Asphalt Shingles / GAF / Timberline / Timberline","STR022","Structural Steel / Wide Flange / W250x45 (US W10x30) / AISC [Industry Avg | US]","7d79df","Hempcrete / Cast in-situ / IsoHemp / R 2.2-inch / [EU]","","Ohio","United States","","","","","Egypt","West Virginia","","","","",""
"","","","","aaacc7","Concrete – 30 MPa, Quebec Baseline Average / ABQ [Industry Avg | CA]","RRR110","Asphalt Shingles / Asphalt Roofing Manufacturers Association / Fiberglass Asphalt Shingles [Industry Avg | US & CA]","STR023","Structural Steel / Wide Flange / W250x50 (US W10x33) / AISC [Industry Avg | US]","5731ae","Hempcrete / Cast in-situ / Avg. mix using NHL & PHL / R 2.2-inch / USA","","Oklahoma","United States","","","","","El Salvador","Wisconsin","","","","",""
"","","","","aaacc8","Concrete – 30 MPa, 10% SL, GU / ABQ [Industry Avg | CA]","G60979","Asphalt Shingles / Owens Corning / Duration / ","STR024","Structural Steel / Wide Flange / W250x58 (US W10x38) / AISC [Industry Avg | US]","INS013","Hempcrete cast in place / Senini / Bio Beton Jet / R2.7-inch / 230 kg/m3 [EU]","","Oregon","United States","","","","","Eritrea","Wyoming","","","","",""
"","","","","aaacc9","Concrete – 30 MPa, 10% FA, GU / ABQ [Industry Avg | CA]","e7ab5a","Asphalt Shingles / Owens Corning / Oakridge / ","STR025","Structural Steel / Wide Flange / W250x67 (US W10x45) / AISC [Industry Avg | US]","INS014","Hempcrete dry fill / Senini / Bio Beton Pronto / R2.7-inch / 190 kg/m3 [EU]","","Pennsylvania","United States","","","","","Estonia","","","","","",""
"","","","","aaacc10","Concrete – 30 MPa, 20% SL, GU / ABQ [Industry Avg | CA]","61aa40","Asphalt Shingles / Owens Corning / Supreme / ","STR026","Structural Steel / Wide Flange / W250x73 (US W10x49) / AISC [Industry Avg | US]","INS015","Hempcrete block / Senini / Blocco Ambiente / 20x50x30 / R2.1-inch / 330 kg/m3 [EU]","","Rhode Island","United States","","","","","Ethiopia","","","","","",""
"","","","","aaacc11","Concrete – 30 MPa, 20% FA, GU / ABQ [Industry Avg | CA]","RRR111","Asphalt Shingles / GAF / Timberline Cool Series /","STR027","Structural Steel / Wide Flange / W250x80 (US W10x54) / AISC [Industry Avg | US]","INS016","Hempcrete block / Isohemp / Hemp Block PAL36EX  including mortar / 600 x 300 x 150-360 mm / R 2.0-inch [EU]","","South Carolina","United States","","","","","Fiji","","","","","",""
"","","","","aaacc12","Concrete – 30 MPa, 30% SL, GU / ABQ [Industry Avg | CA]","RRR112","Asphalt Shingles / Malarkey Roofing /  Ecoasis NEX /","STR028","Structural Steel / Wide Flange / W250x131 (US W10x88) / AISC [Industry Avg | US]","CCF00X","Cementitious Foam / R 3.5-inch [BEAM Avg] ","","South Dakota","United States","","","","","Finland","","","","","",""
"","","","","aaacc13","Concrete – 30 MPa, 30% FA, GU / ABQ [Industry Avg | CA]","RRR113","Asphalt Shingles / Malarkey Roofing /  Ecoasis Premium /","STR029","Structural Steel / Wide Flange / W310x129 (US W12x87) / AISC [Industry Avg | US]","CCF000","Cementitious Foam / Holcim / Airium Spray / R3.35/inch / 100 kg/m3 [EU]","","Tennessee","United States","","","","","France","","","","","",""
"","","","","A12346","Concrete – 30 MPa, 30% FA, GUL / ABQ [Industry Avg | CA]","RRR114","Asphalt Shingles / Malarkey Roofing / Dura-Seal /","STR030","Structural Steel / Wide Flange / W310x21 (US W12x14) / AISC [Industry Avg | US]","CCF001","Cementitious Foam / Perlmooser / Airium Spray / R3.43/inch / 70 kg/m3 [EU]","","Texas","United States","","","","","French Polynesia","","","","","",""
"","","","","aaacc14","Concrete – 35 MPa, Quebec Baseline Average / ABQ [Industry Avg | CA]","RRR115","Asphalt Shingles / Malarkey Roofing / Highlander NEX /","STR031","Structural Steel / Wide Flange / W310x33 (US W12x22) / AISC [Industry Avg | US]","CCF002","Cementitious Foam /Master Builders Solutions / MasterProtect NFF / R3.8/inch / 70 kg/m3 [EU]","","Utah","United States","","","","","Gabon","","","","","",""
"","","","","aaacc15","Concrete – 35 MPa, 10% SL, GU / ABQ [Industry Avg | CA]","RRR116","Asphalt Shingles / Malarkey Roofing / Legacy /","STR032","Structural Steel / Wide Flange / W310x39 (US W12x26) / AISC [Industry Avg | US]","MWB0ew","Mineral wool batt / [BEAM Avg] ","","Vermont","United States","","","","","Gambia","","","","","",""
"","","","","aaacc16","Concrete – 35 MPa, 10% FA, GU / ABQ [Industry Avg | CA]","RRR117","Asphalt Shingles / Malarkey Roofing / Vista /","STR033","Structural Steel / Wide Flange / W310x45 (US W12x30) / AISC [Industry Avg | US]","MWB012","Mineral wool batt / Owens Corning / UltraBatt - Fire & Sound Guard Plus R-15, R-30 (plant Avg) / R 4.2-inch","","Virginia","United States","","","","","Georgia","","","","","",""
"","","","","aaacc17","Concrete – 35 MPa, 20% SL, GU / ABQ [Industry Avg | CA]","RRR118","Asphalt Shingles / Malarkey Roofing / Windsor /","STR034","Structural Steel / Wide Flange / W310x52 (US W12x35) / AISC [Industry Avg | US]","MWB013","Mineral wool batt / Owens Corning / UltraBatt - Fire & Sound Guard Plus R-23 (plant Avg) / R 4.2-inch","","Washington","United States","","","","","Germany","","","","","",""
"","","","","aaacc18","Concrete – 35 MPa, 20% FA, GU / ABQ [Industry Avg | CA]","BAM002","Bamboo plywood / Smith & Fong / Plyboo / 1/2"" (uncarved) ","STR035","Structural Steel / Wide Flange / W310x79 (US W12x53) / AISC [Industry Avg | US]","MWB014","Mineral wool batt / Rockwool / ComfortBatt R-24 (Wood Studs) / R 4.4-inch","","West Virginia","United States","","","","","Ghana","","","","","",""
"","","","","aaacc19","Concrete – 35 MPa, 30% SL, GU / ABQ [Industry Avg | CA]","BAM003","Bamboo plywood / Smith & Fong / Plyboo / 3/4"" (uncarved) ","STR036","Structural Steel / Wide Flange / W360x33 (US W14x22) / AISC [Industry Avg | US]","MWB015","Mineral wool batt / Owens Corning / UltraBatt - Fire & Sound Guard Plus R-10 (plant Avg) / R 4.0-inch","","Wisconsin","United States","","","","","Greece","","","","","",""
"","","","","aaacc20","Concrete – 35 MPa, 30% FA, GU / ABQ [Industry Avg | CA]","BAM00X","Bamboo Cladding [BEAM Avg]","STR037","Structural Steel / Wide Flange / W360x45 (US W14x30) / AISC [Industry Avg | US]","MWB016","Mineral wool batt / Owens Corning / UltraBatt - Fire & Sound Guard Plus R-24 (plant Avg) / R 4.0-inch","","Wyoming","United States","","","","","Grenada","","","","","",""
"","","","","A12348","Concrete – 35 MPa, 30% FA, GUL / ABQ [Industry Avg | CA]","d0rk2l","Bamboo Cladding / Dasso / dassoXTR Bamboo RainClad® Siding / Shiplap, 3/4'' (19 mm) ","STR038","Structural Steel / Wide Flange / W360x51 (US W14x34) / AISC [Industry Avg | US]","MWB017","Mineral wool batt / Rockwool / ComfortBatt R-23 / R 4.2-inch","","Other","","","","","","Guatemala","","","","","",""
"","","","","aaacc21","Concrete – 25 MPa, GU / Ontario Concrete RMCAO [Industry Avg | CA]","s0glec","Bamboo Cladding / Dasso / dassoCTECH outdoor oiled Cladding / Shiplap, 5/8"" (18 mm) ","STR039","Structural Steel / Wide Flange / W360x57 (US W14x38) / AISC [Industry Avg | US]","MWB018","Mineral wool batt / Rockwool / ComfortBatt R-15 / R 4.3-inch","","","","","","","","Guinea","","","","","",""
"","","","","aaacc22","Concrete – 25 MPa, 15% SL, GU / Ontario Concrete RMCAO [Industry Avg | CA]","BAM000","Bamboo Cladding / Lamboo / Rainscreen™ Facing System / 11/16"" (17 mm) ","STR040","Structural Steel / Wide Flange / W410x74 (US W16x50) / AISC [Industry Avg | US]","MWB019","Mineral wool batt / Rockwool / ComfortBatt R-10, R-14, R-22, R-28, R-30, R-32 / R 4.0-inch","","","","","","","","Guyana","","","","","",""
"","","","","aaacc23","Concrete – 25 MPa, 25% SL, GU / Ontario Concrete RMCAO [Industry Avg | CA]","BAM007","Bamboo Cladding / MOSO / X-treme, all profiles / Heat treated / 5/8"" (18 mm)","STR041","Structural Steel / Wide Flange / W530x72 (US W21x48) / AISC [Industry Avg | US]","MWB020","Mineral wool batt / Rockwool / ComfortBatt R-24 (Steel Studs) / R 4.0-inch","","","","","","","","Haiti","","","","","",""
"","","","","aaacc24","Concrete – 25 MPa, 35% SL, GU / Ontario Concrete RMCAO [Industry Avg | CA]","BAM01X","Bamboo Flooring [BEAM Avg]","STR042","Structural Steel / Wide Flange / W530x85 (US W21x55) / AISC [Industry Avg | US]","MWB0iw","Mineral wool batt (Sound and Fire application)  / [BEAM Avg] ","","","","","","","","Honduras","","","","","",""
"","","","","aaacc25","Concrete – 25 MPa, 50% SL, GU / Ontario Concrete RMCAO [Industry Avg | CA]","BAM008","Laminated Bamboo flooring / MOSO / Bamboo Elite & Elite Premium, Industriale /  9/16"" (15mm)","12a279","Steel post / Generic / 3.5 x 0.216"" (89 x 5.5 mm), Sched 40 STD","MWB001","Mineral wool batt / Owens Corning / Thermafiber SAFB (4 pcf) (Plant Avg) / R3.7/inch","","","","","","","","Hungary","","","","","",""
"","","","","A12349","Concrete – 25 MPa, 50% SL, GUL / Ontario Concrete RMCAO [Industry Avg | CA]","BAM004","Hard Bamboo flooring / MOSO / Purebamboo, Topbamboo, Bamboo Supreme, UltraDensity / 9/16"" (15mm), High Density","SSS004","Steel joists / Open web / Steel Joist Institute / 12"" 12K3 joist [Industry Avg | US & CA]","MWB003","Mineral wool board / Owens Corning / Thermafiber RainBarrier HD (Plant Avg) / R 4.3-inch","","","","","","","","Iceland","","","","","",""
"","","","","aaacc26","Concrete – 30 MPa, GU / Ontario Concrete RMCAO [Industry Avg | CA]","BAM005","Hard Bamboo flooring / MOSO / Solid & Supra Collection / 20mm, High Density","SSS005","Steel studs - Load bearing / Steel Framing Industry Assn / 600-S-137-54, 16 gauge [Industry Avg, US & CA]","MWB004","Mineral wool board / Owens Corning / Thermafiber RainBarrier ci 80 (Plant Avg) / R 4.2-inch","","","","","","","","India","","","","","",""
"","","","","aaacc27","Concrete – 30 MPa, 15% SL, GU / Ontario Concrete RMCAO [Industry Avg | CA]","2014f0","Polyester-limestone composite tile / Armstrong / BioBased Tile (BBT™) / 2.0 mm","SSS000","Steel studs - Load bearing / ClarkDietrich / 600-S-137-54, 16 gauge","MWB005","Mineral wool board / Owens Corning / Thermafiber RainBarrier HC Max (Plant Avg) / R 4.2-inch","","","","","","","","Indonesia","","","","","",""
"","","","","aaacc28","Concrete – 30 MPa, 25% SL, GU / Ontario Concrete RMCAO [Industry Avg | CA]","e73378","Brick, Clay, Generic Modular / 3-5/8"" x 2-3/4"" x 7-5/8"" incl. 3/8"" mortar / Brick Industry Association / [Industry Avg | US-Canada]","SSS001","Steel studs - Load bearing / MarinoWARE / Structural stud and track / 600-S-137-54, 16 gauge","MWB006","Mineral wool batt / Rockwool / Safe'n'Sound / R 4.0-inch","","","","","","","","Iran","","","","","",""
"","","","","aaacc29","Concrete – 30 MPa, 35% SL, GU / Ontario Concrete RMCAO [Industry Avg | CA]","2d7548","Brick, Clay / Interstate / Avg Face Brick / 3-5/8"" x 2-3/4"" x 7-5/8"" (92 x 70 x 194 mm) incl. 3/8"" mortar","3a1205","Steel studs - Load bearing / Scafco / 600-S-137-54, 16 gauge","MWB008","Mineral wool board  / Rockwool / Cavityrock / R 4.3-inch","","","","","","","","Iraq","","","","","",""
"","","","","aaacc30","Concrete – 30 MPa, 50% SL, GU / Ontario Concrete RMCAO [Industry Avg | CA]","BRI000","Brick, Clay / Matzen Tegl / Avg Face Brick, produce with Biogas  / 2-1/2"" x 5/8"" x 7-1/2"" (64 x 16 x 190 mm) incl. 3/8"" mortar [EU]","SSS002","Steel studs - Non-loadbearing / ClarkDietrich / 362-S-125-18, 20EQ gauge","MWB009","Mineral wool board  / Rockwool / Comfortboard 80 / R 4.2-inch","","","","","","","","Ireland","","","","","",""
"","","","","A12350","Concrete – 30 MPa, 50% SL, GUL / Ontario Concrete RMCAO [Industry Avg | CA]","BRI001","Brick, Clay / Mutual Materials / Avg Face Brick (plant Avg) /  3-5/8"" x 2-3/4"" x 7-5/8"" (92 x 70 x 194 mm) incl. 3/8"" mortar","SSS006","Steel studs - Non-loadbearing / Steel Framing Industry Assn / 362-S-137-54 20EQ gauge [Industry Avg, US+Can]","MWB010","Mineral wool board  / Rockwool / Comfortboard 110 / R 4.0-inch","","","","","","","","Israel","","","","","",""
"","","","","aaacc31","Concrete – 35 MPa, GU / Ontario Concrete RMCAO [Industry Avg | CA]","BRI005","Brick, Clay / SHAW / Avg Face Brick / 3-5/8"" x 2-3/4"" x 7-5/8"" (92 x 70 x 194 mm) incl. 3/8"" mortar","SSS003","Steel studs - Non-loadbearing / MarinoWARE / Viper Stud Viper 20 / 20EQ gauge","MWB011","Mineral wool board  / Rockwool / Toprock DD / R 4.3-inch","","","","","","","","Italy","","","","","",""
"","","","","aaacc32","Concrete – 35 MPa, 15% SL, GU / Ontario Concrete RMCAO [Industry Avg | CA]","BRI00X","Thin Veneer Brick [BEAM Avg | US & CA]","58154c","Steel studs - Non-loadbearing / Scafco / 362VS125-18, 20EQ gauge","INS018","Mineral wool board - heavy density / NAIMA / R 4.4-inch [Industry Avg | N.America]","","","","","","","","Jamaica","","","","","",""
"","","","","aaacc33","Concrete – 35 MPa, 25% SL, GU / Ontario Concrete RMCAO [Industry Avg | CA]","BRI003","Brick, Clay / Mutual Materials / Avg Thin Face Brick (plant Avg) / 2-1/2"" x 5/8"" x 7-1/2"" (64 x 16 x 190 mm) incl. 3/8"" mortar","2480d6","Wood floor truss / Common (Warren, 45 deg) web pattern / Top chord bearing, variable depth / QWEB [Industry Avg | CA]","INS019","Mineral wool board - light density / NAIMA / R 3.9-inch [Industry Avg | N.America]","","","","","","","","Japan","","","","","",""
"","","","","aaacc34","Concrete – 35 MPa, 35% SL, GU / Ontario Concrete RMCAO [Industry Avg | CA]","c9a7f3","Brick, Clay / Interstate / Avg Thin Face Brick / 3-9/16"" x 5/8"" x 11-5/8"" (90 x 16 mm x 295) incl. 3/8"" mortar and ties","TRU000","Wood/steel hybrid floor truss / RedBuilt / Red-L Open-Web / 14"" deep, 1.5 x 3.5"" chords","INS020","Mineral wool loose fill / NAIMA / R 3-inch [Industry Avg | N.America]","","","","","","","","Jordan","","","","","",""
"","","","","aaacc35","Concrete – 35 MPa, 50% SL, GU / Ontario Concrete RMCAO [Industry Avg | CA]","BRI006","Brick, Clay / SHAW / Slender - Thin Face Brick / 2 1/4"" x 1/2"" x 7-1/2"" (57 x 12.7 mm x 190) incl. 3/8"" mortar","TRU001","Wood/steel hybrid floor truss / RedBuilt / Red-S Open-Web / 16"" deep, double 1.5 x 2.3"" LVL chords","d0rm3c","Polyisocyanurate / Roof Boards / GRF Facer / R 5.6/inch / PIMA [Industry Avg | US & CA]","","","","","","","","Kazakhstan","","","","","",""
"","","","","A12351","Concrete – 35 MPa, 50% SL, GUL / Ontario Concrete RMCAO [Industry Avg | CA]","BRI007","Brick, Waste-based / StoneCycling / Caramel / 215x102x65 mm, incl. 3/8"" mortar / EU","TRU002","Wood/steel hybrid floor truss / RedBuilt / Red-W Open-Web / 14"" deep, 1.5 x 4.25"" chords","f2l0sm","Polyisocyanurate / Roof Boards / CGF Facer / R 5.6/inch / PIMA [Industry Avg | US & CA]","","","","","","","","Kenya","","","","","",""
"","","","","aaacc36","Concrete – 25 MPa, GU / Concrete Sask [Industry Avg | CA]","21a5bb","Stone Cladding, incl. mortar & ties / Arriscraft / Natural Limestone Masonry / Weighted average product profile","jk29kd","Wood / Redwood / 1x2 Lumber / AWC & CWC [Industry Avg | US & CA]","l2j0sa","Polyisocyanurate / Roof Boards / High density / R 5.0/inch / PIMA / [Industry Avg | US & CA]","","","","","","","","Korea","","","","","",""
"","","","","aaacc37","Concrete – 25 MPa, 10% FA, GU / Concrete Sask [Industry Avg | CA]","n93fd1","Stone Cladding, incl. mortar & ties / Natural Stone Institute / Includes limestone, granite, marble, quartzite, sandstone  [Industry Avg | US & CA] ","iv303x","Wood / Redwood / 1x3 Lumber / AWC & CWC [Industry Avg | US & CA]","n9cx2a","Polyisocyanurate / Wall Boards / R 6.5/inch / PIMA [Industry Avg | US & CA]","","","","","","","","Korea","","","","","",""
"","","","","aaacc38","Concrete – 25 MPa, 20% FA, GU / Concrete Sask [Industry Avg | CA]","NSF000","Natural stone flooring / Natural Stone Institute / Includes limestone, granite, marble & quartzite / 1/2"" thickness / Mortar included / [Industry Avg, US]","31ckd0","Wood / Redwood / 1x4 Lumber / AWC & CWC [Industry Avg | US & CA]","c630d2","Polyisocyanurate / Wall Boards / DuPont / Thermax / R 6.5/inch","","","","","","","","Kuwait","","","","","",""
"","","","","aaacc39","Concrete – 25 MPa, 30% FA, GU / Concrete Sask [Industry Avg | CA]","NSF001","Granite flooring / Polycor Natural Stone / All granite products / 1/2"" thickness","k2f2dm","Wood / SPF / 1x2 Lumber / AWC & CWC [Industry Avg | US & CA]","POLY00","Polyisocyanurate / Roof Boards / High density / Carlisle / Type II, R 5.0-inch, 80 psi","","","","","","","","Latvia","","","","","",""
"","","","","aaacc40","Concrete – 25 MPa, 40% FA, GU / Concrete Sask [Industry Avg | CA]","NSF002","Limestone flooring / Polycor Natural Stone / All limestone products / 1/2"" thickness","w93kcl","Wood / SPF / 1x3 Lumber / AWC & CWC [Industry Avg | US & CA]","POLY01","Polyisocyanurate / Roof Boards / High density / Versico / Type II, R 5.0-inch, 80 psi","","","","","","","","Lebanon","","","","","",""
"","","","","A12352","Concrete – 25 MPa, 40% FA, GUL / Concrete Sask [Industry Avg | CA]","NSF003","Marble flooring / Polycor Natural Stone / All marble products / 1/2"" thickness","s029f2","Wood / SPF / 1x4 Lumber / AWC & CWC [Industry Avg | US & CA]","POLY02","Polyisocyanurate / Roof Boards / High density / Hunter / Type II R 5.0-inch, 80 psi","","","","","","","","Liberia","","","","","",""
"","","","","aaacc41","Concrete – 30 MPa, GU / Concrete Sask [Industry Avg | CA]","CAR00x","Carpet / [BEAM Avg]","92d24d","Wood / SPF / 1x6 Lumber / AWC & CWC [Industry Avg | US & CA]","POLY03","Polyisocyanurate / Roof Boards / CGF facer / Carlisle / Type II, R 5.6-inch, 16 psi","","","","","","","","Libya","","","","","",""
"","","","","aaacc42","Concrete – 30 MPa, 10% FA, GU / Concrete Sask [Industry Avg | CA]","5a9ecd","Carpet / Interface / CQUEST BioX / 1.5 mm Modular tile carpet","1k46tl","Wood / SPF / 1x8 Lumber / AWC & CWC [Industry Avg | US & CA]","POLY04","Polyisocyanurate / Roof Boards / CGF facer / Versico / Type II, R 5.6-inch, 16 psi","","","","","","","","Lithuania","","","","","",""
"","","","","aaacc43","Concrete – 30 MPa, 20% FA, GU / Concrete Sask [Industry Avg | CA]","CAR000","Carpet / Patcraft / Ecoworx carpet tiles with Needlebond polyester Face fiber / 3.71 mm","4f140x","Wood / SPF / 1x10 Lumber / AWC & CWC [Industry Avg | US & CA]","POLY05","Polyisocyanurate / Roof Boards / CGF facer / Hunter / H-Shield CG / Type II R 5.6-inch, 16 psi","","","","","","","","Luxembourg","","","","","",""
"","","","","aaacc44","Concrete – 30 MPa, 30% FA, GU / Concrete Sask [Industry Avg | CA]","CAR001","Carpet / Shaw / Residential Broadloom","d92kl5","Wood I joist / TJI 230/360 / 9-1/2"" Depth / AWC & CWC [Industry Avg | US & CA]","POLY06","Polyisocyanurate / Roof Boards / GRF facer / Carlisle / Type II, R 5.6-inch, 16 psi","","","","","","","","Madagascar","","","","","",""
"","","","","aaacc45","Concrete – 30 MPa, 40% FA, GU / Concrete Sask [Industry Avg | CA]","CAR002","Carpet / Shaw / Residential Broadloom with ClearTouch Platinum","cec541","Wood I joist / TJI 230/360 / 11-7/8"" Depth / AWC & CWC [Industry Avg | US & CA]","POLY07","Polyisocyanurate / Roof Boards / GRF facer / Hunter / H-Shield / Type II, R 5.6-inch, 16 psi","","","","","","","","Malawi","","","","","",""
"","","","","A12353","Concrete – 30 MPa, 40% FA, GUL / Concrete Sask [Industry Avg | CA]","CAR003","Carpet / Shaw / Strataworx / Carpet tile","a6h0p2","Wood I joist / TJI 230/360 / 14"" Depth / AWC & CWC [Industry Avg | US & CA]","POLY08","Polyisocyanurate / Roof Boards / GRF facer / Versico / Type II, R 5.6-inch, 16 psi","","","","","","","","Malaysia","","","","","",""
"","","","","aaacc46","Concrete – 35 MPa, GU / Concrete Sask [Industry Avg | CA]","CAR004","Carpet / Shaw / StrataWorx Carpet tile witn Nylon-6 Face Fiber / 5.7 mm","f53d9a","Wood I joist / TJI 230/360 / 16"" Depth / AWC & CWC [Industry Avg | US & CA]","POLY09","Polyisocyanurate / Wall Boards / Carlisle / R2+ Silver / R6.3-inch, 20 psi","","","","","","","","Maldives","","","","","",""
"","","","","aaacc47","Concrete – 35 MPa, 10% FA, GU / Concrete Sask [Industry Avg | CA]","CAR005","Carpet / Venture Carpet / Average Product - Nylon 2520 Yarn System / 3.5 mm Modular Carpet","9aedf1","Wood I joist / Roseburg / RFPI Joist / ","POLY10","Polyisocyanurate / Wall Boards / Hunter / Xci / R 6.3-inch, 20 psi","","","","","","","","Mali","","","","","",""
"","","","","aaacc48","Concrete – 35 MPa, 20% FA, GU / Concrete Sask [Industry Avg | CA]","CAR006","Carpet / Venture Carpet / Average Product - Polypropylene Yarn System / 3.5 mm Modular Carpet","WIJ000","Wood I joist / RedBuilt / Red-I Joists / Red I-45 / 11.875"" depth, 1.75 x 1.5"" LVL flanges","8ded24","Spray polyurethane foam - Closed Cell (HFC gas) / R 6.6-inch / SPFA [Industry Avg | US & CA]","","","","","","","","Malta","","","","","",""
"","","","","aaacc49","Concrete – 35 MPa, 30% FA, GU / Concrete Sask [Industry Avg | CA]","CAR007","Carpet / Venture Carpet / Polyester Yarn System / 10.0 mm Modular Carpet","WIJ001","Wood I joist / RedBuilt / Red-I Joists / Red I-45 / 14"" depth, 1.75 x 1.5"" LVL flanges","rnd601","Spray polyurethane foam - Closed Cell (HFO gas) / Huntsman / Heatlok Soya HFO & Heatlok HFO / R 6.5-inch","","","","","","","","Mauritania","","","","","",""
"","","","","aaacc50","Concrete – 35 MPa, 40% FA, GU / Concrete Sask [Industry Avg | CA]","CAR008","Carpet / Venture Carpet / Recycled nylon 6 yarn system / 3.5 mm Modular Carpet","WIJ002","Wood I joist / RedBuilt / Red-I Joists / Red I-45 / 16"" depth, 1.75 x 1.5"" LVL flanges","INS040","Spray polyurethane foam - Closed Cell (HFO gas) / R 6.6-inch / SPFA [Industry Avg | US & CA]","","","","","","","","Mauritius","","","","","",""
"","","","","A12354","Concrete – 35 MPa, 40% FA, GUL / Concrete Sask [Industry Avg | CA]","1110de","Cedar Siding / Western Red Cedar Lumber Assn / 1x6 Boards [Industry Avg | CA]","WIJ003","Wood I joist / RedBuilt / Red-I Joists / Red I-65 / 11.875"" depth, 2.5 x 1.5"" LVL flanges","INS041","Spray polyurethane foam - Closed Cell (HFC gas) / Carlisle CSFI / SealTite PRO Closed Cell (HFC) / R 7.0-inch","","","","","","","","Mexico","","","","","",""
"","","","","aaacc51","Concrete – 25 MPa, GU / Concrete Manitoba [Industry Avg | CA]","m210vf","Cement board / 5/8"" (16 mm) / Durock with EdgeGuard / USG (Baltimore, MD plant)","WIJ004","Wood I joist / RedBuilt / Red-I Joists / Red I-65 / 14"" depth, 2.5 x 1.5"" LVL flanges","INS042","Spray polyurethane foam - Closed Cell (HFO gas) / Carlisle CSFI / SealTite PRO HFO, SealTite One / R 7.0-inch","","","","","","","","Monaco","","","","","",""
"","","","","aaacc52","Concrete – 25 MPa, 10% FA, GU / Concrete Manitoba [Industry Avg | CA]","cfd454","Cement board / 1/2"" (13 mm) / Durock with EdgeGuard / USG (Baltimore, MD plant)","WIJ005","Wood I joist / RedBuilt / Red-I Joists / Red I-65 / 16"" depth, 2.5 x 1.5"" LVL flanges","dc197c","Spray polyurethane foam - High Density (HFC gas) / R 6.3-inch / SPFA [Industry Avg | US & CA]","","","","","","","","Mongolia","","","","","",""
"","","","","aaacc53","Concrete – 25 MPa, 20% FA, GU / Concrete Manitoba [Industry Avg | CA]","f034jf","Cement board / 1/4"" (6 mm) / Durock with EdgeGuard / USG (Baltimore, MD plant)","91617a","Wood roof truss / Gable Roof, Double Howe, 2x6 Chords, 2x4 Webs, 4:12 Pitch / QWEB [Industry Avg | CA]","INS045","Spray polyurethane foam - High Density (HFO gas) / R 6.5-inch / SPFA [Industry Avg | US & CA]","","","","","","","","Montenegro","","","","","",""
"","","","","aaacc54","Concrete – 25 MPa, 30% FA, GU / Concrete Manitoba [Industry Avg | CA]","4dadb7","Ceramic tile / Crossville / Porcelain / Standard grade (mortar included)","","","INS046","Spray polyurethane foam - High Density  (HFC gas) / Carlisle CSFI / PremiSEAL / R 6.5-inch","","","","","","","","Morocco","","","","","",""
"","","","","aaacc55","Concrete – 25 MPa, 40% FA, GU / Concrete Manitoba [Industry Avg | CA]","CER000","Ceramic tile / Tile Council of North America/ 18.8 kg/m2 / [Industry Avg | US & CA] ","","","INS047","Spray polyurethane foam - High Density  (HFO gas) / Carlisle CSFI / PremiR + EVO / R 6.5-inch","","","","","","","","Mozambique","","","","","",""
"","","","","A12355","Concrete – 25 MPa, 40% FA, GUL / Concrete Manitoba [Industry Avg | CA]","CER001","Ceramic tile / American Wonder Porcelain / Porcelain - recycled content / Standard and Second grade /","","","INS043","Spray polyurethane foam - Open Cell / R 4.1-inch / SPFA [Industry Avg | US & CA]","","","","","","","","Namibia","","","","","",""
"","","","","aaacc56","Concrete – 30 MPa, GU / Concrete Manitoba [Industry Avg | CA]","CER002","Ceramic tile / Fireclay Tile / Ceramic / Standard and Second grade /","","","INS044","Spray polyurethane foam - Open Cell / Carlisle CSFI / SealTite PRO Open Cell, SealTite PRO High Yield, SealTite PRO No Mix, SealTite PRO OCX / R 3.7-inch","","","","","","","","Nepal","","","","","",""
"","","","","aaacc57","Concrete – 30 MPa, 10% FA, GU / Concrete Manitoba [Industry Avg | CA]","285b88","Clay roof tiles / HISPALYT / [Industry Avg | Spain]","","","INS021","Straw Bale / Wheat & rye straw / FASBA (Germany) / R 2.8-inch [Industry Avg | EU]","","","","","","","","Netherlands","","","","","",""
"","","","","aaacc58","Concrete – 30 MPa, 20% FA, GU / Concrete Manitoba [Industry Avg | CA]","CMU000","CMU - Light weight / 8"" Light weight blocks / 15 MPa, 390 x 190 x 190 mm / CCMPA East Region [Industry Avg | CA]","","","b4t02m","Straw Bale / Wheat & barley straw / SNaB (UK) / R 2.8/inch [Industry Avg | EU]","","","","","","","","New Zealand","","","","","",""
"","","","","aaacc59","Concrete – 30 MPa, 30% FA, GU / Concrete Manitoba [Industry Avg | CA]","CMU001","CMU - Light weight / 8"" Light weight blocks / 15 MPa, 390 x 190 x 190 mm / CCMPA West Region [Industry Avg | CA]","","","3fc60e","Vacuum Insulated Panel / Porextherm  / Vacupor / Fumed silica core / R 30/inch [EU]","","","","","","","","Nicaragua","","","","","",""
"","","","","aaacc60","Concrete – 30 MPa, 40% FA, GU / Concrete Manitoba [Industry Avg | CA]","CMU002","CMU - Normal weight / 8"" Normal weight blocks / 15 MPa, 390 x 190 x 190 mm / CCMPA East Region [Industry Avg | CA]","","","ins035","Wood fiber loose fill / GUTEX / ThermoFiber / R 3.8-inch [EU]","","","","","","","","Niger","","","","","",""
"","","","","A12356","Concrete – 30 MPa, 40% FA, GUL / Concrete Manitoba [Industry Avg | CA]","CMU003","CMU - Normal weight / 8"" Normal weight blocks / 15 MPa, 390 x 190 x 190 mm / CCMPA West Region [Industry Avg | CA]","","","g692me","Wood fiber batt / [BEAM Avg | EU]","","","","","","","","Nigeria","","","","","",""
"","","","","aaacc61","Concrete – 35 MPa, GU / Concrete Manitoba [Industry Avg | CA]","CMU004","CMU - Light weight / Brampton Brick (Boehmers) / 8"" CarboClave Block  / 8 x 8 x 16 ","","","be052f","Wood fiber batt / GUTEX / ThermoFlex / R 4-inch [EU]","","","","","","","","Norway","","","","","",""
"","","","","aaacc62","Concrete – 35 MPa, 10% FA, GU / Concrete Manitoba [Industry Avg | CA]","CMU005","CMU - Normal weight / Brampton Brick (Boehmers) / 8"" CarboClave Block  / 8 x 8 x 16 ","","","ins034","Wood fiber batt / Steico / SteicoFlex / R 3.8-inch [EU]","","","","","","","","Oman","","","","","",""
"","","","","aaacc63","Concrete – 35 MPa, 20% FA, GU / Concrete Manitoba [Industry Avg | CA]","95a692","Earthen Floor / Cast-in-place / Clay, sand, and straw / 4"" (100 mm) [US]","","","f4l2kx","Wood fiber board / R 2.7-inch / NAFA [Industry Avg | US & CA]","","","","","","","","Pakistan","","","","","",""
"","","","","aaacc64","Concrete – 35 MPa, 30% FA, GU / Concrete Manitoba [Industry Avg | CA]","f8cf09","Cob wall / Site mixed / 18"" (457 mm) avg. thickness [US]","","","ins026","Wood fiber board / Steico / STEICOprotect S dry, STEICOsafe 40, STEICOuniversal dry / R 3.6-inch, 210 kg/m3 [EU]","","","","","","","","Panama","","","","","",""
"","","","","aaacc65","Concrete – 35 MPa, 40% FA, GU / Concrete Manitoba [Industry Avg | CA]","A23456","Composite sheathing panel / James Hardie Europe / Fermacell / 12.5mm [EU]","","","ins027","Wood fiber board / Steico / STEICOprotect M dry, STEICOroof dry, STEICOspecial dry, STEICOtop / R 3.6-inch, 140 kg/m3 [EU]","","","","","","","","Papua New Guinea","","","","","",""
"","","","","A12358","Concrete – 35 MPa, 40% FA, GUL / Concrete Manitoba [Industry Avg | CA]","A23457","Composite sheathing panel / Honext / Fire resistant panel / 12 mm [EU]","","","ins028","Wood fiber board / Steico / STEICOtherm dry, STEICOprotect L dry, STEICOsafe / R 3.6-inch, 110 kg/m3 [EU]","","","","","","","","Paraguay","","","","","",""
"","","","","aaacc66","Concrete – 25 MPa, GU / Concrete BC [Industry Avg | CA]","A23458","Composite sheathing panel / Continuus Materials / Everboard / Fiberglass facing / 1/2-inch","","","ins029","Wood fiber board / Pavatex / Isolair, Isoroof, Isolair Multi / R 3.3-inch / 200 kg/m3, 30-80 mm [EU]","","","","","","","","Peru","","","","","",""
"","","","","aaacc67","Concrete – 25 MPa, 15% SCM, GU / Concrete BC [Industry Avg | CA]","A23459","Composite sheathing panel / Continuus Materials / Everboard / Paper facing / 1/2-inch","","","ins030","Wood fiber board / GUTEX / Multi-Therm / R 3.6-inch, 40-200 mm [EU]","","","","","","","","Philippines","","","","","",""
"","","","","aaacc68","Concrete – 25 MPa, 25% SCM, GU / Concrete BC [Industry Avg | CA]","CCC000","Composite cladding / Fiberon / Wildwood Cladding / 3/4""","","","ins031","Wood fiber board / Pavatex / Pavawall GF, Pavawall Bloc, Pavawall GF XL / R 3.3-inch / 130 kg/m3 [EU]","","","","","","","","Poland","","","","","",""
"","","","","aaacc69","Concrete – 25 MPa, 40% SCM, GU / Concrete BC [Industry Avg | CA]","CCC001","Composite cladding / Modern Mill / ACRE Cladding / 3/4""","","","ins032","Wood fiber board / Pavatex / Pavawall Smart, Pavawall Light, Pavawall FW / R 3.3-inch / 115 kg/m3 [EU]","","","","","","","","Portugal","","","","","",""
"","","","","A12359","Concrete – 25 MPa, 40% SCM, GUL / Concrete BC [Industry Avg | CA]","CMU006","Compressed earth block wall / Briques Technic Concept - Cycle terre / Stabilized with 3.7% NHL / 300mm (11 13/16"") width, incl. mortar [EU]","","","ins033","Wood fiber board / Pavatex / Pavatherm / R 3.3-inch / 110 kg/m3 [EU]","","","","","","","","Qatar","","","","","",""
"","","","","aaacc70","Concrete – 30 MPa, GU / Concrete BC [Industry Avg | CA]","CMU007","Compressed earth block wall / Briques Technic Concept - Cycle terre / Stabilized with 0.2% NHL - 2.2% CEM III / 100mm (4"") width, incl. mortar [EU]","","","840925","Wool Loose-fill / Havelock Wool / Loose-fill / R 4.4-inch","","","","","","","","Romania","","","","","",""
"","","","","aaacc71","Concrete – 30 MPa, 15% SCM, GU / Concrete BC [Industry Avg | CA]","5161f8","Compressed earth block wall / Factory made / Stabilized with 6.5% NHL / 150 mm (5-7/8"") width [EU]","","","WB000X","Wool batt / R 3.8 /inch [BEAM Avg ]","","","","","","","","Rwanda","","","","","",""
"","","","","aaacc72","Concrete – 30 MPa, 25% SCM, GU / Concrete BC [Industry Avg | CA]","f62c9s","Compressed earth block floor / Factory made / Stabilized with 6.5% NHL / 2-3/4"" (70 mm) [EU]","","","be49e2","Wool batt / Havelock Wool / Batts / R 3.6-inch","","","","","","","","Saudi Arabia","","","","","",""
"","","","","aaacc73","Concrete – 30 MPa, 40% SCM, GU / Concrete BC [Industry Avg | CA]","INS003","Compressed straw board / Durra Panel / Durra Wall & Ceiling Panels / 50 mm / R1.8-inch","","","INS022","Wool batt / Thermafleece / Cosywool Slab / R3.8-inch [EU]","","","","","","","","Senegal","","","","","",""
"","","","","A12360","Concrete – 30 MPa, 40% SCM, GUL / Concrete BC [Industry Avg | CA]","a13a3e","Cork flooring / Amorim /  Revestimentos S.A. / Cork floating floor planks [EU]","","","INS023","Wool batt / Thermafleece / Cosywool Roll / R3.7-inch [EU]","","","","","","","","Serbia","","","","","",""
"","","","","aaacc74","Concrete – 35 MPa, GU / Concrete BC [Industry Avg | CA]","ae7e1c","Cork flooring / European Resilient Flooring Manufacturers' Institute [Industry Avg | EU]","","","INS025","Wool batt / ISOLENA / Optimal batt / 5.5 inch / R 3.8-inch [EU]","","","","","","","","Sierra Leone","","","","","",""
"","","","","aaacc75","Concrete – 35 MPa, 15% SCM, GU / Concrete BC [Industry Avg | CA]","sl3g0r","Eelgrass accoustic board / Søuld ApS / Søuld Acoustic Mats / Flame retardant, NRC 0.90 [EU]","","","INS024","Wool batt / Thermafleece / UltraWool Slab / R4.1-inch [EU]","","","","","","","","Singapore","","","","","",""
"","","","","aaacc76","Concrete – 35 MPa, 25% SCM, GU / Concrete BC [Industry Avg | CA]","LAM00X","Cross Laminated Timber (CLT) [BEAM Avg | US & CA]","","","9cd566","XPS foam board / Owens Corning / Foamular 250 / HFC-filled / R 5.0-inch, 25 psi [MEXICO]","","","","","","","","Slovakia","","","","","",""
"","","","","aaacc77","Concrete – 35 MPa, 40% SCM, GU / Concrete BC [Industry Avg | CA]","LAM011","Cross Laminated Timber (CLT) / Nordic  / X-Lam / 3-1/2""","","","19e71c","XPS foam board / DuPont / Styrofoam / HFC-filled / R 5.6-inch, 25 psi","","","","","","","","Slovenia","","","","","",""
"","","","","A12366","Concrete – 35 MPa, 40% SCM, GUL / Concrete BC [Industry Avg | CA]","LAM010","Cross Laminated Timber (CLT) / Nordic  / Nordic Lam / 3-1/2""","","","175f1a","XPS foam board / DuPont / Styrofoam / Reduced GWP / R 5.6-inch, 25 psi","","","","","","","","Solomon Islands","","","","","",""
"","","","","aaacc78","Concrete – 25 MPa, GU / Atlantic Concrete Association [Industry Avg | CA]","134c8d","Cross Laminated Timber (CLT) / Structurlam / CrossLam / 3-1/2""","","","a94mfe","XPS foam board / R 5.0/inch [BEAM Avg | US & CA]","","","","","","","","Somalia","","","","","",""
"","","","","aaacc79","Concrete – 25 MPa, 10% FA, GU / Atlantic Concrete Association [Industry Avg | CA]","LAM007","Cross Laminated Timber (CLT) / Element5 / Crosslam CLT / 3-1/2""","","","95e2e7","XPS foam board / Owens Corning / Foamular NGX 250 / R 5.0/inch, 25 psi","","","","","","","","South Africa","","","","","",""
"","","","","aaacc80","Concrete – 25 MPa, 20% FA, GU / Atlantic Concrete Association [Industry Avg | CA]","LAM008","Cross Laminated Timber (CLT) / Kalesnikoff / 3-1/2""","","","1a16ad","XPS foam board / DuPont / Styrofoam ST-100 / R 5.0-inch, 25 psi","","","","","","","","Spain","","","","","",""
"","","","","aaacc81","Concrete – 25 MPa, 30% FA, GU / Atlantic Concrete Association [Industry Avg | CA]","LAM009","Cross Laminated Timber (CLT) / Vaagen / Crosslam CLT / 3-1/2""","","","3kglse","XPS foam board / SOPREMA / SOPRA-XPS (entire product line) / R 5.0-inch","","","","","","","","Sri Lanka","","","","","",""
"","","","","aaacc82","Concrete – 25 MPa, 40% FA, GU / Atlantic Concrete Association [Industry Avg | CA]","c930d2","Dowel Laminated Timber / StructureCraft / DowelLam / 3-1/2""","","","XPS001","XPS foam board / Kingspan / GreenGuard Type IV, Low GWP / R 5.0-inch, 25 psi","","","","","","","","Sudan","","","","","",""
"","","","","A12361","Concrete – 25 MPa, 40% FA, GUL / Atlantic Concrete Association [Industry Avg | CA]","d7w02l","Drywall 1/2"" [BEAM Avg | US & CA]","","","XPS002","XPS foam board / Owens Corning / Foamular NGX CodeBord/C200 / R 5/inch, 20 psi","","","","","","","","Suriname","","","","","",""
"","","","","aaacc83","Concrete – 30 MPa, GU / Atlantic Concrete Association [Industry Avg | CA]","bc703d","Drywall 1/2"" / Pabco / QuietRock / QuietRock 1/2""","","","","","","","","","","","","Swaziland","","","","","",""
"","","","","aaacc84","Concrete – 30 MPa, 10% FA, GU / Atlantic Concrete Association [Industry Avg | CA]","INT000","Drywall 1/2"" / National Gypsum / Gold Bond XP Gypsum Board / 1/2""","","","","","","","","","","","","Sweden","","","","","",""
"","","","","aaacc85","Concrete – 30 MPa, 20% FA, GU / Atlantic Concrete Association [Industry Avg | CA]","INT001","Drywall 1/2"" / USG / Sheetrock Brand UltraLight Sag-Resistant Ceilling Board ","","","","","","","","","","","","Switzerland","","","","","",""
"","","","","aaacc86","Concrete – 30 MPa, 30% FA, GU / Atlantic Concrete Association [Industry Avg | CA]","INT002","Drywall 1/2"" / USG / Sheetrock Ultralight Panels ","","","","","","","","","","","","Taiwan","","","","","",""
"","","","","aaacc87","Concrete – 30 MPa, 40% FA, GU / Atlantic Concrete Association [Industry Avg | CA]","INT003","Drywall 1/2""/ Georgia-Pacific / ToughRock Mold-Guard / ","","","","","","","","","","","","Tajikistan","","","","","",""
"","","","","A12362","Concrete – 30 MPa, 40% FA, GUL / Atlantic Concrete Association [Industry Avg | CA]","1742d8","Drywall 1/2"" Type C / Georgia-Pacific / ToughRock Fireguard C / ","","","","","","","","","","","","Thailand","","","","","",""
"","","","","aaacc88","Concrete – 35 MPa, GU / Atlantic Concrete Association [Industry Avg | CA]","ba3064","Drywall 5/8"" Type X / Gypsum Association [Industry Avg | US & CA]","","","","","","","","","","","","Togo","","","","","",""
"","","","","aaacc89","Concrete – 35 MPa, 10% FA, GU / Atlantic Concrete Association [Industry Avg | CA]","INT004","Drywall 5/8"" / Georgia-Pacific / ToughRock Fireguard C/ ","","","","","","","","","","","","Trinidad And Tobago","","","","","",""
"","","","","aaacc90","Concrete – 35 MPa, 20% FA, GU / Atlantic Concrete Association [Industry Avg | CA]","INT005","Drywall 5/8"" / National Gypsum / Gold Bond XP Fire-Shield Gypsum Board / 5/8"" type X","","","","","","","","","","","","Tunisia","","","","","",""
"","","","","aaacc91","Concrete – 35 MPa, 30% FA, GU / Atlantic Concrete Association [Industry Avg | CA]","INT006","Drywall 5/8"" / USG / Sheetrock Brand EcoSmart Firecode X / 5/8""","","","","","","","","","","","","Turkey","","","","","",""
"","","","","aaacc92","Concrete – 35 MPa, 40% FA, GU / Atlantic Concrete Association [Industry Avg | CA]","LP000X","Engineered Wood Siding [BEAM Avg | US & CA]","","","","","","","","","","","","Turkmenistan","","","","","",""
"","","","","A12368","Concrete – 35 MPa, 40% FA, GUL / Atlantic Concrete Association [Industry Avg | CA]","LP0004","Engineered Wood Siding & Trim / LP / SmartSide / 0.354"" (9 mm)","","","","","","","","","","","","Tuvalu","","","","","",""
"","","","","aaacc93","Concrete – 25 MPa, GU / Concrete Alberta [Industry Avg | CA]","LP0002","Engineered Wood Siding & Trim / LP / SmartSide / 0.418"" (10.6 mm)","","","","","","","","","","","","Uganda","","","","","",""
"","","","","aaacc94","Concrete – 25 MPa, 10% FA, GU / Concrete Alberta [Industry Avg | CA]","LP0003","Engineered Wood Siding & Trim / LP / SmartSide / 0.578"" (14.7mm)","","","","","","","","","","","","Ukraine","","","","","",""
"","","","","aaacc95","Concrete – 25 MPa, 20% FA, GU / Concrete Alberta [Industry Avg | CA]","LP0000","Engineered Wood Siding & Trim / LP / BuilderSeries® Lap Siding / 9/32"" (7.3 mm)","","","","","","","","","","","","United Arab Emirates","","","","","",""
"","","","","A12363","Concrete – 25 MPa, 20% FA, GUL / Concrete Alberta [Industry Avg | CA]","LP0001","Engineered Wood Siding & Trim / LP / SmartSide ExpertFinish/ 3/8"" (9.5 mm)","","","","","","","","","","","","United Kingdom","","","","","",""
"","","","","aaacc96","Concrete – 30 MPa, GU / Concrete Alberta [Industry Avg | CA]","676103","EPDM Roofing Membrane / Non-reinforced single ply / SPRI  [Industry Avg | US]","","","","","","","","","","","","Uruguay","","","","","",""
"","","","","aaacc97","Concrete – 30 MPa, 10% FA, GU / Concrete Alberta [Industry Avg | CA]","e933b8","EPS FOAM ICF R-23, 2 Sheets of 2.75""@R4-in., includes webbing & 15M rebar (not incl. 6"" concrete core)","","","","","","","","","","","","Uzbekistan","","","","","",""
"","","","","aaacc98","Concrete – 30 MPa, 20% FA, GU / Concrete Alberta [Industry Avg | CA]","8bcce7","Fiber Cement roofing / Cembrit / Corrugated sheets / 6.5 mm / [EU]","","","","","","","","","","","","Vanuatu","","","","","",""
"","","","","A12364","Concrete – 30 MPa, 20% FA, GUL / Concrete Alberta [Industry Avg | CA]","b72f13","Fiber Cement roofing / Cembrit / Slates / 4 mm / [EU]","","","","","","","","","","","","Venezuela","","","","","",""
"","","","","aaacc99","Concrete – 35 MPa, GU / Concrete Alberta [Industry Avg | CA]","FIB00X","Fiber Cement siding [BEAM Avg]","","","","","","","","","","","","Viet Nam","","","","","",""
"","","","","aaacc100","Concrete – 35 MPa, 10% FA, GU / Concrete Alberta [Industry Avg | CA]","FIB000","Fiber Cement siding / Equitone / Linea|Lunara sheets / 10 mm [EU]","","","","","","","","","","","","Yemen","","","","","",""
"","","","","aaacc101","Concrete – 35 MPa, 20% FA, GU / Concrete Alberta [Industry Avg | CA]","FIB001","Fiber Cement siding / Equitone / Pictura, Natura Pro, sheets / 8 mm [EU]","","","","","","","","","","","","Zambia","","","","","",""
"","","","","A12365","Concrete – 35 MPa, 20% FA, GUL / Concrete Alberta [Industry Avg | CA]","FIB002","Fiber Cement siding / JamesHardie / Hardie Plank HZ10, Hardie Panel HZ10, Hardie Architectural Panel HZ10 / 8 mm","","","","","","","","","","","","","","","","","",""
"","","","","LAM012","Mass ply panels (MPP) / Freres Lumber","FIB003","Fiber Cement siding / JamesHardie / Hardie Plank HZ5, Hardie Panel HZ5, Hardie Architectural Panel HZ5 / 8 mm","","","","","","","","","","","","","","","","","",""
"","","","","LAM013","Veneer Laminated Timber (VLT) / Boise Cascade /  VersaWorks","FIB004","Fiber Cement siding / JamesHardie / Hardie Shingle HZ10 /  6.3 mm","","","","","","","","","","","","","","","","","",""
"","","","","f92a05","Glued Laminated Timber (Glulam) / AWC & CWC [Industry Avg | US & CA] ","FIB005","Fiber Cement siding / JamesHardie / Hardie Shingle HZ5 / 6.3 mm","","","","","","","","","","","","","","","","","",""
"","","","","LAM002","Glued Laminated Timber (Glulam) / Vaagen / Colville, WA","vd92kd","Glued Laminated Timber (Glulam) / AWC & CWC / 3-1/2"" Panel [Industry Avg | US & CA]","","","","","","","","","","","","","","","","","",""
"","","","","LAM003","Glued Laminated Timber (Glulam) / Kalesnikoff Lumber Co. / BC","da1134","Glued Laminated Timber (Glulam) / Structurlam / Glulam Plus  3-1/2"" Panel / BC","","","","","","","","","","","","","","","","","",""
"","","","","LAM004","Glued Laminated Timber (Glulam) / Western Archrib / Boissevain, Manitoba ","d00294","Gypsum concrete floor underlayment / USG / Levelrock 2500 Green / 30 mm","","","","","","","","","","","","","","","","","",""
"","","","","LAM005","Glued Laminated Timber (Glulam) / Western Archrib / Edmonton, Alberta","155f0d","Gypsum panels - glass mat / 1/2"" / Gypsum Association [Industry Avg | N.America]","","","","","","","","","","","","","","","","","",""
"","","","","LAM006","Glued Laminated Timber (Glulam) / Element5  / Ontario","bf151b","Gypsum panels - glass mat / 5/8"" Type X / Gypsum Association [Industry Avg | N.America]","","","","","","","","","","","","","","","","","",""
"","","","","4k2v0s","Laminated strand lumber (LSL) / AWC & CWC [Industry Avg | US & CA]","b8e3dc","Gypsum panels - glass mat / 1/2"" / USG / Securock ExoAir 430 / 1/2""","","","","","","","","","","","","","","","","","",""
"","","","","ebd574","Laminated veneer lumber (LVL) / AWC & CWC [Industry Avg | US & CA]","GYP000","Gypsum panels - glass mat / 5/8"" / CertainTeed / GlasRoc Sheathing gypsum board / 5/8"" ","","","","","","","","","","","","","","","","","",""
"","","","","LAM000","Laminated Veneer Lumber (LVL) / Boise Cascade / Versa-Lam","GYP001","Gypsum panels - glass mat / 1/2"" / Georiga Pacific / DensGlass Sheathing / 1/2"" ","","","","","","","","","","","","","","","","","",""
"","","","","LAM001","Laminated veneer lumber (LVL) / RedBuilt / RedLam LVL ","GYP002","Gypsum panels - glass mat / 5/8"" / Georiga Pacific / DensGlass Sheathing / 5/8"" ","","","","","","","","","","","","","","","","","",""
"","","","","7bc57a","Masonry Mortar Mix / 1 part Masonry cement / 3 parts avg sand","GRE000","Green roof system / Knauf / Urbanscape Green Roof System / Extensive, min. 40 mm depth, Saturated weight 57.55 kg/m2 [EU]","","","","","","","","","","","","","","","","","",""
"","","","","10d47f","Wood / Redwood / Lumber by volume / AWC & CWC [Industry Avg | US & CA]","GRE001","Green roof system / Nature Impact / Nature Roof Standard 60/25 / Extensive, Saturated weight 1020 kg/m3 [EU]","","","","","","","","","","","","","","","","","",""
"","","","","9219e5","Wood / SPF / Lumber by volume / AWC & CWC [Industry Avg | US & CA] ","GRE002","Green roof system / ZinCo / Heather with Lavender Green Roof System / Extensive, min. 100 mm depth, Saturated weight 163 kg/m2 [EU]","","","","","","","","","","","","","","","","","",""
"","","","","","","EWF003","Engineered Wood Flooring / CRAFT Artisan Wood Floors / Engineered / 5/8""","","","","","","","","","","","","","","","","","",""
"","","","","","","EWF000","Engineered Wood Flooring / NWFA and Decorative Hardwoods Association / 3/8"" to 3/4""  [Industry Avg | US & CA]","","","","","","","","","","","","","","","","","",""
"","","","","","","EWF001","Engineered Wood flooring / Wickham / Engineered Hardwood / 16 mm","","","","","","","","","","","","","","","","","",""
"","","","","","","ac0e7f","Hardwood flooring / mafi / Natural Hardwood Planks / 3/4"", 3 ply laminated solid, oil pre-finished [EU]","","","","","","","","","","","","","","","","","",""
"","","","","","","WWF000","Hardwood flooring / NWFA and Decorative Hardwoods Association / Solid Wood Flooring /  3/4""  [Industry Avg | US & CA]","","","","","","","","","","","","","","","","","",""
"","","","","","","WWF001","Hardwood flooring / Wickham / Solid Hardwood / 3/4""","","","","","","","","","","","","","","","","","",""
"","","","","","","HTW00X","Heat Treated Wood Cladding [BEAM Avg]","","","","","","","","","","","","","","","","","",""
"","","","","","","HTW000","Heat Treated Wood Cladding / Abodo / Vulcan - Thermally Modified Timber, Surfaced / 20 mm [NZ]","","","","","","","","","","","","","","","","","",""
"","","","","","","HTW001","Heat Treated Wood Cladding / Lunawood / Planed Thermowood D / 20 mm [EU]","","","","","","","","","","","","","","","","","",""
"","","","","","","HTW002","Heat Treated Wood Cladding / Lunawood / Planed Thermowood S / 20 mm [EU]","","","","","","","","","","","","","","","","","",""
"","","","","","","HTW003","Heat Treated Wood Cladding / Russwood / Accoya profiled cladding / 20 mm [EU]","","","","","","","","","","","","","","","","","",""
"","","","","","","HWF000","HempWood / Fibonacci / Natural Laminate Flooring / 16 mm","","","","","","","","","","","","","","","","","",""
"","","","","","","efba68","ICE PANEL - EPS FOAM CORE with STEEL STUDS, 7-1/2"", R-30","","","","","","","","","","","","","","","","","",""
"","","","","","","e9d87f","ICE PANEL - EPS FOAM CORE with STEEL STUDS, 9-1/4"", R-37","","","","","","","","","","","","","","","","","",""
"","","","","","","LVT000","Rigid core vinyl flooring  / Resilient Floor Covering Institute [Industry Avg | US & CA]","","","","","","","","","","","","","","","","","",""
"","","","","","","LVT001","Luxury Vinyl Tile / Resilient Floor Covering Institute / LVT and SVT [Industry Avg | US & CA]","","","","","","","","","","","","","","","","","",""
"","","","","","","LVT002","Luxury vinyl tile (LVT) / Mohawk / Hot & Heavy Floating Tiles / 5.0 mm","","","","","","","","","","","","","","","","","",""
"","","","","","","LVT003","Luxury vinyl tile (LVT) / Congoleum / CLEO / 4.1mm","","","","","","","","","","","","","","","","","",""
"","","","","","","LVT004","Luxury vinyl tile (LVT)  / Parterre Flooring / Dryback LVT / Tile or plank - 5 mm","","","","","","","","","","","","","","","","","",""
"","","","","","","LVT005","Luxury vinyl tile (LVT) / Interface / All tile & plank models / 3.0 mm","","","","","","","","","","","","","","","","","",""
"","","","","","","LVT006","Luxury vinyl tile (LVT) / Mannington / All tile & plank models / 4.0 mm","","","","","","","","","","","","","","","","","",""
"","","","","","","LVT007","Luxury vinyl tile (LVT)  / Shaw - Patcraft / Luxury Vinyl Tile / 2 - 5 mm","","","","","","","","","","","","","","","","","",""
"","","","","","","LVT008","Luxury vinyl tile (LVT) / Armstrong / Biome, Coalesce, Duo, Exchange, Parallel USA, Terra & Theorem / 2.5 mm","","","","","","","","","","","","","","","","","",""
"","","","","","","LVT009","Rigid core vinyl flooring / Parterre Flooring / Rigid Core Click / Tile or plank - 5 mm","","","","","","","","","","","","","","","","","",""
"","","","","","","LVT011","Luxury vinyl tile (LVT) / Mannington / Luxury Vinyl Tile / 2.5 mm Tile and Plank","","","","","","","","","","","","","","","","","",""
"","","","","","","LVT012","Luxury Vinyl Tile (LVT) / Fuhua / FloraFloor / Click & Loose lay / 4.0 mm","","","","","","","","","","","","","","","","","",""
"","","","","","","LVT013","Luxury vinyl tile (LVT) / Altro / Altro Lavencia / 3.0 mm","","","","","","","","","","","","","","","","","",""
"","","","","","","LVT014","Vinyl flooring / Resilient Floor Covering Institute / Heterogeneous [Industry Avg | US & CA]","","","","","","","","","","","","","","","","","",""
"","","","","","","2ecd60","Clay Plaster, site mixed / 15 mm (9/16"") [EU]","","","","","","","","","","","","","","","","","",""
"","","","","","","LCP001","Lime/Cork Plaster (Ext. & Int.) / Diasen / Diathonite Evolution, R3.2-inch / 3/4"" [EU]","","","","","","","","","","","","","","","","","",""
"","","","","","","LCP002","Lime/Cork Plaster (Ext. & Int.) / Diasen / Diathonite Thermactive.037, R3.9-inch / 3/4"" [EU]","","","","","","","","","","","","","","","","","",""
"","","","","","","LCP003","Lime/Cork Plaster (Int.) / Diasen / Diathonite Acoustix, 3/4"" [EU]","","","","","","","","","","","","","","","","","",""
"","","","","","","g1g2cs","Lime Plaster, NHL 3.5 / Kerakoll / Biocalce Intonaco line @ 2 cm [EU]","","","","","","","","","","","","","","","","","",""
"","","","","","","STU000","Cement ""Stucco"" Plaster / Sto SE / Pre-mixed rendering & plastering mortar with reinforcing fiber / 1/2"" [EU]","","","","","","","","","","","","","","","","","",""
"","","","","","","p3m1f1","Cement ""Stucco"" Plaster / Beissier / Premixed Mortar @ 1/2"" [EU]","","","","","","","","","","","","","","","","","",""
"","","","","","","d201fq","Cement ""Stucco"" Plaster / 1:1:4 mix of Portland, masonry cement, sand @ 1/2"" [Industry Avg | US & CA]","","","","","","","","","","","","","","","","","",""
"","","","","","","9ee6d0","Cement Mortar for Tile / Tile Council of North America / [Industry Avg | US & CA]","","","","","","","","","","","","","","","","","",""
"","","","","","","p8c2la","Linoleum flooring / 2.5 mm [BEAM Avg]","","","","","","","","","","","","","","","","","",""
"","","","","","","e075b4","Linoleum flooring / Forbo / Marmoleum / 2.5 mm sheet style linoleum","","","","","","","","","","","","","","","","","",""
"","","","","","","LIN003","Linoleum flooring / Gerflor  / DLW Linoleum Compact / 2.5 mm sheet style linoleum","","","","","","","","","","","","","","","","","",""
"","","","","","","LIN004","Linoleum flooring / Tarkett  / Lino Veneto xf2, Etrusco, Style Elle|Emme, Veneto, Originale, LinoRail, Linosport / 2.5 mm sheet style linoleum","","","","","","","","","","","","","","","","","",""
"","","","","","","LIN005","Linoleum flooring / Forbo / Marmoleum / 2.0 mm sheet style linoleum","","","","","","","","","","","","","","","","","",""
"","","","","","","LIN00X","Linoleum flooring / 4.0 mm [BEAM Avg]","","","","","","","","","","","","","","","","","",""
"","","","","","","LIN000","Linoleum flooring / Gerflor  / DLW Linoleum Acousticplus / 4.0 mm sheet style linoleum with Neocare backing","","","","","","","","","","","","","","","","","",""
"","","","","","","LIN001","Linoleum flooring / Tarkett  / Lino Acoustic / 3.8 mm sheet style linoleum with polyurethane foam backing","","","","","","","","","","","","","","","","","",""
"","","","","","","LIN002","Linoleum flooring / Tarkett  / Veneto Acoustic Cork / 4.4 mm sheet style linoleum with cork backing","","","","","","","","","","","","","","","","","",""
"","","","","","","LIN006","Linoleum flooring / Mannington / Legato Flooring / 2.2 liquid applied","","","","","","","","","","","","","","","","","",""
"","","","","","","34db3d","Metal Panels - Aluminum / 22 gauge / Metal Construction Assn. [Industry Avg | US]","","","","","","","","","","","","","","","","","",""
"","","","","","","MPA000","Metal Panels - Aluminum / Petersen Aluminum Corp / Pac-Clad, all profiles / 20 gauge","","","","","","","","","","","","","","","","","",""
"","","","","","","MPA001","Metal Wall Panels - Aluminum / CENTRIA / RZR / 0.060""","","","","","","","","","","","","","","","","","",""
"","","","","","","MPA002","Metal Wall Panels - Aluminum / CENTRIA / LVLZ / 0.060""","","","","","","","","","","","","","","","","","",""
"","","","","","","98a9cd","Metal Panels - Steel / Metal Construction Assn.  / 24 gauge [Industry Avg | US]","","","","","","","","","","","","","","","","","",""
"","","","","","","MPS000","Metal Panels - Steel / Petersen Aluminum Corp / Pac-Clad, all profiles / 24 gauge","","","","","","","","","","","","","","","","","",""
"","","","","","","MPS001","Metal Panels - Steel / Metal Building Manufacturers Assn / 24 gauge [Industry Avg | US]","","","","","","","","","","","","","","","","","",""
"","","","","","","MPS002","Metal Panels - Steel / Canadian Sheet Steel Building Institute / 24 gauge [Industry Avg | CA]","","","","","","","","","","","","","","","","","",""
"","","","","","","MPS003","Metal panels - steel / ArcelorMittal / XCarb RRP / 24 gauge","","","","","","","","","","","","","","","","","",""
"","","","","","","MPS004","Metal Panels - Steel / AEP Span / All roofing & wall products / 24 gauge","","","","","","","","","","","","","","","","","",""
"","","","","","","MGOB0X","MgO board  1/2"" [BEAM Avg]","","","","","","","","","","","","","","","","","",""
"","","","","","","63d778","MgO board 1/2"" / North American MgO / MagTech Ultra / 1/2""","","","","","","","","","","","","","","","","","",""
"","","","","","","INT007","MgO board 1/2"" / Sinh Build / MAGOXX boards / 1/2"" [EU]","","","","","","","","","","","","","","","","","",""
"","","","","","","f0c8ce","OSB sheathing / 7/16"" / AWC & CWC [Industry Avg | US & CA]","","","","","","","","","","","","","","","","","",""
"","","","","","","edcc0d","OSB sheathing / 1/2"" / AWC & CWC [Industry Avg | US & CA]","","","","","","","","","","","","","","","","","",""
"","","","","","","68328c","OSB sheathing / 5/8"" / AWC & CWC [Industry Avg | US & CA]","","","","","","","","","","","","","","","","","",""
"","","","","","","69ac20","OSB sheathing / 3/4"" / AWC & CWC [Industry Avg | US & CA]","","","","","","","","","","","","","","","","","",""
"","","","","","","d14a8f","OSB sheathing / 7/8"" / AWC & CWC [Industry Avg | US & CA]","","","","","","","","","","","","","","","","","",""
"","","","","","","OSB002","OSB sheathing / 7/16"" / LP / FlameBlock® Fire-Rated / 7/16"", coated 1 side","","","","","","","","","","","","","","","","","",""
"","","","","","","OSB003","OSB sheathing / 7/16"" / LP / TopNotch® 350 / 7/16""","","","","","","","","","","","","","","","","","",""
"","","","","","","OSB004","OSB sheathing / 1/2"" / LP / WeatherLogic® Air & Water Barrier / 1/2""","","","","","","","","","","","","","","","","","",""
"","","","","","","OSB005","OSB sheathing / 7/16"" / LP / WeatherLogic® Air & Water Barrier / 7/16""","","","","","","","","","","","","","","","","","",""
"","","","","","","OSB000","OSB sheathing / 1/2"" / Huber  / AdvanTech / 1/2"" Sheathing","","","","","","","","","","","","","","","","","",""
"","","","","","","2fg4um","OSB sheathing & barrier / Huber ZIP System / Roof and Wall Sheathing / 5/8""","","","","","","","","","","","","","","","","","",""
"","","","","","","g83od3","OSB sheathing & barrier / Huber ZIP System / Roof and Wall Sheathing / 1/2""","","","","","","","","","","","","","","","","","",""
"","","","","","","7vi3jf","OSB sheathing & barrier / Huber ZIP System / Roof and Wall Sheathing / 7/16""","","","","","","","","","","","","","","","","","",""
"","","","","","","2gy8rd","Insulated OSB sheathing & barrier / Huber ZIP System / R-12 / 7/16"" OSB; 2"" foam (polyisocyanurate)","","","","","","","","","","","","","","","","","",""
"","","","","","","t5ydsd","Insulated OSB sheathing & barrier / Huber ZIP System / R-9 / 7/16"" OSB; 1.5"" foam (polyisocyanurate)","","","","","","","","","","","","","","","","","",""
"","","","","","","3lkfm3","Insulated OSB sheathing & barrier / Huber ZIP System / R-6 / 7/16"" OSB; 1"" foam (polyisocyanurate)","","","","","","","","","","","","","","","","","",""
"","","","","","","dsa30i","Insulated OSB sheathing & barrier / Huber ZIP System / R-3 / 7/16"" OSB; 1/2"" foam (polyisocyanurate)","","","","","","","","","","","","","","","","","",""
"","","","","","","OSB006","OSB subflooring / Huber  / AdvanTech / 19/32"" Subflooring","","","","","","","","","","","","","","","","","",""
"","","","","","","OSB007","OSB subflooring / LP / LP Legacy® Premium / 5/8""","","","","","","","","","","","","","","","","","",""
"","","","","","","61a79e","Plywood / 3/4"" / AWC & CWC [Industry Avg | US & CA]","","","","","","","","","","","","","","","","","",""
"","","","","","","d88aad","Plywood / 5/8"" / AWC & CWC [Industry Avg | US & CA]","","","","","","","","","","","","","","","","","",""
"","","","","","","c41283","Plywood / 1/2"" / AWC & CWC [Industry Avg | US & CA]","","","","","","","","","","","","","","","","","",""
"","","","","","","PLY000","Plywood / 1/2"" / British Columbia Average","","","","","","","","","","","","","","","","","",""
"","","","","","","PLY001","Plywood / 3/4"" / British Columbia Average","","","","","","","","","","","","","","","","","",""
"","","","","","","PLY002","Plywood / 5/8"" / British Columbia Average","","","","","","","","","","","","","","","","","",""
"","","","","","","PLY004","Plywood / 1/2"" / Roseburg softwood plywood / ","","","","","","","","","","","","","","","","","",""
"","","","","","","PLY005","Plywood / 3/4"" / Roseburg softwood plywood","","","","","","","","","","","","","","","","","",""
"","","","","","","VIN000","Polypropylene siding / Vinyl Siding Institute  / 0.085"" Single 7"" wood shake appearance [Industry Avg | US & CA]","","","","","","","","","","","","","","","","","",""
"","","","","","","a3d86b","PVC Roofing Membrane / single-ply, polyester, reinforced / 48 mils (1.219 mm) / CIFA [Industry Avg | US & CA]","","","","","","","","","","","","","","","","","",""
"","","","","","","c09ed4","Rammed earth / Stabilized with 3% NHL / no rebar [EU]","","","","","","","","","","","","","","","","","",""
"","","","","","","5fe983","Rammed earth / Stabilized with 5% cement / no rebar [EU]","","","","","","","","","","","","","","","","","",""
"","","","","","","bd05f4","Rammed earth / Stabilized with 8% cement / no rebar [EU]","","","","","","","","","","","","","","","","","",""
"","","","","","","9d6057","Reflective roof coating / Selena Group / COOL-R / SRI 107 / Poland","","","","","","","","","","","","","","","","","",""
"","","","","","","e06534","Rubber flooring / ECOsurfaces / 6mm","","","","","","","","","","","","","","","","","",""
"","","","","","","891444","Rubber flooring / Resilient Floor Covering Institute / Includes tiles and rolls / 2mm [Industry Avg | US & CA]","","","","","","","","","","","","","","","","","",""
"","","","","","","237e64","SBS Modified Bitumen Roofing / ARMA / Includes: CertainTeed, Firestone, GAF, Henry, IKO, Johns Mansville, Malarkey, Siplast, Soprema / [Industry Avg | US & CA]","","","","","","","","","","","","","","","","","",""
"","","","","","","SIP007","SIP roof panels / Nexii Roof Panels / 16"" panel / R56","","","","","","","","","","","","","","","","","",""
"","","","","","","SIP005","SIP wall panel / Nexii Cladding Panels / 10"" panel / R34","","","","","","","","","","","","","","","","","",""
"","","","","","","SIP006","SIP wall panel / Nexii Load-bearing Panels / 10"" panel / R34","","","","","","","","","","","","","","","","","",""
"","","","","","","SIP000","SIP panels - EPS foam & OSB / SIPA / R-15 4.5"" panel [Industry Avg | N America]","","","","","","","","","","","","","","","","","",""
"","","","","","","SIP001","SIP panels - EPS foam & OSB / SIPA / R-23 6.5"" panel [Industry Avg | N America]","","","","","","","","","","","","","","","","","",""
"","","","","","","SIP002","SIP panels - EPS foam & OSB / SIPA / R-30 8.25"" panel [Industry Avg | N America]","","","","","","","","","","","","","","","","","",""
"","","","","","","SIP003","SIP panels - EPS foam & OSB / SIPA / R-38 10.25"" panel [Industry Avg | N America] ","","","","","","","","","","","","","","","","","",""
"","","","","","","SIP004","SIP panels - EPS foam & OSB / SIPA / R-45 12.25"" panel [Industry Avg | N America] ","","","","","","","","","","","","","","","","","",""
"","","","","","","g93fwm","Straw Insulated Panels with wood framing (SIP) / EcoCocon / Prefabricated panel, 40 cm / R35 [EU]","","","","","","","","","","","","","","","","","",""
"","","","","","","INT009","Straw board sheathing / VestaEco Straw Boards 280 / 30 mm [EU]","","","","","","","","","","","","","","","","","",""
"","","","","","","WAL000","Straw board partition wall / Ekopanely / Ekopanel E60-1200 / 60 mm  [EU]","","","","","","","","","","","","","","","","","",""
"","","","","","","WAL001","Straw board partition wall / Durra Panel / Durra Wall Panels / 50 mm [AUS]","","","","","","","","","","","","","","","","","",""
"","","","","","","4s1lp2","Structural Precast Concrete / 10'' Hollow core slab / CPCI - PCI / North American Average","","","","","","","","","","","","","","","","","",""
"","","","","","","TPO000","TPO Roofing Membrane / Carlisle / Sure-Weld / 60 mils","","","","","","","","","","","","","","","","","",""
"","","","","","","TPO001","TPO roofing membrane / Single Ply Roofing Industry / 45 mils / [Industry Avg | US ]","","","","","","","","","","","","","","","","","",""
"","","","","","","TPO002","TPO roofing membrane / Single Ply Roofing Industry / 60 mils / [Industry Avg | US ]","","","","","","","","","","","","","","","","","",""
"","","","","","","8ad79d","TREATED WOOD FOUNDATION - 2x8 framing @ 16"" OC, 3/4"" plywood sheathing","","","","","","","","","","","","","","","","","",""
"","","","","","","e533ed","TREATED WOOD DECKING, 1-1/4"" X 3-1/2"" with 1/4"" Spacing","","","","","","","","","","","","","","","","","",""
"","","","","","","f2932d","Vinyl flooring / Resilient Floor Covering Institute / Vinyl Composition Tile [Industry Avg | US & CA]","","","","","","","","","","","","","","","","","",""
"","","","","","","VIN001","Vinyl Siding / Vinyl Siding Institute / 0.040"" Double 4.5"" [Industry Avg | US & CA]","","","","","","","","","","","","","","","","","",""
"","","","","","","VIN002","Insulated Vinyl Siding / Vinyl Siding Institute / 0.040"" Double 4.5"" [Industry Avg | US & CA] / R-0.5","","","","","","","","","","","","","","","","","",""
"","","","","","","WIR000","Welded wire reinforcement / Insteel Industries / 4"" x 4"" x 6/6g [US & CA]","","","","","","","","","","","","","","","","","",""
"","","","","","","WIR001","Welded wire reinforcement / Insteel Industries / 6"" x 6"" x 6/6g [US & CA]","","","","","","","","","","","","","","","","","",""
"","","","","","","a4f3bf","Window - double-glazed / Fiberglass frame / BfCA Study [US & CA]","","","","","","","","","","","","","","","","","",""
"","","","","","","1c4002","Window - double-glazed / Vinyl frame / BfCA Study [US & CA]","","","","","","","","","","","","","","","","","",""
"","","","","","","5644c4","Window - double-glazed / Wood frame / BfCA Study [US & CA]","","","","","","","","","","","","","","","","","",""
"","","","","","","6f579d","Window - double-glazed / Wood frame, aluminum cladding / BfCA Study [US & CA]","","","","","","","","","","","","","","","","","",""
"","","","","","","s76tf2","Window - double-glazed / Inline Fiberglass / Series 300, 325, 325, 400 / Fiberglass frame / CAN","","","","","","","","","","","","","","","","","",""
"","","","","","","www111","Window - double-glazed / Andersen / E-Series / Wood frame, aluminum cladding / USA","","","","","","","","","","","","","","","","","",""
"","","","","","","www112","Window, double-glazed, aluminum frame / Wausau / INvent fixed windows / US","","","","","","","","","","","","","","","","","",""
"","","","","","","www113","Window, double-glazed, aluminum frame / Wausau / INvent casement windows / US","","","","","","","","","","","","","","","","","",""
"","","","","","","www114","Window, double-glazed, PVC-U frame, tilt & turn / [Industry Avg | EU]","","","","","","","","","","","","","","","","","",""
"","","","","","","www115","Window, double-glazed, aluminum frame / Kawneer / OptiQ AA5450, TR-9100, 8400TL, AA6400|6500|6600 / Hung & sliding","","","","","","","","","","","","","","","","","",""
"","","","","","","www116","Window, double-glazed, aluminum frame / Kawneer / Optiq AA4325, 8225TL|TLF, 526, AA 6400|6500, NX-300|3000 / Projected & casement","","","","","","","","","","","","","","","","","",""
"","","","","","","www117","Window, double-glazed, aluminum frame / AluQuebec / Avg of fixed, casement, slider, hung, tilt & turn, awning","","","","","","","","","","","","","","","","","",""
"","","","","","","www118","Window, double-glazed, aluminum frame / Arcadia / CV200, T200 / Projected & casement","","","","","","","","","","","","","","","","","",""
"","","","","","","www119","Window, double-glazed, aluminum frame / EFCO / Xtherm, 5FXT, FX45, 6615, 6621, 6715, FX32, OG32, OG45 / Fixed","","","","","","","","","","","","","","","","","",""
"","","","","","","www120","Window, double-glazed, aluminum frame / EFCO / Xtherm, 875V, 2700, 2701, 450G, 590X, 6725, PG32, PX32, WV410, WV430 / Projected & casement","","","","","","","","","","","","","","","","","",""
"","","","","","","www121","Window, triple-glazed, PVC-U frame, tilt & turn / [Industry Avg | EU]","","","","","","","","","","","","","","","","","",""
"","","","","","","bc7038","Window - triple pane / Fiberglass frame / BfCA Study [US & CA]","","","","","","","","","","","","","","","","","",""
"","","","","","","595ddd","Window - triple pane / Vinyl frame / BfCA Study [US & CA]","","","","","","","","","","","","","","","","","",""
"","","","","","","32a4e7","Window - triple pane / Wood frame / BfCA Study [US & CA]","","","","","","","","","","","","","","","","","",""
"","","","","","","952dee","Window - triple pane / Wood frame, aluminum cladding / BfCA Study [US & CA]","","","","","","","","","","","","","","","","","",""
"","","","","","","6877c8","Wood chip cement ICF / Nexcem, Faswall / 12"" R22 block","","","","","","","","","","","","","","","","","",""
"","","","","","","cac908","Wood chip cement ICF / Nexcem, Faswall / 14"" R28 block","","","","","","","","","","","","","","","","","",""
"","","","","","","c8fcb5","WOOD CHIP CEMENT ICF 12"" R-21 with CORK BOARD INSERTS (3 in. @ R4/in.), 15M REBAR","","","","","","","","","","","","","","","","","",""
"","","","","","","5712f2","WOOD CHIP CEMENT ICF 12"" R-22 with MINERAL WOOL INSERTS, (3 in. @ R4.2/in.), 15M REBAR","","","","","","","","","","","","","","","","","",""
"","","","","","","ecd60d","WOOD CHIP CEMENT ICF 14"" R-27 with CORK BOARD INSERTS (5 in. @ R4/in.), 15M REBAR","","","","","","","","","","","","","","","","","",""
"","","","","","","707a65","WOOD CHIP CEMENT ICF 14"" R-28 with MINERAL WOOL INSERTS (5 in. @ R4.2/in.), 15M REBAR","","","","","","","","","","","","","","","","","",""
"","","","","","","6d2eca","Straw bale infill with wood framing (SIP) / R-46 / 14"" / double 2x4 @ 30"" o/c","","","","","","","","","","","","","","","","","",""
"","","","","","","pd92mn","Wood / Redwood / 3/4"" boards / AWC & CWC [Industry Avg | US & CA]","","","","","","","","","","","","","","","","","",""
"","","","","","","SPF000","Wood / SPF / 2x4 Lumber / Surfaced Dry Softwood Lumber Produced in British Columbia","","","","","","","","","","","","","","","","","",""
"","","","","","","SPF001","Wood / SPF / 2x6 Lumber / Surfaced Dry Softwood Lumber Produced in British Columbia","","","","","","","","","","","","","","","","","",""
"","","","","","","SPF002","Wood / SPF / 2x8 Lumber / Surfaced Dry Softwood Lumber Produced in British Columbia","","","","","","","","","","","","","","","","","",""
"","","","","","","12dc8t","Wood / SPF / 2x3 Lumber / AWC & CWC [Industry Avg | US & CA]","","","","","","","","","","","","","","","","","",""
"","","","","","","2m3nf4","Wood / SPF / 2x4 Lumber / AWC & CWC [Industry Avg | US & CA]","","","","","","","","","","","","","","","","","",""
"","","","","","","c309dk","Wood / SPF / 2x6 Lumber / AWC & CWC [Industry Avg | US & CA]","","","","","","","","","","","","","","","","","",""
"","","","","","","4lv9wd","Wood / SPF / 2x8 Lumber / AWC & CWC [Industry Avg | US & CA]","","","","","","","","","","","","","","","","","",""
"","","","","","","8vkef3","Wood / SPF / 2x10 Lumber / AWC & CWC [Industry Avg | US & CA]","","","","","","","","","","","","","","","","","",""
"","","","","","","o3kwx9","Wood / SPF / 2x12 Lumber / AWC & CWC [Industry Avg | US & CA]","","","","","","","","","","","","","","","","","",""
"","","","","","","t2c9ss","Wood / SPF / 1/4"" boards / AWC & CWC [Industry Avg | US & CA]","","","","","","","","","","","","","","","","","",""
"","","","","","","4ld02f","Wood / SPF / 3/8"" boards / AWC & CWC [Industry Avg | US & CA]","","","","","","","","","","","","","","","","","",""
"","","","","","","l2kgs9","Wood / SPF / 1/2"" boards / AWC & CWC [Industry Avg | US & CA]","","","","","","","","","","","","","","","","","",""
"","","","","","","p2v3x5","Wood / SPF / 5/8"" boards / AWC & CWC [Industry Avg | US & CA]","","","","","","","","","","","","","","","","","",""
"","","","","","","4scwf3","Wood / SPF / 3/4"" boards / AWC & CWC [Industry Avg | US & CA]","","","","","","","","","","","","","","","","","",""
"","","","","","","x3fk2s","Wood / SPF / 7/8"" boards / AWC & CWC [Industry Avg | US & CA]","","","","","","","","","","","","","","","","","",""
"","","","","","","WRT000","Wood tube studs / Wood Tube // 1.5 x 2.5"" / Recycled paper, stud only [EU]","","","","","","","","","","","","","","","","","",""
"","","","","","","INT008","Wood wool boards / Armstrong / Tectum ceiling & wall boards / 2"" ","","","","","","","","","","","","","","","","","",""
"","","","","","","WWC000","Wood cladding / BurntWood / ReUse with linseed oil treatment / 18 mm [EU]","","","","","","","","","","","","","","","","","",""
"","","","","","","WWC001","Wood cladding / BurntWood / ReUse without surface treatment / 18 mm [EU]","","","","","","","","","","","","","","","","","",""